# Cropped by tools/meshy/crop_obj.py
v -0.25193 0.22599 -0.09625
v -0.24504 0.2096 -0.10004
v -0.24479 0.2265 -0.08295
v -0.24668 0.26043 -0.0964
v -0.2447 0.21164 -0.10625
v -0.24451 0.23343 -0.11272
v -0.2487 0.22977 -0.10692
v -0.24467 0.23725 -0.10209
v -0.2447 0.21164 -0.10625
v -0.24663 0.21248 -0.06654
v -0.24504 0.2096 -0.10004
v -0.2447 0.21164 -0.10625
v -0.24521 0.24944 -0.13013
v -0.24281 0.26479 -0.10424
v -0.23918 0.25318 -0.12536
v -0.24337 0.22992 -0.13939
v -0.23914 0.22466 -0.1369
v -0.24318 0.21124 -0.13625
v -0.24372 0.21056 -0.06315
v -0.24085 0.19371 -0.07875
v -0.23922 0.2032 -0.06969
v -0.24372 0.21056 -0.06315
v -0.23922 0.2032 -0.06969
v -0.23907 0.22919 -0.06192
v -0.23167 0.22968 -0.11403
v -0.23275 0.24072 -0.09544
v -0.23165 0.23908 -0.10505
v -0.22691 -0.26928 0.33659
v -0.20539 -0.26724 -0.29111
v -0.22155 -0.28222 -0.29216
v -0.22054 -0.27186 -0.29726
v -0.22155 -0.28222 -0.29216
v -0.20539 -0.26724 -0.29111
v -0.21696 -0.08442 -0.04369
v -0.21176 0.00283 -0.04741
v -0.21204 -0.0229 -0.06737
v -0.20539 -0.26724 -0.29111
v -0.22691 -0.26928 0.33659
v -0.20546 -0.26654 0.34005
v -0.2152 0.00305 -0.05184
v -0.21531 -0.06215 -0.08224
v -0.21204 -0.0229 -0.06737
v -0.21546 -0.11794 0.04185
v -0.2115 -0.08907 0.06165
v -0.21204 -0.10437 0.05169
v -0.21696 -0.08442 -0.04369
v -0.21207 -0.10205 -0.05713
v -0.21393 -0.13025 -0.03733
v -0.21181 0.00889 0.03798
v -0.21148 -0.00642 0.054
v -0.2152 0.00417 0.05321
v -0.21515 -0.02967 0.0712
v -0.21197 -0.0367 0.06947
v -0.21203 -0.0725 0.0694
v -0.21531 -0.06215 -0.08224
v -0.21191 -0.01668 -0.08075
v -0.21149 -0.0962 -0.08775
v -0.21531 -0.06215 -0.08224
v -0.21198 -0.04045 -0.07303
v -0.21204 -0.0229 -0.06737
v -0.21542 0.02188 0.01218
v -0.21181 0.0147 -0.02801
v -0.21182 0.01668 0.02235
v -0.21078 0.12329 0.03013
v -0.21025 0.12587 -0.02164
v -0.21072 0.11933 -0.05914
v -0.20795 0.00688 -0.17669
v -0.20752 0.02873 -0.16565
v -0.20816 0.05346 -0.14901
v -0.20795 0.00688 -0.17669
v -0.21074 -0.03991 -0.18926
v -0.20826 -0.01688 -0.1845
v -0.20971 0.04474 0.0567
v -0.20974 -0.01019 0.08141
v -0.2088 -0.02812 0.11648
v -0.20858 -0.23728 0.02782
v -0.20643 -0.23503 -0.00608
v -0.20691 -0.22933 -0.0459
v -0.2106 -0.02029 0.17915
v -0.21022 0.03183 0.15894
v -0.20665 0.01276 0.16507
v -0.2152 0.00417 0.05321
v -0.20974 -0.01019 0.08141
v -0.21074 0.03004 0.02532
v -0.20974 -0.01019 0.08141
v -0.20971 0.04474 0.0567
v -0.21074 0.03004 0.02532
v -0.21066 0.02026 -0.08277
v -0.20916 0.03803 -0.07747
v -0.20776 0.02495 -0.08151
v -0.20968 -0.11309 -0.16782
v -0.20812 -0.10513 -0.16195
v -0.20969 -0.1157 -0.15545
v -0.20979 -0.14954 0.0973
v -0.2078 -0.14525 0.09405
v -0.20772 -0.17268 0.10426
v -0.2104 -0.11543 -0.1804
v -0.20576 -0.15416 -0.15814
v -0.20579 -0.12349 -0.17578
v -0.20818 0.10455 -0.07342
v -0.20829 0.07901 -0.11986
v -0.20643 0.091 -0.09868
v -0.21025 0.12587 -0.02164
v -0.21078 0.12329 0.03013
v -0.20567 0.1265 0.02542
v -0.21056 -0.18298 0.13427
v -0.20595 -0.15119 0.15312
v -0.20814 -0.1711 0.14342
v -0.2078 -0.14525 0.09405
v -0.20979 -0.14954 0.0973
v -0.20779 -0.15879 0.10443
v -0.20717 -0.09864 0.17717
v -0.20774 -0.13232 0.12852
v -0.20967 -0.1252 0.1404
v -0.20643 -0.23503 -0.00608
v -0.20858 -0.23728 0.02782
v -0.20578 -0.23236 0.03717
v -0.20881 0.10818 0.00294
v -0.20908 0.09841 0.03835
v -0.2085 0.11629 0.01041
v -0.2106 -0.02029 0.17915
v -0.20665 0.01276 0.16507
v -0.20565 -0.0489 0.17967
v -0.20858 -0.23728 0.02782
v -0.20681 -0.21951 0.0751
v -0.20578 -0.23236 0.03717
v -0.21056 -0.18298 0.13427
v -0.20814 -0.1711 0.14342
v -0.20879 -0.19581 0.1197
v -0.20826 -0.01688 -0.1845
v -0.20676 -0.06336 -0.1861
v -0.20795 0.00688 -0.17669
v -0.21059 -0.1004 0.18775
v -0.20581 -0.11869 0.18483
v -0.21071 -0.00805 0.18504
v -0.21022 0.03183 0.15894
v -0.20641 0.04195 0.14721
v -0.20665 0.01276 0.16507
v -0.20112 0.32384 -0.28292
v -0.20115 0.3238 0.03267
v -0.17062 0.32508 -0.12989
v -0.20468 0.3098 -0.28845
v -0.16935 0.29811 -0.2918
v -0.20539 -0.26724 -0.29111
v -0.20456 -0.11768 0.33737
v -0.17807 -0.11785 0.33877
v -0.17017 -0.11504 0.31503
v -0.17583 0.2094 0.0665
v -0.16823 0.18863 0.06912
v -0.16976 0.1949 0.07238
v -0.17017 -0.11504 0.31503
v -0.17807 -0.11785 0.33877
v -0.1679 -0.11637 0.28821
v -0.16668 0.24908 0.05955
v -0.16976 0.1949 0.07238
v -0.13978 0.2134 0.06656
v -0.16086 0.34421 -0.23098
v -0.15973 0.3478 -0.2171
v -0.14851 0.34238 -0.22204
v -0.16221 0.34339 -0.14405
v -0.15642 0.34224 -0.15655
v -0.15889 0.34804 -0.16132
v -0.14559 0.36147 -0.16623
v -0.14633 0.37817 -0.17674
v -0.14525 0.40331 -0.1709
v -0.14366 -0.02789 0.24911
v -0.1466 -0.0489 0.24889
v -0.14702 -0.03429 0.25308
v -0.14525 0.40331 -0.1709
v -0.14633 0.37817 -0.17674
v -0.13985 0.39477 -0.17672
v -0.14136 0.12559 0.17234
v -0.14035 0.13789 0.16531
v -0.13559 0.14245 0.15263
v -0.14559 0.36147 -0.16623
v -0.14059 0.36053 -0.17252
v -0.14633 0.37817 -0.17674
v -0.14633 0.37817 -0.17674
v -0.14059 0.36053 -0.17252
v -0.13985 0.39477 -0.17672
v -0.13985 0.39477 -0.17672
v -0.14059 0.36053 -0.17252
v -0.13844 0.38034 -0.17012
v -0.14035 0.13789 0.16531
v -0.14136 0.12559 0.17234
v -0.13825 0.12875 0.17497
v -0.13862 0.2919 0.03857
v -0.13999 0.29201 0.0467
v -0.1356 0.28972 0.03587
v -0.14757 0.39108 -0.21809
v -0.13003 0.39231 -0.2185
v -0.14416 0.38477 -0.20965
v -0.14525 0.40331 -0.1709
v -0.13985 0.39477 -0.17672
v -0.12764 0.40233 -0.1724
v -0.13559 0.14245 0.15263
v -0.14035 0.13789 0.16531
v -0.13467 0.14346 0.15821
v -0.13985 0.39477 -0.17672
v -0.13844 0.38034 -0.17012
v -0.12764 0.40233 -0.1724
v -0.14284 -0.01322 0.24802
v -0.13364 -0.01364 0.25128
v -0.1339 -0.00996 0.24691
v -0.14284 -0.01322 0.24802
v -0.12441 -0.01712 0.25249
v -0.13364 -0.01364 0.25128
v -0.1339 -0.00996 0.24691
v -0.13364 -0.01364 0.25128
v -0.13514 0.02601 0.23913
v -0.13514 0.02601 0.23913
v -0.13263 0.04135 0.23728
v -0.13746 0.04059 0.23315
v -0.14279 0.36617 -0.20921
v -0.13641 0.37083 -0.21737
v -0.1133 0.34627 -0.21014
v -0.13514 0.02601 0.23913
v -0.13364 -0.01364 0.25128
v -0.13263 0.04135 0.23728
v -0.13003 0.39231 -0.2185
v -0.13186 0.37572 -0.21366
v -0.13641 0.37083 -0.21737
v -0.13003 0.39231 -0.2185
v -0.13423 0.40341 -0.21939
v -0.12609 0.39983 -0.21522
v -0.12946 0.40895 -0.1772
v -0.12609 0.39983 -0.21522
v -0.13423 0.40341 -0.21939
v -0.12609 0.39983 -0.21522
v -0.12946 0.40895 -0.1772
v -0.12764 0.40233 -0.1724
v -0.13186 0.37572 -0.21366
v -0.1226 0.36967 -0.21289
v -0.13641 0.37083 -0.21737
v -0.12306 0.09033 0.20922
v -0.12177 0.09514 0.20059
v -0.1165 0.11056 0.18626
v -0.1407 -0.04797 0.25266
v -0.1466 -0.0489 0.24889
v -0.12981 -0.02656 0.2548
v -0.12441 -0.01712 0.25249
v -0.11625 -0.0125 0.25246
v -0.12099 -0.01209 0.24659
v -0.12033 0.05917 0.22416
v -0.12331 0.02364 0.24313
v -0.10239 0.05035 0.22979
v -0.12441 -0.01712 0.25249
v -0.10227 -0.01284 0.25027
v -0.11625 -0.0125 0.25246
v -0.13467 0.14346 0.15821
v -0.1083 0.14494 0.14897
v -0.13559 0.14245 0.15263
v -0.12064 0.12259 0.17902
v -0.11725 0.12618 0.18077
v -0.10375 0.13004 0.1729
v -0.11707 0.15473 0.13724
v -0.1083 0.14494 0.14897
v -0.11231 0.15635 0.14552
v -0.1165 0.11056 0.18626
v -0.10521 0.11104 0.1864
v -0.10286 0.1141 0.18847
v -0.10993 -0.02477 0.25451
v -0.12981 -0.02656 0.2548
v -0.1466 -0.0489 0.24889
v -0.11625 -0.0125 0.25246
v -0.10227 -0.01284 0.25027
v -0.12099 -0.01209 0.24659
v -0.15642 0.34224 -0.15655
v -0.06412 0.34916 -0.16683
v -0.09791 0.34921 -0.16901
v -0.11231 0.15635 0.14552
v -0.1083 0.14494 0.14897
v -0.09108 0.14534 0.1508
v -0.10521 0.11104 0.1864
v -0.10091 0.0715 0.22141
v -0.10286 0.1141 0.18847
v -0.09588 0.38811 -0.21335
v -0.09272 0.38831 -0.17304
v -0.09662 0.39251 -0.17222
v -0.20115 0.3238 0.03267
v -0.1624 0.30802 0.04477
v 0.28962 0.32456 0.03175
v -0.08682 0.39957 -0.21423
v -0.08019 0.39577 -0.21596
v -0.09588 0.38811 -0.21335
v -0.09588 0.38811 -0.21335
v -0.08019 0.39577 -0.21596
v -0.08476 0.39018 -0.21342
v -0.09662 0.39251 -0.17222
v -0.08742 0.39576 -0.17224
v -0.08071 0.39527 -0.17181
v -0.09274 0.40096 -0.17267
v -0.08373 0.40264 -0.17363
v -0.08682 0.39957 -0.21423
v -0.08476 0.39018 -0.21342
v -0.08019 0.39577 -0.21596
v -0.07839 0.38581 -0.21619
v -0.08462 0.16583 0.14116
v -0.07859 0.16505 0.13396
v -0.07876 0.16293 0.12339
v -0.08476 0.39018 -0.21342
v -0.07839 0.38581 -0.21619
v -0.08071 0.39527 -0.17181
v -0.06469 0.36666 -0.17079
v -0.09791 0.34921 -0.16901
v -0.06412 0.34916 -0.16683
v -0.11195 0.18407 0.06445
v -0.12111 0.18137 0.06684
v 0.01268 0.18398 0.06574
v -0.07967 -0.00098 0.25038
v -0.04549 -0.00255 0.24879
v -0.07272 -0.0089 0.2506
v -0.07843 0.12852 0.24412
v -0.0711 0.13601 0.23651
v -0.07362 0.12744 0.23536
v -0.07967 -0.00098 0.25038
v -0.07281 0.01184 0.24657
v -0.06917 0.02036 0.2433
v -0.07843 0.12852 0.24412
v -0.07215 0.13201 0.24647
v -0.0711 0.13601 0.23651
v -0.07859 0.16505 0.13396
v -0.07245 0.15505 0.13405
v -0.07876 0.16293 0.12339
v -0.07722 0.08429 0.27678
v -0.07514 0.08905 0.26413
v -0.07358 0.08259 0.27025
v -0.07514 0.08905 0.26413
v -0.07664 0.06509 0.22473
v -0.07358 0.08259 0.27025
v -0.08019 0.39577 -0.21596
v -0.06926 0.38734 -0.21439
v -0.07839 0.38581 -0.21619
v -0.07763 0.10439 0.19629
v -0.07368 0.11903 0.24085
v -0.07362 0.12744 0.23536
v -0.07324 0.39053 -0.16912
v -0.06832 0.39126 -0.1722
v -0.08071 0.39527 -0.17181
v -0.07551 0.03406 0.24287
v -0.06917 0.02036 0.2433
v -0.07445 0.04514 0.29226
v -0.07718 0.02266 0.30378
v -0.06737 0.02864 0.3019
v -0.06424 0.03003 0.29891
v -0.07401 0.09839 0.27243
v -0.06843 0.10275 0.26401
v -0.07366 0.09788 0.26448
v -0.07664 0.06509 0.22473
v -0.07112 0.05952 0.22787
v -0.07358 0.08259 0.27025
v -0.07362 0.12744 0.23536
v -0.0711 0.13601 0.23651
v -0.06619 0.13208 0.23303
v -0.06469 0.36666 -0.17079
v -0.06412 0.34916 -0.16683
v -0.0626 0.35695 -0.16507
v -0.07159 0.06187 0.28735
v -0.07349 0.06152 0.29398
v -0.06293 0.06582 0.28592
v -0.07401 0.09839 0.27243
v -0.05283 0.10444 0.26348
v -0.06843 0.10275 0.26401
v -0.06843 0.10275 0.26401
v -0.05283 0.10444 0.26348
v -0.07366 0.09788 0.26448
v -0.06619 0.15531 0.13422
v -0.05579 0.16898 0.12805
v -0.05711 0.16405 0.12048
v -0.07718 0.02266 0.30378
v -0.06424 0.03003 0.29891
v -0.05344 0.02446 0.29359
v -0.16782 -0.10817 0.25087
v 0.25753 -0.11436 0.27277
v 0.25645 -0.10809 0.25095
v -0.0673 0.08248 0.21309
v -0.07366 0.09788 0.26448
v -0.05163 0.09654 0.26034
v -0.0667 0.00473 0.30973
v -0.04627 0.00692 0.30536
v -0.05632 0.00733 0.31099
v -0.07366 0.09788 0.26448
v -0.05283 0.10444 0.26348
v -0.05163 0.09654 0.26034
v -0.0673 0.08248 0.21309
v -0.05163 0.09654 0.26034
v -0.04359 0.07916 0.21563
v -0.0626 0.35695 -0.16507
v -0.0501 0.36043 -0.17081
v -0.06469 0.36666 -0.17079
v -0.06424 0.03003 0.29891
v -0.04758 0.02635 0.29734
v -0.05344 0.02446 0.29359
v -0.0535 0.36202 -0.20685
v -0.05407 0.37813 -0.21093
v -0.04951 0.36802 -0.21162
v -0.06412 0.34916 -0.16683
v -0.0501 0.36043 -0.17081
v -0.0626 0.35695 -0.16507
v -0.05456 0.1325 0.23326
v -0.04605 0.12775 0.23368
v -0.05176 0.11577 0.18613
v -0.04627 0.00692 0.30536
v -0.04184 0.01311 0.30659
v -0.05632 0.00733 0.31099
v -0.05306 0.11496 0.25845
v -0.04345 0.11598 0.24953
v -0.04422 0.11975 0.25505
v -0.05344 0.02446 0.29359
v -0.04758 0.02635 0.29734
v -0.04466 0.01847 0.29618
v -0.05399 0.37114 -0.16865
v -0.02559 0.36532 -0.16864
v -0.03607 0.37356 -0.17062
v -0.05176 0.11577 0.18613
v -0.04605 0.12775 0.23368
v -0.04326 0.12086 0.24135
v -0.0477 0.05757 0.2836
v -0.03982 0.04583 0.29501
v -0.03953 0.03428 0.239
v -0.05163 0.09654 0.26034
v -0.04238 0.08898 0.26514
v -0.04359 0.07916 0.21563
v -0.04326 0.12086 0.24135
v -0.04345 0.11598 0.24953
v -0.04761 0.1159 0.24264
v -0.04622 0.02299 0.24459
v -0.03953 0.03428 0.239
v -0.03982 0.04583 0.29501
v -0.05176 0.11577 0.18613
v -0.04326 0.12086 0.24135
v -0.03983 0.10606 0.19588
v -0.04466 0.01847 0.29618
v -0.04758 0.02635 0.29734
v -0.04184 0.01311 0.30659
v -0.04942 0.38653 -0.21573
v -0.01678 0.39907 -0.20893
v -0.03416 0.39134 -0.21112
v -0.04542 0.13607 0.23698
v -0.03908 0.12932 0.24465
v -0.04605 0.12775 0.23368
v -0.04326 0.12086 0.24135
v -0.04605 0.12775 0.23368
v -0.04345 0.11598 0.24953
v -0.04758 0.02635 0.29734
v -0.04362 0.02275 0.30385
v -0.04184 0.01311 0.30659
v -0.03607 0.37356 -0.17062
v -0.02623 0.37611 -0.1674
v -0.05399 0.37114 -0.16865
v -0.04359 0.07916 0.21563
v -0.04238 0.08898 0.26514
v -0.04023 0.06711 0.22476
v -0.04855 0.0789 0.26786
v -0.04061 0.09206 0.27529
v -0.04737 0.08066 0.28209
v -0.04422 0.11975 0.25505
v -0.04345 0.11598 0.24953
v -0.03908 0.12932 0.24465
v -0.05407 0.37813 -0.21093
v -0.04942 0.38653 -0.21573
v -0.03005 0.38122 -0.21139
v -0.04513 0.10089 0.26649
v -0.04061 0.09206 0.27529
v -0.04238 0.08898 0.26514
v -0.04605 0.12775 0.23368
v -0.03908 0.12932 0.24465
v -0.04345 0.11598 0.24953
v -0.03982 0.04583 0.29501
v -0.04005 0.05767 0.29348
v -0.04092 0.04755 0.30068
v -0.04023 0.06711 0.22476
v -0.05007 0.05958 0.22947
v -0.04359 0.07916 0.21563
v -0.17062 0.32508 -0.12989
v -0.20115 0.3238 0.03267
v 0.28962 0.32456 0.03175
v -0.04048 0.14964 0.15287
v -0.03482 0.14318 0.1514
v -0.02614 0.15594 0.14929
v -0.03037 0.41292 -0.218
v -0.02264 0.42431 -0.17403
v -0.02177 0.41804 -0.21815
v -0.0501 0.36043 -0.17081
v -0.06412 0.34916 -0.16683
v -0.02559 0.36532 -0.16864
v -0.02559 0.36532 -0.16864
v -0.02623 0.37611 -0.1674
v -0.03607 0.37356 -0.17062
v -0.02559 0.36532 -0.16864
v -0.06412 0.34916 -0.16683
v -0.01238 0.36772 -0.17098
v -0.03037 0.41292 -0.218
v -0.01789 0.40865 -0.21943
v -0.06926 0.38734 -0.21439
v -0.13999 0.29201 0.0467
v -0.1356 0.28972 0.03587
v 0.23105 0.29353 0.04669
v -0.04951 0.36802 -0.21162
v -0.02202 0.37082 -0.2118
v -0.03811 0.36767 -0.20776
v -0.06412 0.34916 -0.16683
v -0.15642 0.34224 -0.15655
v 0.25426 0.34378 -0.15513
v -0.03482 0.14318 0.1514
v -0.01832 0.15122 0.14138
v -0.02614 0.15594 0.14929
v -0.03018 0.3886 -0.17274
v -0.02623 0.37611 -0.1674
v -0.02388 0.39752 -0.17085
v -0.06444 0.3778 -0.16953
v -0.03018 0.3886 -0.17274
v -0.02388 0.39752 -0.17085
v -0.06926 0.38734 -0.21439
v -0.01789 0.40865 -0.21943
v -0.01678 0.39907 -0.20893
v -0.06444 0.3778 -0.16953
v -0.02388 0.39752 -0.17085
v -0.0097 0.40988 -0.17639
v -0.06444 0.3778 -0.16953
v -0.0097 0.40988 -0.17639
v -0.00022 0.43089 -0.17285
v -0.02629 0.43569 -0.2215
v -0.00222 0.44454 -0.22338
v -0.01635 0.43816 -0.22028
v -0.02388 0.39752 -0.17085
v -0.01501 0.39961 -0.17639
v -0.0097 0.40988 -0.17639
v -0.13978 0.2134 0.06656
v 0.23147 0.21322 0.06686
v -0.13849 0.21243 0.05357
v -0.02081 0.43584 -0.17413
v -0.01486 0.43029 -0.17403
v -0.01278 0.43584 -0.18847
v -0.01501 0.39961 -0.17639
v -0.01584 0.38346 -0.17144
v -0.0139 0.39283 -0.1696
v -0.03953 0.03428 0.239
v 0.00233 0.02371 0.24323
v -0.00297 0.03395 0.24047
v -0.01075 0.43558 -0.20191
v -0.00757 0.42621 -0.21976
v -0.01635 0.43816 -0.22028
v -0.01635 0.43816 -0.22028
v -0.00742 0.44036 -0.19551
v -0.01075 0.43558 -0.20191
v -0.16976 0.1949 0.07238
v 0.01268 0.18398 0.06574
v 0.25609 0.19187 0.0736
v -0.03482 0.14318 0.1514
v -0.08784 0.13969 0.15879
v -0.00539 0.14928 0.14362
v -0.01278 0.43584 -0.18847
v -0.01075 0.43558 -0.20191
v -0.00742 0.44036 -0.19551
v -0.01102 0.39202 -0.21764
v -0.00386 0.35992 -0.21772
v -0.01238 0.37287 -0.21466
v -0.18851 -0.28178 -0.31924
v -0.03086 -0.27018 -0.31178
v 0.26261 -0.28486 -0.3011
v -0.00742 0.44036 -0.19551
v -0.01635 0.43816 -0.22028
v -0.00277 0.44034 -0.22289
v -0.01395 0.36638 -0.20742
v 0.00456 0.3483 -0.20844
v -0.00331 0.34713 -0.20564
v -0.00486 0.16299 0.13976
v -0.00919 0.15698 0.13183
v -0.00539 0.14928 0.14362
v -0.01238 0.36772 -0.17098
v -0.06412 0.34916 -0.16683
v -0.00456 0.37122 -0.16347
v -0.00463 0.43796 -0.20426
v -0.00626 0.43143 -0.17351
v -0.00283 0.44586 -0.17406
v -0.00471 0.00944 0.30241
v 0.00024 0.00092 0.30945
v 0.00085 0.0208 0.30233
v -0.00471 0.00944 0.30241
v -0.00018 0.01245 0.29583
v 0.00056 0.00128 0.29762
v -0.0097 0.40988 -0.17639
v -0.00114 0.40752 -0.16878
v 0.00072 0.41409 -0.17589
v -0.00471 0.00944 0.30241
v 0.00056 0.00128 0.29762
v 0.00024 0.00092 0.30945
v -0.00471 0.00944 0.30241
v 0.00085 0.0208 0.30233
v -0.00018 0.01245 0.29583
v -0.00409 0.40347 -0.21778
v -0.00094 0.40911 -0.21174
v 0.01127 0.37962 -0.2175
v -0.00166 0.12818 0.24893
v -0.00291 0.12142 0.24925
v 0.00231 0.11737 0.25361
v 0.007 0.08165 0.21443
v 0.00525 0.06542 0.22683
v 0.00312 0.07454 0.22124
v -0.00018 0.01245 0.29583
v 0.00289 0.00296 0.2495
v -0.00275 -0.00879 0.25073
v -0.00094 0.40911 -0.21174
v 0.00758 0.39036 -0.20985
v 0.01127 0.37962 -0.2175
v -0.12111 0.18137 0.06684
v -0.0679 0.17316 0.09574
v 0.01268 0.18398 0.06574
v 0.00713 0.44604 -0.20999
v 0.00814 0.43429 -0.21938
v -0.00222 0.44454 -0.22338
v 0.00056 0.00128 0.29762
v 0.0012 -0.01823 0.25158
v 0.01118 -0.00494 0.29921
v -0.00539 0.14928 0.14362
v 0.00894 0.1461 0.15107
v 0.00448 0.15305 0.15138
v 0.00024 0.00092 0.30945
v 0.00056 0.00128 0.29762
v 0.01661 -0.00604 0.31063
v -0.1466 -0.0489 0.24889
v 0.14332 -0.02199 0.25205
v 0.0012 -0.01823 0.25158
v 0.00056 0.00128 0.29762
v 0.00765 -0.0067 0.30779
v 0.01661 -0.00604 0.31063
v -0.00447 0.16215 0.12419
v 0.00281 0.16883 0.12464
v 0.0089 0.16548 0.11621
v -0.00018 0.01245 0.29583
v 0.00085 0.0208 0.30233
v 0.02122 0.01932 0.29548
v -0.00114 0.40752 -0.16878
v 0.01328 0.38953 -0.17459
v 0.00072 0.41409 -0.17589
v 0.00056 0.00128 0.29762
v 0.01118 -0.00494 0.29921
v 0.00765 -0.0067 0.30779
v 0.00056 0.06159 0.28908
v 0.01933 0.06585 0.28521
v 0.00547 0.05901 0.28411
v -0.00018 0.01245 0.29583
v 0.02122 0.01932 0.29548
v 0.00289 0.00296 0.2495
v -0.00114 0.40752 -0.16878
v 0.03733 0.3802 -0.16892
v 0.01328 0.38953 -0.17459
v 0.02191 0.13864 0.23874
v 0.01557 0.13806 0.2332
v 0.00413 0.13749 0.23669
v 0.00214 0.12936 0.23376
v 0.00413 0.13749 0.23669
v 0.02418 0.13135 0.23192
v 0.00413 0.13749 0.23669
v 0.01557 0.13806 0.2332
v 0.02418 0.13135 0.23192
v 0.00814 0.43429 -0.21938
v 0.00713 0.44604 -0.20999
v 0.01242 0.4482 -0.22193
v 0.00289 0.00296 0.2495
v 0.02122 0.01932 0.29548
v 0.01541 0.0066 0.2485
v 0.00085 0.0208 0.30233
v 0.01275 0.02478 0.30177
v 0.02866 0.02107 0.29874
v 0.01933 0.06585 0.28521
v 0.02228 0.06003 0.28392
v 0.00547 0.05901 0.28411
v 0.00444 0.08261 0.27881
v 0.01905 0.077 0.28097
v 0.0182 0.08021 0.28372
v 0.00998 0.45142 -0.17766
v 0.02043 0.43572 -0.1727
v 0.01517 0.45512 -0.17918
v 0.00085 0.0208 0.30233
v 0.02866 0.02107 0.29874
v 0.02122 0.01932 0.29548
v 0.01688 0.4537 -0.22088
v 0.02142 0.46966 -0.22357
v 0.01664 0.43488 -0.22164
v -0.00386 0.35992 -0.21772
v 0.02368 0.36195 -0.21023
v 0.03823 0.35798 -0.21922
v 0.28962 0.32456 0.03175
v -0.1624 0.30802 0.04477
v 0.25634 0.30525 0.04579
v 0.01541 0.0066 0.2485
v 0.02984 0.00035 0.2485
v 0.00289 0.00296 0.2495
v -0.00456 0.37122 -0.16347
v -0.06412 0.34916 -0.16683
v 0.03134 0.36845 -0.17037
v 0.01242 0.1047 0.26219
v 0.01074 0.10438 0.26691
v 0.02509 0.10627 0.26309
v 0.01505 0.07889 0.26979
v 0.03398 0.08105 0.27601
v 0.01905 0.077 0.28097
v -0.00456 0.37122 -0.16347
v 0.03134 0.36845 -0.17037
v 0.01447 0.36785 -0.1689
v 0.01275 0.02478 0.30177
v 0.02281 0.00919 0.30699
v 0.0343 0.01315 0.30578
v 0.03148 0.06355 0.22909
v 0.0334 0.08364 0.26854
v 0.03398 0.08105 0.27601
v 0.02122 0.01932 0.29548
v 0.02866 0.02107 0.29874
v 0.02943 0.01239 0.29616
v 0.02866 0.02107 0.29874
v 0.01275 0.02478 0.30177
v 0.0343 0.01315 0.30578
v 0.02418 0.13135 0.23192
v 0.03659 0.12579 0.24275
v 0.03046 0.12497 0.23678
v 0.02446 -0.00254 0.29702
v 0.0012 -0.01823 0.25158
v 0.02943 0.01239 0.29616
v 0.03278 0.10073 0.20003
v 0.03046 0.12497 0.23678
v 0.02114 0.11449 0.24655
v 0.02943 0.01239 0.29616
v 0.03458 0.00788 0.30116
v 0.02446 -0.00254 0.29702
v 0.0012 -0.01823 0.25158
v 0.02984 0.00035 0.2485
v 0.02943 0.01239 0.29616
v 0.0322 0.09668 0.2605
v 0.03739 0.07597 0.2189
v 0.02522 0.0829 0.21438
v 0.02446 -0.00254 0.29702
v 0.03458 0.00788 0.30116
v 0.02771 -0.00352 0.30716
v 0.02376 0.114 0.25736
v 0.03249 0.11786 0.25216
v 0.03122 0.12013 0.2549
v 0.02696 0.02343 0.24303
v 0.02984 0.00035 0.2485
v 0.0012 -0.01823 0.25158
v 0.02368 0.36195 -0.21023
v 0.03821 0.37059 -0.21209
v 0.03823 0.35798 -0.21922
v -0.13978 0.2134 0.06656
v -0.16976 0.1949 0.07238
v 0.23147 0.21322 0.06686
v -0.10375 0.13004 0.1729
v -0.05176 0.11577 0.18613
v 0.19007 0.1283 0.17472
v 0.03122 0.15723 0.1495
v 0.00894 0.1461 0.15107
v 0.04378 0.15311 0.13776
v 0.03148 0.06355 0.22909
v 0.03653 0.06952 0.22518
v 0.0334 0.08364 0.26854
v 0.02771 -0.00352 0.30716
v 0.03458 0.00788 0.30116
v 0.0343 0.01315 0.30578
v 0.02936 0.08184 0.28208
v 0.03398 0.08105 0.27601
v 0.0395 0.08886 0.27553
v 0.03665 0.10062 0.26994
v 0.0395 0.08886 0.27553
v 0.03985 0.09626 0.26867
v 0.03819 0.16467 0.13088
v 0.04378 0.15311 0.13776
v 0.03389 0.16346 0.12009
v -0.13999 0.29201 0.0467
v 0.23105 0.29353 0.04669
v 0.25634 0.30525 0.04579
v -0.13849 0.21243 0.05357
v 0.23112 0.21192 0.05718
v -0.1356 0.28972 0.03587
v 0.03823 0.35798 -0.21922
v 0.03821 0.37059 -0.21209
v 0.0466 0.39398 -0.21733
v 0.0381 0.47689 -0.22192
v 0.04603 0.48501 -0.22069
v 0.04177 0.47592 -0.22547
v 0.04947 0.42723 -0.17458
v -0.06412 0.34916 -0.16683
v 0.08924 0.35868 -0.16111
v 0.03653 0.06952 0.22518
v 0.06962 0.06191 0.22824
v 0.03739 0.07597 0.2189
v 0.08924 0.35868 -0.16111
v 0.05924 0.37134 -0.16907
v 0.04947 0.42723 -0.17458
v 0.06962 0.06191 0.22824
v 0.06402 0.07281 0.22091
v 0.03739 0.07597 0.2189
v 0.05924 0.37134 -0.16907
v 0.06279 0.37713 -0.16683
v 0.04947 0.42723 -0.17458
v 0.1006 0.36341 -0.21777
v -0.16086 0.34421 -0.23098
v 0.05402 0.34863 -0.21501
v -0.16976 0.1949 0.07238
v 0.25609 0.19187 0.0736
v 0.23147 0.21322 0.06686
v 0.05834 0.00811 0.30189
v 0.06128 0.00047 0.30785
v 0.06499 0.01904 0.30539
v 0.0601 0.05872 0.2934
v 0.0596 0.04653 0.29555
v 0.06083 0.04779 0.30004
v 0.05834 0.00811 0.30189
v 0.06499 0.01904 0.30539
v 0.06247 0.00689 0.29594
v 0.05738 0.47055 -0.22046
v 0.05929 0.47203 -0.19687
v 0.06591 0.46704 -0.22369
v 0.06499 0.01904 0.30539
v 0.06782 0.02294 0.29817
v 0.06247 0.00689 0.29594
v 0.06493 0.11855 0.24055
v 0.06213 0.12059 0.25014
v 0.05953 0.12671 0.24727
v 0.05808 0.37101 -0.21165
v 0.06512 0.38133 -0.21612
v 0.06593 0.36476 -0.20954
v 0.06147 0.4082 -0.21769
v 0.06991 0.38355 -0.21001
v 0.06512 0.38133 -0.21612
v 0.06247 0.00689 0.29594
v 0.06544 0.00288 0.24929
v 0.0012 -0.01823 0.25158
v 0.05738 0.47055 -0.22046
v 0.06591 0.46704 -0.22369
v 0.06727 0.43547 -0.22329
v 0.05953 0.12671 0.24727
v 0.07425 0.13822 0.23943
v 0.06749 0.1359 0.23495
v 0.04378 0.15311 0.13776
v 0.18506 0.13986 0.16235
v 0.06757 0.14729 0.14924
v 0.0012 -0.01823 0.25158
v 0.06967 -0.00356 0.29738
v 0.06247 0.00689 0.29594
v 0.04378 0.15311 0.13776
v 0.05994 0.16155 0.12375
v 0.1327 0.16496 0.11744
v 0.06493 0.11855 0.24055
v 0.06914 0.12976 0.23295
v 0.06206 0.10904 0.1936
v 0.06512 0.38133 -0.21612
v 0.07093 0.37135 -0.21613
v 0.06593 0.36476 -0.20954
v -0.16221 0.34339 -0.14405
v 0.25426 0.34378 -0.15513
v -0.15642 0.34224 -0.15655
v 0.06054 0.39928 -0.17035
v 0.06912 0.42604 -0.17835
v 0.06692 0.43077 -0.17375
v 0.06206 0.10904 0.1936
v 0.07088 0.09642 0.206
v 0.06493 0.11855 0.24055
v 0.06147 0.09322 0.26947
v 0.0662 0.08463 0.28006
v 0.06518 0.10054 0.26768
v 0.06247 0.00689 0.29594
v 0.06973 0.01742 0.29451
v 0.06544 0.00288 0.24929
v 0.06402 0.07281 0.22091
v 0.06962 0.06191 0.22824
v 0.06683 0.08436 0.2685
v 0.06683 0.08436 0.2685
v 0.07197 0.09801 0.26114
v 0.06402 0.07281 0.22091
v -0.06412 0.34916 -0.16683
v 0.07419 0.34999 -0.16287
v 0.08924 0.35868 -0.16111
v 0.05994 0.16155 0.12375
v 0.07583 0.16594 0.11634
v 0.1327 0.16496 0.11744
v 0.0662 0.08463 0.28006
v 0.06708 0.0808 0.279
v 0.07444 0.07865 0.28232
v 0.06593 0.36476 -0.20954
v 0.087 0.36559 -0.21167
v 0.1006 0.36341 -0.21777
v 0.06499 0.01904 0.30539
v 0.08811 0.02259 0.30352
v 0.06782 0.02294 0.29817
v 0.07425 0.13822 0.23943
v 0.08004 0.1393 0.2351
v 0.06749 0.1359 0.23495
v 0.2648 0.29791 -0.29168
v -0.14876 0.31086 -0.29198
v 0.24266 0.31062 -0.29232
v 0.03278 0.10073 0.20003
v 0.08743 0.08301 0.21383
v 0.08687 0.09193 0.20649
v 0.0648 0.05732 0.28554
v 0.0866 0.05824 0.28236
v 0.06343 0.03991 0.23771
v 0.06402 0.07281 0.22091
v 0.07197 0.09801 0.26114
v 0.08743 0.08301 0.21383
v 0.06518 0.10054 0.26768
v 0.08373 0.10477 0.26053
v 0.07197 0.09801 0.26114
v 0.06973 0.01742 0.29451
v 0.08079 0.01796 0.29216
v 0.06544 0.00288 0.24929
v 0.06343 0.03991 0.23771
v 0.0866 0.05824 0.28236
v 0.07186 0.04687 0.23334
v 0.07784 0.11537 0.25838
v 0.07088 0.09642 0.206
v 0.08566 0.11444 0.24648
v -0.16086 0.34421 -0.23098
v 0.1006 0.36341 -0.21777
v 0.08285 0.34476 -0.21714
v 0.06991 0.38355 -0.21001
v 0.09082 0.3815 -0.21828
v 0.06512 0.38133 -0.21612
v 0.07171 0.15379 0.15245
v 0.06757 0.14729 0.14924
v 0.08496 0.15871 0.15126
v 0.06757 0.14729 0.14924
v 0.08879 0.15263 0.15229
v 0.08496 0.15871 0.15126
v 0.06782 0.02294 0.29817
v 0.08734 0.02425 0.29882
v 0.08079 0.01796 0.29216
v 0.06512 0.38133 -0.21612
v 0.09082 0.3815 -0.21828
v 0.07093 0.37135 -0.21613
v 0.07139 0.04194 0.30448
v 0.08108 0.03707 0.3002
v 0.08857 0.04213 0.30366
v 0.06782 0.02294 0.29817
v 0.08811 0.02259 0.30352
v 0.08734 0.02425 0.29882
v -0.16086 0.34421 -0.23098
v 0.25348 0.34433 -0.23026
v -0.17254 0.32501 -0.24469
v 0.08759 0.07713 0.27952
v 0.08163 0.05957 0.22958
v 0.08822 0.07847 0.27012
v 0.06692 0.43077 -0.17375
v 0.06912 0.42604 -0.17835
v 0.08617 0.44158 -0.1786
v 0.08092 0.43597 -0.2196
v 0.08312 0.44704 -0.22178
v 0.08863 0.44391 -0.21418
v 0.07589 0.02066 0.24518
v 0.09077 0.0239 0.24308
v 0.09317 0.04172 0.29756
v 0.08373 0.10477 0.26053
v 0.09141 0.09685 0.25997
v 0.07197 0.09801 0.26114
v 0.07197 0.09801 0.26114
v 0.09141 0.09685 0.25997
v 0.08743 0.08301 0.21383
v 0.07637 0.38329 -0.16648
v 0.07989 0.37625 -0.16508
v 0.08472 0.39143 -0.17426
v 0.09082 0.3815 -0.21828
v 0.06991 0.38355 -0.21001
v 0.08629 0.39 -0.20966
v 0.08079 0.01796 0.29216
v 0.08734 0.02425 0.29882
v 0.09079 0.01481 0.29545
v 0.06757 0.14729 0.14924
v 0.09673 0.14785 0.14731
v 0.08879 0.15263 0.15229
v 0.07425 0.13822 0.23943
v 0.09509 0.13567 0.24128
v 0.08004 0.1393 0.2351
v 0.08312 0.45357 -0.1784
v 0.08617 0.44158 -0.1786
v 0.08792 0.44768 -0.18294
v 0.07864 0.45526 -0.1782
v 0.08312 0.45357 -0.1784
v 0.07902 0.45861 -0.20236
v 0.06878 0.04001 0.29241
v 0.09317 0.04172 0.29756
v 0.08108 0.03707 0.3002
v 0.08312 0.45357 -0.1784
v 0.08792 0.44768 -0.18294
v 0.07902 0.45861 -0.20236
v 0.07902 0.45861 -0.20236
v 0.08792 0.44768 -0.18294
v 0.08863 0.44391 -0.21418
v 0.07444 0.07865 0.28232
v 0.08759 0.07713 0.27952
v 0.09568 0.08459 0.28011
v 0.14332 -0.02199 0.25205
v 0.09251 0.00383 0.29543
v 0.07969 -0.00472 0.30056
v 0.08186 -0.00682 0.30978
v 0.09662 0.00263 0.30462
v 0.09719 0.01053 0.30639
v 0.07186 0.04687 0.23334
v 0.0866 0.05824 0.28236
v 0.09446 0.03792 0.23946
v 0.08903 0.11586 0.25688
v 0.10034 0.12353 0.24795
v 0.07425 0.13822 0.23943
v 0.07425 0.13822 0.23943
v 0.10034 0.12353 0.24795
v 0.09509 0.13567 0.24128
v 0.14332 -0.02199 0.25205
v 0.09284 -0.00105 0.24924
v 0.09251 0.00383 0.29543
v 0.08617 0.42789 -0.21354
v 0.08092 0.43597 -0.2196
v 0.09836 0.4106 -0.21182
v 0.08759 0.07713 0.27952
v 0.10047 0.08684 0.27406
v 0.09568 0.08459 0.28011
v 0.08092 0.43597 -0.2196
v 0.09711 0.44761 -0.22048
v 0.10944 0.44647 -0.22346
v -0.17062 0.32508 -0.12989
v 0.26189 0.32626 -0.13198
v -0.16221 0.34339 -0.14405
v 0.09023 0.12971 0.23156
v 0.09446 0.119 0.24093
v 0.09586 0.1096 0.194
v 0.09082 0.3815 -0.21828
v 0.0964 0.40528 -0.21775
v 0.10898 0.38815 -0.21614
v 0.09281 0.41067 -0.2116
v 0.09836 0.4106 -0.21182
v 0.0964 0.40528 -0.21775
v 0.08687 0.09193 0.20649
v 0.09586 0.1096 0.194
v 0.09446 0.119 0.24093
v -0.06412 0.34916 -0.16683
v 0.10395 0.36209 -0.1709
v 0.08924 0.35868 -0.16111
v 0.09446 0.119 0.24093
v 0.09023 0.12971 0.23156
v 0.10054 0.12692 0.24253
v 0.10221 0.42607 -0.2197
v 0.1023 0.44026 -0.22058
v 0.09831 0.43452 -0.21589
v 0.0973 0.09061 0.26269
v 0.0989 0.06784 0.22348
v 0.09794 0.07658 0.21913
v 0.0973 0.09061 0.26269
v 0.09707 0.1012 0.26481
v 0.10064 0.09522 0.27296
v 0.09673 0.04909 0.29974
v 0.09457 0.0472 0.28988
v 0.09329 0.06325 0.29156
v 0.09831 0.43452 -0.21589
v 0.1023 0.44026 -0.22058
v 0.10105 0.43399 -0.20074
v 0.09509 0.13567 0.24128
v 0.10034 0.12353 0.24795
v 0.10054 0.12692 0.24253
v 0.09568 0.08459 0.28011
v 0.10047 0.08684 0.27406
v 0.10064 0.09522 0.27296
v 0.09831 0.43452 -0.21589
v 0.10105 0.43399 -0.20074
v 0.10221 0.42607 -0.2197
v 0.0973 0.09061 0.26269
v 0.10064 0.09522 0.27296
v 0.10047 0.08684 0.27406
v -0.0679 0.17316 0.09574
v 0.21914 0.18409 0.06473
v 0.01268 0.18398 0.06574
v 0.10042 0.44741 -0.17439
v 0.10109 0.44004 -0.19322
v 0.11406 0.44563 -0.17392
v 0.09586 0.1096 0.194
v 0.08687 0.09193 0.20649
v 0.12138 0.10088 0.20026
v -0.17254 0.32501 -0.24469
v 0.25348 0.34433 -0.23026
v 0.26188 0.32614 -0.24435
v -0.17062 0.32508 -0.12989
v 0.28962 0.32456 0.03175
v 0.26189 0.32626 -0.13198
v 0.09586 0.1096 0.194
v 0.12138 0.10088 0.20026
v 0.12203 0.10842 0.19466
v 0.1023 0.44026 -0.22058
v 0.10944 0.44647 -0.22346
v 0.10804 0.43797 -0.20663
v 0.09856 0.34824 -0.20589
v 0.13884 0.34662 -0.20626
v 0.08285 0.34476 -0.21714
v 0.10944 0.44647 -0.22346
v 0.1166 0.44156 -0.22338
v 0.10804 0.43797 -0.20663
v 0.09836 0.4106 -0.21182
v 0.12356 0.3988 -0.21405
v 0.10976 0.40442 -0.20983
v 0.10109 0.44004 -0.19322
v 0.10824 0.43644 -0.18599
v 0.11406 0.44563 -0.17392
v 0.26261 -0.28486 -0.3011
v -0.03086 -0.27018 -0.31178
v 0.27166 -0.28181 -0.32101
v 0.09781 0.43365 -0.17404
v 0.11406 0.44563 -0.17392
v 0.10824 0.43644 -0.18599
v -0.16086 0.34421 -0.23098
v 0.08285 0.34476 -0.21714
v 0.25348 0.34433 -0.23026
v -0.16782 -0.10817 0.25087
v 0.25645 -0.10809 0.25095
v -0.1466 -0.0489 0.24889
v -0.16935 0.29811 -0.2918
v 0.26499 -0.17988 -0.29156
v -0.20539 -0.26724 -0.29111
v 0.11398 0.15497 0.13551
v 0.11786 0.16297 0.13523
v 0.12431 0.16693 0.12467
v -0.16221 0.34339 -0.14405
v 0.26189 0.32626 -0.13198
v 0.25426 0.34378 -0.15513
v 0.12596 0.02041 0.24365
v 0.14332 -0.02199 0.25205
v 0.12617 0.00424 0.24863
v 0.12012 0.42025 -0.18484
v 0.13471 0.40653 -0.21684
v 0.11373 0.42088 -0.21991
v 0.12121 0.09451 0.27342
v 0.12188 0.08485 0.27672
v 0.13541 0.08102 0.28331
v 0.11398 0.15497 0.13551
v 0.12431 0.16693 0.12467
v 0.1327 0.16496 0.11744
v 0.12171 0.12317 0.25086
v 0.12115 0.13124 0.24115
v 0.12643 0.1295 0.23406
v 0.12081 0.07399 0.22085
v 0.12625 0.06203 0.22873
v 0.12188 0.08485 0.27672
v 0.12188 0.08485 0.27672
v 0.1265 0.08048 0.21769
v 0.12081 0.07399 0.22085
v 0.12217 0.00504 0.2978
v 0.12689 0.0158 0.29447
v 0.12617 0.00424 0.24863
v 0.12596 0.02041 0.24365
v 0.12617 0.00424 0.24863
v 0.14919 0.00574 0.24675
v 0.12625 0.06203 0.22873
v 0.13271 0.07725 0.27938
v 0.12188 0.08485 0.27672
v 0.23147 0.21322 0.06686
v 0.23112 0.21192 0.05718
v -0.13849 0.21243 0.05357
v 0.12178 0.14769 0.14718
v 0.18506 0.13986 0.16235
v 0.13193 0.14523 0.15155
v 0.12643 0.1295 0.23406
v 0.09586 0.1096 0.194
v 0.12203 0.10842 0.19466
v 0.12437 0.09428 0.26276
v 0.12376 0.10084 0.26736
v 0.13541 0.09906 0.26044
v 0.12138 0.10088 0.20026
v 0.12081 0.07399 0.22085
v 0.14412 0.08289 0.21436
v 0.12188 0.08485 0.27672
v 0.13271 0.07725 0.27938
v 0.13541 0.08102 0.28331
v 0.12012 0.42025 -0.18484
v 0.11771 0.4244 -0.17514
v 0.13471 0.40653 -0.21684
v 0.12081 0.07399 0.22085
v 0.1265 0.08048 0.21769
v 0.14412 0.08289 0.21436
v 0.15738 0.34884 -0.16689
v 0.14347 0.35979 -0.17083
v 0.1237 0.36965 -0.168
v 0.13488 0.37075 -0.21175
v 0.12922 0.39271 -0.21182
v 0.13165 0.38537 -0.21341
v 0.12625 0.06203 0.22873
v 0.13727 0.07742 0.26978
v 0.13271 0.07725 0.27938
v 0.12121 0.09451 0.27342
v 0.13622 0.10625 0.26349
v 0.12376 0.10084 0.26736
v 0.12115 0.13124 0.24115
v 0.13609 0.13938 0.23609
v 0.12643 0.1295 0.23406
v 0.12376 0.10084 0.26736
v 0.13622 0.10625 0.26349
v 0.13541 0.09906 0.26044
v -0.14876 0.31086 -0.29198
v 0.29042 0.32194 -0.2841
v 0.24266 0.31062 -0.29232
v 0.13471 0.40653 -0.21684
v 0.15879 0.38716 -0.21573
v 0.11373 0.42088 -0.21991
v 0.13541 0.08102 0.28331
v 0.13271 0.07725 0.27938
v 0.1471 0.07818 0.28139
v -0.06412 0.34916 -0.16683
v 0.25426 0.34378 -0.15513
v 0.15738 0.34884 -0.16689
v 0.11373 0.42088 -0.21991
v 0.15879 0.38716 -0.21573
v 0.18066 0.3587 -0.21419
v 0.12695 0.1169 0.25508
v 0.14963 0.11581 0.25688
v 0.1395 0.11442 0.25814
v 0.12512 0.41503 -0.17084
v 0.16232 0.38856 -0.17096
v 0.11771 0.4244 -0.17514
v 0.13193 0.14523 0.15155
v 0.18506 0.13986 0.16235
v 0.14597 0.14323 0.15147
v 0.09586 0.1096 0.194
v 0.14125 0.11856 0.19415
v 0.15331 0.11192 0.19034
v 0.13727 0.07742 0.26978
v 0.15926 0.08856 0.27186
v 0.15343 0.07897 0.27679
v 0.14038 0.01836 0.29303
v 0.15296 0.00886 0.29619
v 0.14919 0.00574 0.24675
v 0.14229 0.06717 0.28683
v 0.15132 0.06386 0.29186
v 0.15524 0.06173 0.28895
v 0.14388 0.03845 0.29093
v 0.15634 0.04466 0.29904
v 0.14201 0.03796 0.30318
v 0.14388 0.03845 0.29093
v 0.15889 0.04872 0.29555
v 0.15634 0.04466 0.29904
v 0.14942 0.1297 0.23278
v 0.15331 0.11192 0.19034
v 0.14125 0.11856 0.19415
v 0.01268 0.18398 0.06574
v 0.21914 0.18409 0.06473
v 0.25609 0.19187 0.0736
v 0.1471 0.07818 0.28139
v 0.15343 0.07897 0.27679
v 0.15717 0.08591 0.2784
v 0.14201 0.03796 0.30318
v 0.15634 0.04466 0.29904
v 0.15279 0.0457 0.30252
v 0.15282 0.09419 0.26079
v 0.14786 0.10436 0.26176
v 0.15698 0.09895 0.26607
v 0.15331 0.11192 0.19034
v 0.14942 0.1297 0.23278
v 0.15677 0.10576 0.19754
v 0.15738 0.34884 -0.16689
v 0.15854 0.35959 -0.16657
v 0.14347 0.35979 -0.17083
v 0.15879 0.38716 -0.21573
v 0.16232 0.38856 -0.17096
v 0.16297 0.39242 -0.17708
v 0.14844 0.02252 0.3037
v 0.15704 0.01511 0.30261
v 0.14958 0.02293 0.29928
v 0.15677 0.10576 0.19754
v 0.14942 0.1297 0.23278
v 0.15484 0.12409 0.23759
v 0.15132 0.06386 0.29186
v 0.15827 0.0535 0.29694
v 0.15524 0.06173 0.28895
v 0.15343 0.07897 0.27679
v 0.15926 0.08856 0.27186
v 0.15717 0.08591 0.2784
v 0.15282 0.09419 0.26079
v 0.15698 0.09895 0.26607
v 0.15926 0.08856 0.27186
v 0.14347 0.35979 -0.17083
v 0.15854 0.35959 -0.16657
v 0.16076 0.36552 -0.17106
v 0.15616 0.13123 0.24609
v 0.15899 0.12197 0.24859
v 0.1569 0.13198 0.23884
v 0.1592 0.15881 0.14236
v 0.16675 0.15766 0.12908
v 0.15737 0.16542 0.13277
v 0.15854 0.35959 -0.16657
v 0.15738 0.34884 -0.16689
v 0.16076 0.36552 -0.17106
v 0.15715 0.14967 0.14528
v 0.14597 0.14323 0.15147
v 0.16675 0.15766 0.12908
v 0.29042 0.32194 -0.2841
v -0.17254 0.32501 -0.24469
v 0.26188 0.32614 -0.24435
v 0.15879 0.38716 -0.21573
v 0.16297 0.39242 -0.17708
v 0.16741 0.3887 -0.21628
v 0.14597 0.14323 0.15147
v 0.17297 0.14882 0.14459
v 0.16675 0.15766 0.12908
v 0.16232 0.38856 -0.17096
v 0.17323 0.38502 -0.17119
v 0.17636 0.40105 -0.1719
v 0.13884 0.34662 -0.20626
v 0.16027 0.36925 -0.20976
v 0.20923 0.34669 -0.20995
v -0.20539 -0.26724 -0.29111
v 0.26499 -0.17988 -0.29156
v 0.29541 -0.26801 -0.29148
v 0.17323 0.38502 -0.17119
v 0.17628 0.37696 -0.2132
v 0.17601 0.38987 -0.21637
v 0.16741 0.3887 -0.21628
v 0.17628 0.37696 -0.2132
v 0.19297 0.36788 -0.21231
v 0.17826 0.12066 0.24775
v 0.17849 0.13173 0.24027
v 0.1807 0.12354 0.23741
v 0.1807 0.12354 0.23741
v 0.17849 0.13173 0.24027
v 0.18683 0.13042 0.23196
v 0.17903 0.10932 0.19366
v 0.17894 0.10018 0.20148
v 0.1807 0.12354 0.23741
v 0.17968 -0.00255 0.2486
v 0.1545 -0.01091 0.25091
v 0.18201 0.00093 0.29732
v 0.16027 0.36925 -0.20976
v 0.18066 0.3587 -0.21419
v 0.20923 0.34669 -0.20995
v 0.17849 0.13173 0.24027
v 0.19131 0.13884 0.23558
v 0.18683 0.13042 0.23196
v 0.1807 0.12354 0.23741
v 0.17894 0.10018 0.20148
v 0.191 0.11434 0.24633
v 0.17685 0.00774 0.30434
v 0.18894 0.0179 0.29446
v 0.17968 -0.00255 0.2486
v 0.17297 0.14882 0.14459
v 0.19426 0.14312 0.15156
v 0.18578 0.15391 0.15214
v 0.25812 0.17646 0.08486
v 0.25718 0.18038 0.06583
v 0.21914 0.18409 0.06473
v 0.18233 0.06153 0.28924
v 0.19447 0.06025 0.28279
v 0.17872 0.05128 0.2931
v 0.18566 -0.00524 0.30491
v 0.19635 -0.00558 0.31122
v 0.18025 0.00034 0.30812
v 0.17601 0.38987 -0.21637
v 0.19026 0.38887 -0.21447
v 0.18753 0.38545 -0.21054
v 0.18233 0.06153 0.28924
v 0.19923 0.06721 0.28672
v 0.19447 0.06025 0.28279
v -0.03086 -0.27018 -0.31178
v 0.26876 -0.2718 -0.32145
v 0.27166 -0.28181 -0.32101
v 0.191 0.11434 0.24633
v 0.17894 0.10018 0.20148
v 0.18734 0.09417 0.20604
v 0.18697 0.08281 0.28189
v 0.18262 0.0808 0.27717
v 0.19543 0.07715 0.28073
v 0.18201 0.00093 0.29732
v 0.1545 -0.01091 0.25091
v 0.19506 -0.00567 0.2992
v 0.18363 0.10249 0.2657
v 0.20267 0.10621 0.26502
v 0.19614 0.10474 0.26052
v 0.18578 0.15391 0.15214
v 0.19426 0.14312 0.15156
v 0.19688 0.15667 0.15123
v 0.18201 0.00093 0.29732
v 0.19506 -0.00567 0.2992
v 0.18566 -0.00524 0.30491
v 0.19506 -0.00567 0.2992
v 0.20631 -0.00256 0.29939
v 0.18566 -0.00524 0.30491
v 0.18734 0.09417 0.20604
v 0.2062 0.11629 0.24542
v 0.191 0.11434 0.24633
v 0.20601 -0.01849 0.25477
v 0.20631 -0.00256 0.29939
v 0.1545 -0.01091 0.25091
v 0.1545 -0.01091 0.25091
v 0.20631 -0.00256 0.29939
v 0.19506 -0.00567 0.2992
v 0.18734 0.09417 0.20604
v 0.2116 0.09627 0.20346
v 0.2062 0.11629 0.24542
v 0.1839 0.11737 0.25494
v 0.20331 0.11363 0.2546
v 0.20745 0.11639 0.25698
v 0.18697 0.08281 0.28189
v 0.19543 0.07715 0.28073
v 0.21608 0.08873 0.27744
v 0.20372 0.06005 0.22895
v 0.2098 0.04329 0.23485
v 0.21727 0.03647 0.23941
v -0.1356 0.28972 0.03587
v 0.23105 0.28767 0.03807
v 0.23105 0.29353 0.04669
v 0.18479 0.04571 0.30245
v 0.21794 0.05047 0.29973
v 0.19924 0.05787 0.29964
v 0.20547 0.00456 0.24883
v 0.20748 0.01628 0.29571
v 0.21544 -0.00468 0.24843
v 0.2098 0.04329 0.23485
v 0.21126 0.05706 0.28459
v 0.21727 0.03647 0.23941
v 0.20476 0.02434 0.29868
v 0.21216 0.01771 0.30552
v 0.21577 0.01308 0.29928
v 0.19543 0.07715 0.28073
v 0.21225 0.08108 0.27502
v 0.21608 0.08873 0.27744
v 0.21544 -0.00468 0.24843
v 0.20748 0.01628 0.29571
v 0.21152 0.0033 0.29789
v 0.20745 0.11639 0.25698
v 0.2141 0.11771 0.25061
v 0.21804 0.12811 0.24696
v 0.20748 0.01628 0.29571
v 0.21577 0.01308 0.29928
v 0.21152 0.0033 0.29789
v 0.21156 0.08885 0.26439
v 0.21171 0.06548 0.22559
v 0.2112 0.07817 0.2172
v 0.20372 0.06005 0.22895
v 0.21727 0.03647 0.23941
v 0.21171 0.06548 0.22559
v 0.21225 0.08108 0.27502
v 0.21828 0.0909 0.27224
v 0.21608 0.08873 0.27744
v 0.21794 0.05047 0.29973
v 0.21794 0.05728 0.29022
v 0.21013 0.06519 0.28962
v 0.21171 0.06548 0.22559
v 0.21727 0.03647 0.23941
v 0.2112 0.07817 0.2172
v 0.21434 0.00153 0.30816
v 0.21577 0.01308 0.29928
v 0.21216 0.01771 0.30552
v 0.23308 0.38207 -0.17049
v 0.22427 0.37855 -0.17118
v 0.21405 0.3734 -0.17087
v 0.22565 0.37489 -0.21464
v 0.22711 0.37985 -0.21604
v 0.21594 0.3674 -0.21473
v 0.22146 0.40121 -0.17365
v 0.22817 0.40411 -0.17098
v 0.22507 0.4087 -0.17589
v 0.22157 0.40169 -0.21423
v 0.22486 0.40488 -0.21629
v 0.22462 0.39809 -0.21929
v 0.25634 0.30525 0.04579
v 0.26239 0.30487 0.03979
v 0.28962 0.32456 0.03175
v 0.22023 0.35085 -0.16679
v 0.23689 0.35448 -0.16337
v 0.23291 0.35607 -0.17056
v 0.22023 0.35085 -0.16679
v 0.23291 0.35607 -0.17056
v 0.23971 0.37644 -0.17654
v 0.22507 0.4087 -0.17589
v 0.22817 0.40411 -0.17098
v 0.2378 0.40853 -0.17495
v 0.22906 0.0184 0.24503
v 0.23637 -0.0153 0.25207
v 0.23291 -0.00971 0.24696
v 0.22462 0.39809 -0.21929
v 0.22486 0.40488 -0.21629
v 0.24069 0.39947 -0.21954
v 0.22817 0.40411 -0.17098
v 0.23867 0.39287 -0.17636
v 0.25165 0.38661 -0.17114
v 0.23284 0.14312 0.15882
v 0.23821 0.13623 0.16745
v 0.23309 0.14249 0.15255
v 0.23309 0.14249 0.15255
v 0.23821 0.13623 0.16745
v 0.2394 0.13048 0.16913
v 0.23867 0.39287 -0.17636
v 0.24394 0.38883 -0.17024
v 0.25165 0.38661 -0.17114
v 0.23821 0.13623 0.16745
v 0.23321 0.12459 0.17464
v 0.2394 0.13048 0.16913
v 0.21914 0.18409 0.06473
v 0.25718 0.18038 0.06583
v 0.25776 0.18606 0.06383
v 0.25426 0.34378 -0.15513
v 0.26189 0.32626 -0.13198
v 0.25359 0.3456 -0.21895
v 0.26029 0.18259 0.1151
v 0.25815 0.15317 0.13762
v 0.26091 0.16733 0.15469
v 0.25634 0.30525 0.04579
v 0.26461 0.29434 0.04821
v 0.26239 0.30487 0.03979
v 0.26029 0.18259 0.1151
v 0.26091 0.16733 0.15469
v 0.29427 0.17134 0.14562
v 0.26188 0.32614 -0.24435
v 0.26189 0.32626 -0.13198
v 0.29042 0.32194 -0.2841
v 0.26189 0.32626 -0.13198
v 0.28962 0.32456 0.03175
v 0.29042 0.32194 -0.2841
v 0.26499 -0.17988 -0.29156
v 0.29401 0.05738 -0.28873
v 0.29541 -0.26801 -0.29148
v 0.29416 -0.2231 -0.07109
v 0.29591 -0.23329 -0.04989
v 0.29811 -0.22863 -0.07255
v 0.29441 0.21488 -0.07919
v 0.29558 0.20646 -0.09292
v 0.29749 0.2145 -0.0844
v 0.29568 -0.15465 0.16044
v 0.29825 -0.1238 0.17223
v 0.29542 -0.10597 0.17998
v 0.29558 0.00273 0.1744
v 0.29822 0.01625 0.1676
v 0.29569 0.03626 0.15882
v 0.29382 0.14751 0.18483
v 0.29569 0.03626 0.15882
v 0.29427 0.17134 0.14562
v 0.29565 -0.1805 -0.16494
v 0.29786 -0.19693 -0.14635
v 0.29583 -0.22137 -0.11419
v 0.29558 0.00273 0.1744
v 0.29542 -0.10597 0.17998
v 0.29684 -0.03423 0.18261
v 0.29637 0.23348 -0.08479
v 0.29617 0.23902 -0.10671
v 0.29564 0.23117 -0.11562
v 0.29541 0.05227 -0.13977
v 0.29606 0.01848 -0.10231
v 0.2956 -0.05428 -0.13645
v 0.29553 0.0144 -0.19543
v 0.29483 0.08657 -0.14321
v 0.29778 0.05621 -0.16931
v 0.29485 0.21371 -0.116
v 0.29732 0.21026 -0.10946
v 0.29558 0.20646 -0.09292
v 0.29531 -0.19171 0.13309
v 0.29469 -0.23487 0.07111
v 0.2981 -0.20543 0.1135
v 0.29542 -0.10597 0.17998
v 0.2983 -0.06936 0.18335
v 0.29684 -0.03423 0.18261
v 0.29583 -0.22137 -0.11419
v 0.29787 -0.22916 -0.09603
v 0.29551 -0.24031 -0.07302
v 0.29542 -0.10597 0.17998
v 0.29825 -0.1238 0.17223
v 0.2983 -0.06936 0.18335
v 0.29458 -0.21765 0.06932
v 0.29789 -0.2276 0.05565
v 0.29469 -0.23487 0.07111
v 0.29569 0.03626 0.15882
v 0.29786 0.0464 0.15015
v 0.29448 0.09065 0.1122
v 0.29558 0.00273 0.1744
v 0.29684 -0.03423 0.18261
v 0.29822 0.01625 0.1676
v 0.29583 -0.22137 -0.11419
v 0.29786 -0.19693 -0.14635
v 0.29787 -0.22916 -0.09603
v 0.29533 0.12783 0.01243
v 0.29548 0.11392 0.06508
v 0.29822 0.12484 0.01864
v 0.29458 -0.21765 0.06932
v 0.29493 -0.20216 0.09869
v 0.29789 -0.2276 0.05565
v 0.2976 -0.08825 -0.07864
v 0.30177 -0.10241 -0.077
v 0.29785 -0.05871 -0.08678
v 0.29569 0.03626 0.15882
v 0.29822 0.01625 0.1676
v 0.29786 0.0464 0.15015
v 0.29469 -0.23487 0.07111
v 0.29789 -0.2276 0.05565
v 0.2981 -0.20543 0.1135
v 0.29553 0.0144 -0.19543
v 0.29778 0.05621 -0.16931
v 0.2984 0.0261 -0.18086
v 0.29832 -0.02906 -0.1961
v 0.2984 0.0261 -0.18086
v 0.29562 0.00328 -0.18516
v 0.29761 -0.08893 0.05505
v 0.30122 -0.13193 0.01751
v 0.298 -0.11374 0.0356
v 0.29551 -0.24031 -0.07302
v 0.29787 -0.22916 -0.09603
v 0.29811 -0.22863 -0.07255
v 0.29575 -0.15659 -0.18223
v 0.29625 -0.09417 -0.19427
v 0.29825 -0.12024 -0.18735
v 0.29567 -0.12476 0.04482
v 0.29599 -0.14998 -0.02977
v 0.30122 -0.13193 0.01751
v 0.29817 0.01819 -0.0351
v 0.3002 0.03037 -0.01016
v 0.30152 0.02257 0.01372
v 0.29761 -0.08893 0.05505
v 0.30166 -0.08485 0.06329
v 0.30122 -0.13193 0.01751
v 0.29817 0.01819 -0.0351
v 0.30133 0.00341 -0.06471
v 0.3002 0.03037 -0.01016
v 0.29789 -0.02092 -0.07908
v 0.30145 -0.06261 -0.0944
v 0.30133 0.00341 -0.06471
v 0.29352 -0.26848 0.34025
v 0.31325 -0.27204 0.29019
v 0.30952 -0.28209 0.32387
v 0.30707 -0.27479 0.34088
v 0.3008 -0.28126 0.34782
v 0.31325 -0.27204 0.29019
v 0.3008 -0.28126 0.34782
v 0.30952 -0.28209 0.32387
v 0.31325 -0.27204 0.29019
v 0.30952 -0.28209 0.32387
v 0.30132 -0.28401 -0.28388
v 0.30957 -0.27034 -0.21365
v 0.30952 -0.28209 0.32387
v 0.31461 -0.27791 0.28914
v 0.31325 -0.27204 0.29019
v 0.30957 -0.27034 -0.21365
v 0.30132 -0.28401 -0.28388
v 0.31932 -0.27526 -0.26615
v 0.31932 -0.27526 -0.26615
v 0.30132 -0.28401 -0.28388
v 0.31729 -0.28179 -0.27477
v 0.32064 0.23379 -0.08478
v 0.32646 0.22528 -0.0846
v 0.32643 0.2408 -0.09482
v 0.3269 0.20832 -0.09112
v 0.33175 0.19011 -0.09218
v 0.32646 0.22528 -0.0846
v 0.33067 0.21117 -0.13258
v 0.3351 0.23215 -0.13938
v 0.33497 0.20359 -0.13195
v 0.33555 0.24955 -0.13211
v 0.33279 0.24487 -0.13454
v 0.33503 0.26079 -0.1186
v 0.33383 0.22425 -0.05965
v 0.33655 0.23047 -0.06112
v 0.33389 0.24342 -0.06348
v 0.33383 0.22425 -0.05965
v 0.33474 0.20287 -0.06699
v 0.33655 0.23047 -0.06112
v 0.33279 0.24487 -0.13454
v 0.33555 0.24955 -0.13211
v 0.3351 0.23215 -0.13938
v 0.33474 0.20287 -0.06699
v 0.33827 0.21656 -0.06429
v 0.33655 0.23047 -0.06112
v 0.33666 0.21217 -0.10336
v 0.33729 0.21759 -0.08887
v 0.34023 0.20861 -0.10878
v 0.33639 0.23859 -0.10601
v 0.3403 0.23254 -0.11954
v 0.34027 0.24746 -0.10154
v 0.3374 0.21548 -0.1084
v 0.33639 0.23859 -0.10601
v 0.34363 0.22823 -0.1006
v -0.25193 0.22599 -0.09625
v -0.24467 0.23725 -0.10209
v -0.2487 0.22977 -0.10692
v -0.24421 0.23744 -0.09053
v -0.24479 0.2265 -0.08295
v -0.25193 0.22599 -0.09625
v -0.2487 0.22977 -0.10692
v -0.2447 0.21164 -0.10625
v -0.24504 0.2096 -0.10004
v -0.24663 0.21248 -0.06654
v -0.2447 0.21164 -0.10625
v -0.24493 0.19185 -0.11336
v -0.24509 0.18985 -0.09455
v -0.2447 0.21164 -0.10625
v -0.24662 0.2066 -0.12928
v -0.24493 0.19185 -0.11336
v -0.24668 0.26043 -0.0964
v -0.24521 0.24944 -0.13013
v -0.24337 0.22992 -0.13939
v -0.24318 0.21124 -0.13625
v -0.24281 0.26479 -0.10424
v -0.24374 0.26249 -0.0862
v -0.24651 0.24771 -0.07069
v -0.24663 0.21248 -0.06654
v -0.24479 0.2265 -0.08295
v -0.24504 0.2096 -0.10004
v -0.24651 0.24771 -0.07069
v -0.24487 0.22815 -0.06103
v -0.24277 0.24419 -0.06395
v -0.24421 0.23744 -0.09053
v -0.24668 0.26043 -0.0964
v -0.24467 0.23725 -0.10209
v -0.24451 0.23343 -0.11272
v -0.2447 0.21164 -0.10625
v -0.24663 0.21248 -0.06654
v -0.24509 0.18985 -0.09455
v -0.24085 0.19371 -0.07875
v -0.24372 0.21056 -0.06315
v -0.24487 0.22815 -0.06103
v -0.24651 0.24771 -0.07069
v -0.24277 0.24419 -0.06395
v -0.24374 0.26249 -0.0862
v -0.2406 0.25309 -0.07133
v -0.24662 0.2066 -0.12928
v -0.24318 0.21124 -0.13625
v -0.2415 0.1959 -0.12419
v -0.24493 0.19185 -0.11336
v -0.24521 0.24944 -0.13013
v -0.23914 0.22466 -0.1369
v -0.24337 0.22992 -0.13939
v -0.23918 0.25318 -0.12536
v -0.24487 0.22815 -0.06103
v -0.23907 0.22919 -0.06192
v -0.24277 0.24419 -0.06395
v -0.24372 0.21056 -0.06315
v -0.24374 0.26249 -0.0862
v -0.23956 0.26277 -0.09231
v -0.24281 0.26479 -0.10424
v -0.2406 0.25309 -0.07133
v -0.24318 0.21124 -0.13625
v -0.23914 0.22466 -0.1369
v -0.2415 0.1959 -0.12419
v -0.23296 0.21586 -0.11354
v -0.23906 0.19013 -0.10131
v -0.23293 0.20791 -0.09995
v -0.23532 0.20797 -0.08896
v -0.23167 0.22968 -0.11403
v -0.23918 0.25318 -0.12536
v -0.23275 0.24072 -0.09544
v -0.23956 0.26277 -0.09231
v -0.24281 0.26479 -0.10424
v -0.23511 0.23633 -0.08538
v -0.2406 0.25309 -0.07133
v -0.23907 0.22919 -0.06192
v -0.24277 0.24419 -0.06395
v -0.23529 0.22149 -0.07944
v -0.23922 0.2032 -0.06969
v -0.23532 0.20797 -0.08896
v -0.24493 0.19185 -0.11336
v -0.2415 0.1959 -0.12419
v -0.23906 0.19013 -0.10131
v -0.24509 0.18985 -0.09455
v -0.24085 0.19371 -0.07875
v -0.24085 0.19371 -0.07875
v -0.23906 0.19013 -0.10131
v -0.23922 0.2032 -0.06969
v -0.23532 0.20797 -0.08896
v -0.23121 -0.28032 0.30419
v -0.23112 -0.27185 0.33519
v -0.22691 -0.26928 0.33659
v -0.23121 -0.28032 0.30419
v -0.22954 -0.27857 0.34188
v -0.23112 -0.27185 0.33519
v -0.23275 0.24072 -0.09544
v -0.23511 0.23633 -0.08538
v -0.20616 0.24151 -0.09396
v -0.20605 0.23174 -0.08255
v -0.23529 0.22149 -0.07944
v -0.20592 0.21754 -0.0811
v -0.23296 0.21586 -0.11354
v -0.20555 0.20516 -0.10421
v -0.23293 0.20791 -0.09995
v -0.23532 0.20797 -0.08896
v -0.22054 -0.27186 -0.29726
v -0.21099 -0.27977 -0.3105
v -0.22155 -0.28222 -0.29216
v -0.20932 -0.27492 -0.31296
v -0.23532 0.20797 -0.08896
v -0.20592 0.21754 -0.0811
v -0.23529 0.22149 -0.07944
v -0.20555 0.20516 -0.10421
v -0.23167 0.22968 -0.11403
v -0.20588 0.22799 -0.11656
v -0.23296 0.21586 -0.11354
v -0.20555 0.20516 -0.10421
v -0.23275 0.24072 -0.09544
v -0.20616 0.24151 -0.09396
v -0.23165 0.23908 -0.10505
v -0.20578 0.23564 -0.11286
v -0.218 -0.02126 0.02101
v -0.21176 0.00283 -0.04741
v -0.21696 -0.08442 -0.04369
v -0.21738 -0.07329 0.04047
v -0.21557 -0.10551 0.01983
v -0.21393 -0.13025 -0.03733
v -0.21197 -0.0367 0.06947
v -0.21148 -0.00642 0.054
v -0.2115 -0.08907 0.06165
v -0.21203 -0.0725 0.0694
v -0.21204 -0.10437 0.05169
v -0.21189 -0.11618 0.03817
v -0.21178 -0.12601 0.01872
v -0.21179 -0.13987 -0.00742
v -0.21179 -0.13855 0.01946
v -0.21546 -0.11794 0.04185
v -0.20921 -0.15519 -0.00906
v -0.21045 -0.16044 0.04802
v -0.21153 -0.11193 0.06267
v -0.20884 -0.18534 0.0103
v -0.20887 -0.21357 0.07696
v -0.2152 0.00305 -0.05184
v -0.21191 -0.01668 -0.08075
v -0.21531 -0.06215 -0.08224
v -0.21416 0.01839 -0.04078
v -0.21019 0.05176 -0.04331
v -0.21424 0.02872 -0.00345
v -0.21066 0.02026 -0.08277
v -0.20909 -0.02532 -0.1277
v -0.20891 0.0108 -0.09678
v -0.20776 0.02495 -0.08151
v -0.20916 0.03803 -0.07747
v -0.20909 0.0749 -0.05757
v -0.21066 0.04652 -0.00502
v -0.20887 0.05891 -0.01997
v -0.21074 0.03004 0.02532
v -0.21542 0.02188 0.01218
v -0.2152 0.00417 0.05321
v -0.20824 0.06137 0.01641
v -0.20971 0.04474 0.0567
v -0.20967 0.07794 0.03321
v -0.20771 0.07737 -0.02811
v -0.20887 0.10226 -0.03312
v -0.20982 0.08993 -0.01378
v -0.20881 0.10818 0.00294
v -0.2118 -0.07926 -0.069
v -0.21198 -0.04045 -0.07303
v -0.21531 -0.06215 -0.08224
v -0.21204 -0.0229 -0.06737
v -0.21696 -0.08442 -0.04369
v -0.21207 -0.10205 -0.05713
v -0.2152 0.00305 -0.05184
v -0.21181 0.0147 -0.02801
v -0.21416 0.01839 -0.04078
v -0.21424 0.02872 -0.00345
v -0.21542 0.02188 0.01218
v -0.21546 -0.11794 0.04185
v -0.21204 -0.10437 0.05169
v -0.21189 -0.11618 0.03817
v -0.21178 -0.12601 0.01872
v -0.21542 0.02188 0.01218
v -0.21182 0.01668 0.02235
v -0.2152 0.00417 0.05321
v -0.21181 0.00889 0.03798
v -0.2152 0.00417 0.05321
v -0.21148 -0.00642 0.054
v -0.21515 -0.02967 0.0712
v -0.21197 -0.0367 0.06947
v -0.21215 -0.11204 -0.04732
v -0.21207 -0.10205 -0.05713
v -0.2118 -0.07926 -0.069
v -0.21393 -0.13025 -0.03733
v -0.21204 -0.0229 -0.06737
v -0.21176 0.00283 -0.04741
v -0.2152 0.00305 -0.05184
v -0.21181 0.0147 -0.02801
v -0.23167 0.22968 -0.11403
v -0.23165 0.23908 -0.10505
v -0.20588 0.22799 -0.11656
v -0.20578 0.23564 -0.11286
v -0.2152 0.00417 0.05321
v -0.21515 -0.02967 0.0712
v -0.20974 -0.01019 0.08141
v -0.20935 -0.06844 0.12254
v -0.2088 -0.02812 0.11648
v -0.21119 -0.07745 0.0831
v -0.21203 -0.0725 0.0694
v -0.2115 -0.08907 0.06165
v -0.21153 -0.11193 0.06267
v -0.21546 -0.11794 0.04185
v -0.21179 -0.13855 0.01946
v -0.2078 -0.14525 0.09405
v -0.21045 -0.16044 0.04802
v -0.20772 -0.17268 0.10426
v -0.20769 -0.19627 0.08667
v -0.20879 -0.19581 0.1197
v -0.20887 -0.21357 0.07696
v -0.20774 -0.13232 0.12852
v -0.20779 -0.15879 0.10443
v -0.20717 -0.09864 0.17717
v -0.20854 -0.05786 0.17516
v -0.20603 -0.07997 0.17965
v -0.20565 -0.0489 0.17967
v -0.20665 0.01276 0.16507
v -0.20889 0.02417 0.14699
v -0.20641 0.04195 0.14721
v -0.20768 -0.00946 0.14848
v -0.20808 0.0212 0.133
v -0.20956 0.01921 0.10775
v -0.20852 0.02615 0.07864
v -0.21062 -0.05358 -0.1992
v -0.20795 0.00688 -0.17669
v -0.20608 -0.01771 -0.19637
v -0.21074 -0.03991 -0.18926
v -0.21029 -0.07799 -0.18845
v -0.2104 -0.11543 -0.1804
v -0.21056 -0.09183 -0.19617
v -0.21066 -0.13717 -0.1818
v -0.21017 -0.15274 -0.16292
v -0.21085 -0.17822 -0.15471
v -0.20816 0.05346 -0.14901
v -0.21093 0.05897 -0.15647
v -0.2107 0.03574 -0.17382
v -0.20829 0.07901 -0.11986
v -0.21068 0.1001 -0.10619
v -0.20818 0.10455 -0.07342
v -0.21072 0.11933 -0.05914
v -0.2107 0.03574 -0.17382
v -0.20795 0.00688 -0.17669
v -0.20816 0.05346 -0.14901
v -0.21084 0.01058 -0.18581
v -0.20608 -0.01771 -0.19637
v -0.21072 0.11933 -0.05914
v -0.2058 0.09694 -0.11486
v -0.21068 0.1001 -0.10619
v -0.20567 0.08169 -0.13812
v -0.21093 0.05897 -0.15647
v -0.20556 0.05832 -0.16186
v -0.20594 0.0373 -0.17562
v -0.2107 0.03574 -0.17382
v -0.21176 0.00283 -0.04741
v -0.21182 0.01668 0.02235
v -0.21181 0.0147 -0.02801
v -0.218 -0.02126 0.02101
v -0.21148 -0.00642 0.054
v -0.21181 0.00889 0.03798
v -0.21019 -0.2276 0.0884
v -0.20858 -0.23728 0.02782
v -0.21067 -0.24226 0.0476
v -0.21043 -0.24581 -0.02979
v -0.20691 -0.22933 -0.0459
v -0.21037 -0.22135 -0.08006
v -0.21023 -0.2332 -0.07774
v -0.2106 -0.20832 -0.10653
v -0.20989 -0.21738 -0.10854
v -0.21071 -0.19946 -0.13335
v -0.21085 -0.17822 -0.15471
v -0.21071 -0.18464 -0.13782
v -0.20598 -0.16234 -0.15434
v -0.20756 -0.19633 -0.12032
v -0.2106 -0.20832 -0.10653
v -0.2058 -0.20587 -0.10241
v -0.20576 -0.22062 -0.07555
v -0.21037 -0.22135 -0.08006
v -0.20691 -0.22933 -0.0459
v -0.21191 -0.01668 -0.08075
v -0.20909 -0.02532 -0.1277
v -0.21149 -0.0962 -0.08775
v -0.20949 -0.0561 -0.12299
v -0.20995 -0.13559 -0.09364
v -0.20903 -0.17103 -0.03909
v -0.20777 -0.03186 -0.14857
v -0.20971 0.00919 -0.15959
v -0.20977 0.01013 -0.13982
v -0.21393 -0.13025 -0.03733
v -0.21364 -0.09822 -0.07399
v -0.21531 -0.06215 -0.08224
v -0.2118 -0.07926 -0.069
v -0.21215 -0.11204 -0.04732
v -0.20815 -0.00445 -0.16483
v -0.20795 0.00688 -0.17669
v -0.20752 0.02873 -0.16565
v -0.20999 -0.037 -0.17534
v -0.20676 -0.06336 -0.1861
v -0.20989 -0.05787 -0.15867
v -0.20818 -0.06377 -0.16922
v -0.20579 -0.12349 -0.17578
v -0.2061 -0.08656 -0.1858
v -0.20968 -0.11309 -0.16782
v -0.20794 -0.06933 -0.14893
v -0.20897 -0.14156 -0.15243
v -0.20576 -0.15416 -0.15814
v -0.20598 -0.16234 -0.15434
v -0.20877 -0.09062 -0.11388
v -0.20969 -0.1157 -0.15545
v -0.20741 -0.12704 -0.1031
v -0.20954 -0.13751 -0.12567
v -0.20731 -0.16787 -0.13806
v -0.20756 -0.19633 -0.12032
v -0.20968 -0.18761 -0.11877
v -0.2058 -0.20587 -0.10241
v -0.20961 -0.20348 -0.0943
v -0.20576 -0.22062 -0.07555
v -0.20691 -0.22933 -0.0459
v -0.2084 -0.16074 -0.12143
v -0.20781 -0.14723 -0.09778
v -0.20901 -0.17459 -0.11239
v -0.20953 -0.1546 -0.08495
v -0.20874 -0.16547 -0.06536
v -0.20806 -0.19421 -0.04971
v -0.20884 -0.18534 0.0103
v -0.20921 -0.15519 -0.00906
v -0.21179 -0.13987 -0.00742
v -0.20906 -0.19635 -0.02372
v -0.20767 -0.21479 -0.05304
v -0.20938 -0.21978 -0.03121
v -0.20643 -0.23503 -0.00608
v -0.20796 -0.21683 0.01168
v -0.20578 -0.23236 0.03717
v -0.20887 -0.21357 0.07696
v -0.20858 -0.23728 0.02782
v -0.21019 -0.2276 0.0884
v -0.21058 -0.21399 0.09451
v -0.21083 -0.20541 0.12171
v -0.20879 -0.19581 0.1197
v -0.21056 -0.18298 0.13427
v -0.21039 -0.17062 0.15653
v -0.21043 -0.12364 0.18149
v -0.21024 0.09698 0.10532
v -0.21041 0.11435 0.06862
v -0.21042 0.09406 0.09112
v -0.20667 0.10416 0.05338
v -0.21078 0.12329 0.03013
v -0.2085 0.11629 0.01041
v -0.20908 0.09841 0.03835
v -0.20967 0.07794 0.03321
v -0.20881 0.10818 0.00294
v -0.20972 0.06512 0.05489
v -0.20824 0.06137 0.01641
v -0.20971 0.04474 0.0567
v -0.20964 0.08007 0.0958
v -0.20603 0.08684 0.09854
v -0.20717 0.06698 0.12379
v -0.20772 0.07063 0.09612
v -0.20717 0.06698 0.12379
v -0.20733 0.04903 0.07467
v -0.20959 0.05324 0.1003
v -0.20641 0.04195 0.14721
v -0.20852 0.02615 0.07864
v -0.2088 -0.02812 0.11648
v -0.20956 0.01921 0.10775
v -0.20791 0.02962 0.1108
v -0.20808 0.0212 0.133
v -0.20889 0.02417 0.14699
v -0.21072 0.11933 -0.05914
v -0.20818 0.10455 -0.07342
v -0.20777 0.10677 -0.06001
v -0.20801 0.11491 -0.0283
v -0.21078 0.12329 0.03013
v -0.2085 0.11629 0.01041
v -0.20887 0.10226 -0.03312
v -0.20909 0.0749 -0.05757
v -0.20759 0.09418 -0.01231
v -0.20982 0.08993 -0.01378
v -0.21016 0.02357 0.17292
v -0.21022 0.03183 0.15894
v -0.2106 -0.02029 0.17915
v -0.21071 -0.00805 0.18504
v -0.21035 -0.08693 0.18148
v -0.21059 -0.1004 0.18775
v -0.21043 -0.12364 0.18149
v -0.20795 -0.12416 0.17089
v -0.21085 -0.17822 -0.15471
v -0.20598 -0.16234 -0.15434
v -0.21017 -0.15274 -0.16292
v -0.20576 -0.15416 -0.15814
v -0.2104 -0.11543 -0.1804
v -0.21022 0.03183 0.15894
v -0.21016 0.02357 0.17292
v -0.20977 0.05585 0.15316
v -0.21028 0.06014 0.13815
v -0.21024 0.09698 0.10532
v -0.21042 0.09406 0.09112
v -0.20816 0.05346 -0.14901
v -0.20712 0.07127 -0.12791
v -0.20829 0.07901 -0.11986
v -0.20643 0.091 -0.09868
v -0.21099 -0.27977 -0.3105
v -0.19023 -0.28439 -0.30123
v -0.22155 -0.28222 -0.29216
v -0.18851 -0.28178 -0.31924
v -0.21071 -0.19946 -0.13335
v -0.20581 -0.2103 -0.12246
v -0.20989 -0.21738 -0.10854
v -0.20553 -0.17666 -0.16095
v -0.21085 -0.17822 -0.15471
v -0.20602 -0.15038 -0.17739
v -0.21066 -0.13717 -0.1818
v -0.20573 -0.12459 -0.1886
v -0.21056 -0.09183 -0.19617
v -0.20588 -0.09519 -0.19633
v -0.21062 -0.05358 -0.1992
v -0.20577 -0.05081 -0.20008
v -0.20608 -0.01771 -0.19637
v -0.21019 -0.2276 0.0884
v -0.20586 -0.21987 0.10322
v -0.21083 -0.20541 0.12171
v -0.20598 -0.21225 0.11496
v -0.20585 -0.17692 0.1537
v -0.21039 -0.17062 0.15653
v -0.20587 -0.16355 0.16349
v -0.21043 -0.12364 0.18149
v -0.20631 -0.14636 0.17346
v -0.21059 -0.1004 0.18775
v -0.21043 -0.12364 0.18149
v -0.20581 -0.11869 0.18483
v -0.20631 -0.14636 0.17346
v -0.2106 -0.02029 0.17915
v -0.20565 -0.0489 0.17967
v -0.21035 -0.08693 0.18148
v -0.20603 -0.07997 0.17965
v -0.20717 -0.09864 0.17717
v -0.20795 -0.12416 0.17089
v -0.20879 -0.19581 0.1197
v -0.20599 -0.2078 0.09654
v -0.21058 -0.21399 0.09451
v -0.20663 -0.21563 0.08291
v -0.20681 -0.21951 0.0751
v -0.20858 -0.23728 0.02782
v -0.21023 -0.2332 -0.07774
v -0.20989 -0.21738 -0.10854
v -0.20557 -0.23206 -0.08873
v -0.20607 -0.24122 -0.05635
v -0.21043 -0.24581 -0.02979
v -0.21056 -0.18298 0.13427
v -0.21043 -0.12364 0.18149
v -0.20595 -0.15119 0.15312
v -0.20795 -0.12416 0.17089
v -0.20967 -0.1252 0.1404
v -0.20717 -0.09864 0.17717
v -0.20814 -0.1711 0.14342
v -0.20774 -0.13232 0.12852
v -0.20955 -0.15501 0.12219
v -0.20879 -0.19581 0.1197
v -0.20779 -0.15879 0.10443
v -0.20772 -0.17268 0.10426
v -0.20979 -0.14954 0.0973
v -0.21024 0.09698 0.10532
v -0.20977 0.05585 0.15316
v -0.20591 0.07157 0.14181
v -0.20567 0.09519 0.11279
v -0.20577 0.10911 0.08589
v -0.21041 0.11435 0.06862
v -0.20671 0.12037 0.05046
v -0.21078 0.12329 0.03013
v -0.20567 0.1265 0.02542
v -0.20982 0.08993 -0.01378
v -0.20881 0.10818 0.00294
v -0.20759 0.09418 -0.01231
v -0.2085 0.11629 0.01041
v -0.21043 -0.24581 -0.02979
v -0.20607 -0.24122 -0.05635
v -0.21067 -0.24226 0.0476
v -0.21019 -0.2276 0.0884
v -0.20586 -0.21987 0.10322
v -0.21084 0.01058 -0.18581
v -0.2107 0.03574 -0.17382
v -0.20594 0.0373 -0.17562
v -0.2058 0.00356 -0.1907
v -0.20608 -0.01771 -0.19637
v -0.21072 0.11933 -0.05914
v -0.21025 0.12587 -0.02164
v -0.2058 0.09694 -0.11486
v -0.20567 0.1265 0.02542
v -0.21028 0.06014 0.13815
v -0.20641 0.04195 0.14721
v -0.21022 0.03183 0.15894
v -0.20717 0.06698 0.12379
v -0.20603 0.08684 0.09854
v -0.2104 -0.11543 -0.1804
v -0.20579 -0.12349 -0.17578
v -0.2061 -0.08656 -0.1858
v -0.21029 -0.07799 -0.18845
v -0.20676 -0.06336 -0.1861
v -0.21074 -0.03991 -0.18926
v -0.20826 -0.01688 -0.1845
v -0.21042 0.09406 0.09112
v -0.20603 0.08684 0.09854
v -0.21028 0.06014 0.13815
v -0.20667 0.10416 0.05338
v -0.20916 0.03803 -0.07747
v -0.20891 0.0108 -0.09678
v -0.20776 0.02495 -0.08151
v -0.20909 0.05509 -0.09278
v -0.20962 0.05616 -0.07597
v -0.20909 0.0749 -0.05757
v -0.20991 0.07899 -0.06901
v -0.20777 0.10677 -0.06001
v -0.20818 0.10455 -0.07342
v -0.20977 0.0817 -0.10021
v -0.20643 0.091 -0.09868
v -0.20712 0.07127 -0.12791
v -0.20973 0.01382 -0.12272
v -0.20909 -0.02532 -0.1277
v -0.20977 0.01013 -0.13982
v -0.2087 0.06517 -0.11024
v -0.20961 0.0372 -0.15194
v -0.20783 0.05233 -0.12513
v -0.20916 0.03421 -0.13153
v -0.20971 0.00919 -0.15959
v -0.20752 0.02873 -0.16565
v -0.20816 0.05346 -0.14901
v -0.20705 0.05931 -0.13926
v -0.20887 -0.21357 0.07696
v -0.20578 -0.23236 0.03717
v -0.20681 -0.21951 0.0751
v -0.20663 -0.21563 0.08291
v -0.20599 -0.2078 0.09654
v -0.20879 -0.19581 0.1197
v -0.21016 0.02357 0.17292
v -0.20569 0.03096 0.17149
v -0.20607 0.05217 0.15742
v -0.20977 0.05585 0.15316
v -0.20591 0.07157 0.14181
v -0.21016 0.02357 0.17292
v -0.20689 0.00165 0.18251
v -0.20569 0.03096 0.17149
v -0.21071 -0.00805 0.18504
v -0.20677 -0.03918 0.19221
v -0.21071 -0.00805 0.18504
v -0.20581 -0.11869 0.18483
v -0.20677 -0.03918 0.19221
v -0.20471 0.06256 0.26279
v -0.20689 0.00165 0.18251
v -0.20499 -0.04379 0.27169
v -0.20372 0.01981 0.27881
v -0.205 -0.07307 0.26311
v -0.20477 -0.09776 0.27504
v -0.20546 -0.26654 0.34005
v -0.20631 -0.14636 0.17346
v -0.2055 -0.17928 0.15809
v -0.20587 -0.16355 0.16349
v -0.20585 -0.17692 0.1537
v -0.20598 -0.21225 0.11496
v -0.20594 0.0373 -0.17562
v -0.20556 0.05832 -0.16186
v -0.20468 0.3098 -0.28845
v -0.2058 0.00356 -0.1907
v -0.20546 -0.26654 0.34005
v -0.20607 -0.24122 -0.05635
v -0.20539 -0.26724 -0.29111
v -0.20557 -0.23206 -0.08873
v -0.20989 -0.21738 -0.10854
v -0.2058 0.09694 -0.11486
v -0.20567 0.1265 0.02542
v -0.20502 0.19007 0.06887
v -0.20476 0.20304 0.06606
v -0.20555 0.20516 -0.10421
v -0.20567 0.08169 -0.13812
v -0.20556 0.05832 -0.16186
v -0.20468 0.3098 -0.28845
v -0.20608 -0.01771 -0.19637
v -0.2058 0.00356 -0.1907
v -0.20577 -0.05081 -0.20008
v -0.20539 -0.26724 -0.29111
v -0.20588 -0.09519 -0.19633
v -0.20573 -0.12459 -0.1886
v -0.20602 -0.15038 -0.17739
v -0.20553 -0.17666 -0.16095
v -0.20581 -0.2103 -0.12246
v -0.20989 -0.21738 -0.10854
v -0.20497 0.12156 0.2152
v -0.20689 0.00165 0.18251
v -0.20471 0.06256 0.26279
v -0.20569 0.03096 0.17149
v -0.20607 0.05217 0.15742
v -0.20472 0.15736 0.17147
v -0.20591 0.07157 0.14181
v -0.20567 0.09519 0.11279
v -0.20502 0.19007 0.06887
v -0.20464 0.18057 0.1228
v -0.20577 0.10911 0.08589
v -0.20671 0.12037 0.05046
v -0.20567 0.1265 0.02542
v -0.20468 0.3098 -0.28845
v -0.20553 0.2968 -0.24842
v -0.20767 0.31011 -0.25104
v -0.20112 0.32384 -0.28292
v -0.20555 0.20516 -0.10421
v -0.20468 0.3098 -0.28845
v -0.20556 0.05832 -0.16186
v -0.20553 0.2968 -0.24842
v -0.20588 0.22799 -0.11656
v -0.20578 0.23564 -0.11286
v -0.20779 0.30086 0.0113
v -0.20616 0.24151 -0.09396
v -0.20605 0.23174 -0.08255
v -0.20767 0.31011 -0.25104
v -0.20476 0.20304 0.06606
v -0.20592 0.21754 -0.0811
v -0.20555 0.20516 -0.10421
v -0.20115 0.3238 0.03267
v -0.20112 0.32384 -0.28292
v -0.20759 0.31126 0.0093
v -0.20546 -0.26654 0.34005
v -0.20456 -0.11768 0.33737
v -0.20471 -0.11026 0.30037
v -0.20477 -0.09776 0.27504
v -0.20546 -0.26654 0.34005
v -0.20586 -0.21987 0.10322
v -0.20607 -0.24122 -0.05635
v -0.20598 -0.21225 0.11496
v -0.2055 -0.17928 0.15809
v -0.20464 0.18057 0.1228
v -0.16823 0.18863 0.06912
v -0.20502 0.19007 0.06887
v -0.17032 0.179 0.12759
v -0.20472 0.15736 0.17147
v -0.17065 0.15338 0.177
v -0.17044 0.09767 0.23802
v -0.20497 0.12156 0.2152
v -0.20471 0.06256 0.26279
v -0.17089 0.05959 0.26427
v -0.20471 -0.11026 0.30037
v -0.20456 -0.11768 0.33737
v -0.17017 -0.11504 0.31503
v -0.17057 -0.10332 0.2817
v -0.20477 -0.09776 0.27504
v -0.22054 -0.27186 -0.29726
v -0.19156 -0.27199 -0.31932
v -0.20932 -0.27492 -0.31296
v -0.20539 -0.26724 -0.29111
v -0.03086 -0.27018 -0.31178
v -0.21099 -0.27977 -0.3105
v -0.20932 -0.27492 -0.31296
v -0.18851 -0.28178 -0.31924
v -0.19156 -0.27199 -0.31932
v -0.03086 -0.27018 -0.31178
v -0.20546 -0.26654 0.34005
v -0.17807 -0.11785 0.33877
v -0.20456 -0.11768 0.33737
v -0.15331 -0.26585 0.34142
v -0.15707 -0.14128 0.33924
v -0.15297 -0.13628 0.3419
v -0.15331 -0.26585 0.34142
v 0.25435 -0.11767 0.33881
v 0.24475 -0.13675 0.3422
v -0.20502 0.19007 0.06887
v -0.16823 0.18863 0.06912
v -0.20476 0.20304 0.06606
v -0.17583 0.2094 0.0665
v -0.17308 0.29593 0.04793
v -0.205 -0.07307 0.26311
v -0.20477 -0.09776 0.27504
v -0.17057 -0.10332 0.2817
v -0.17031 -0.07519 0.26275
v -0.20499 -0.04379 0.27169
v -0.205 -0.07307 0.26311
v -0.17031 -0.07519 0.26275
v -0.17282 -0.01428 0.28066
v -0.20372 0.01981 0.27881
v -0.17046 0.02904 0.27628
v -0.20471 0.06256 0.26279
v -0.17089 0.05959 0.26427
v -0.20115 0.3238 0.03267
v -0.20476 0.20304 0.06606
v -0.17449 0.29724 0.04334
v -0.1624 0.30802 0.04477
v -0.17062 0.32508 -0.12989
v -0.17254 0.32501 -0.24469
v -0.20112 0.32384 -0.28292
v 0.29042 0.32194 -0.2841
v -0.20476 0.20304 0.06606
v -0.17308 0.29593 0.04793
v -0.17449 0.29724 0.04334
v -0.1624 0.30802 0.04477
v -0.17308 0.29593 0.04793
v -0.17583 0.2094 0.0665
v -0.16976 0.1949 0.07238
v -0.16668 0.24908 0.05955
v -0.13999 0.29201 0.0467
v -0.13978 0.2134 0.06656
v -0.1624 0.30802 0.04477
v 0.25634 0.30525 0.04579
v -0.17057 -0.10332 0.2817
v -0.17017 -0.11504 0.31503
v -0.1679 -0.11637 0.28821
v -0.16782 -0.10817 0.25087
v -0.17031 -0.07519 0.26275
v -0.17065 0.15338 0.177
v -0.17044 0.09767 0.23802
v -0.17032 0.179 0.12759
v -0.16843 0.1257 0.17255
v -0.16869 0.15124 0.14163
v -0.16852 0.16461 0.11763
v -0.16846 0.1062 0.19211
v -0.16857 0.07333 0.21775
v -0.16841 0.05198 0.22932
v -0.17089 0.05959 0.26427
v -0.16823 0.18863 0.06912
v -0.16813 0.18056 0.06563
v -0.16868 0.18569 0.06386
v -0.16976 0.1949 0.07238
v -0.17282 -0.01428 0.28066
v -0.17089 0.05959 0.26427
v -0.17046 0.02904 0.27628
v -0.16793 -0.0101 0.24658
v -0.17031 -0.07519 0.26275
v -0.16782 -0.10817 0.25087
v -0.16881 0.02808 0.23907
v -0.16841 0.05198 0.22932
v -0.17062 0.32508 -0.12989
v -0.16221 0.34339 -0.14405
v -0.17254 0.32501 -0.24469
v -0.16086 0.34421 -0.23098
v -0.15973 0.3478 -0.2171
v -0.15889 0.34804 -0.16132
v -0.16793 -0.0101 0.24658
v -0.16782 -0.10817 0.25087
v -0.1466 -0.0489 0.24889
v -0.14366 -0.02789 0.24911
v -0.14284 -0.01322 0.24802
v -0.1339 -0.00996 0.24691
v -0.13514 0.02601 0.23913
v -0.16881 0.02808 0.23907
v -0.16841 0.05198 0.22932
v -0.13746 0.04059 0.23315
v -0.15889 0.34804 -0.16132
v -0.15723 0.38776 -0.17031
v -0.15973 0.3478 -0.2171
v -0.15669 0.38662 -0.21657
v -0.15521 0.39798 -0.17781
v -0.14931 0.40101 -0.21567
v -0.14579 0.40682 -0.17417
v -0.16813 0.18056 0.06563
v -0.12111 0.18137 0.06684
v -0.16868 0.18569 0.06386
v -0.11195 0.18407 0.06445
v -0.15521 0.39798 -0.17781
v -0.15723 0.38776 -0.17031
v -0.14579 0.40682 -0.17417
v -0.14525 0.40331 -0.1709
v -0.15723 0.38776 -0.17031
v -0.14559 0.36147 -0.16623
v -0.14525 0.40331 -0.1709
v -0.15889 0.34804 -0.16132
v -0.12855 0.34826 -0.16246
v -0.15642 0.34224 -0.15655
v -0.10927 0.34874 -0.16489
v -0.15973 0.3478 -0.2171
v -0.14593 0.35584 -0.21684
v -0.14851 0.34238 -0.22204
v -0.15124 0.37937 -0.21762
v -0.15669 0.38662 -0.21657
v -0.14757 0.39108 -0.21809
v -0.14931 0.40101 -0.21567
v -0.13423 0.40341 -0.21939
v -0.13003 0.39231 -0.2185
v -0.15124 0.37937 -0.21762
v -0.14557 0.36226 -0.2098
v -0.14593 0.35584 -0.21684
v -0.14416 0.38477 -0.20965
v -0.14757 0.39108 -0.21809
v -0.16868 0.18569 0.06386
v -0.11195 0.18407 0.06445
v -0.16976 0.1949 0.07238
v 0.01268 0.18398 0.06574
v -0.14702 -0.03429 0.25308
v -0.1466 -0.0489 0.24889
v -0.1407 -0.04797 0.25266
v -0.12981 -0.02656 0.2548
v -0.14557 0.36226 -0.2098
v -0.14416 0.38477 -0.20965
v -0.14279 0.36617 -0.20921
v -0.13401 0.35014 -0.20918
v -0.1133 0.34627 -0.21014
v -0.14931 0.40101 -0.21567
v -0.14579 0.40682 -0.17417
v -0.13423 0.40341 -0.21939
v -0.12946 0.40895 -0.1772
v -0.1679 -0.11637 0.28821
v 0.25753 -0.11436 0.27277
v -0.16782 -0.10817 0.25087
v -0.17807 -0.11785 0.33877
v 0.25435 -0.11767 0.33881
v -0.14593 0.35584 -0.21684
v -0.13401 0.35014 -0.20918
v -0.14851 0.34238 -0.22204
v -0.14557 0.36226 -0.2098
v -0.14579 0.40682 -0.17417
v -0.14525 0.40331 -0.1709
v -0.12946 0.40895 -0.1772
v -0.12764 0.40233 -0.1724
v -0.14366 -0.02789 0.24911
v -0.12441 -0.01712 0.25249
v -0.14284 -0.01322 0.24802
v -0.12981 -0.02656 0.2548
v -0.14702 -0.03429 0.25308
v -0.10993 -0.02477 0.25451
v -0.10227 -0.01284 0.25027
v -0.14059 0.36053 -0.17252
v -0.12577 0.35066 -0.16674
v -0.13844 0.38034 -0.17012
v -0.11755 0.37199 -0.1695
v -0.0963 0.37174 -0.1693
v -0.13215 0.38095 -0.17112
v -0.12764 0.40233 -0.1724
v -0.14279 0.36617 -0.20921
v -0.14416 0.38477 -0.20965
v -0.13641 0.37083 -0.21737
v -0.13003 0.39231 -0.2185
v -0.13976 0.21946 0.054
v -0.13978 0.2134 0.06656
v -0.13849 0.21243 0.05357
v -0.13999 0.29201 0.0467
v -0.1356 0.28972 0.03587
v -0.13849 0.21243 0.05357
v -0.16841 0.05198 0.22932
v -0.13746 0.04059 0.23315
v -0.13376 0.06995 0.22011
v -0.16857 0.07333 0.21775
v -0.16846 0.1062 0.19211
v -0.13407 0.10082 0.19656
v -0.13397 0.12454 0.17475
v -0.14136 0.12559 0.17234
v -0.16843 0.1257 0.17255
v -0.13559 0.14245 0.15263
v -0.16869 0.15124 0.14163
v -0.16852 0.16461 0.11763
v -0.11707 0.15473 0.13724
v -0.1083 0.14494 0.14897
v -0.09039 0.16482 0.11683
v -0.0679 0.17316 0.09574
v -0.16813 0.18056 0.06563
v -0.12111 0.18137 0.06684
v -0.07876 0.16293 0.12339
v -0.05711 0.16405 0.12048
v -0.06619 0.15531 0.13422
v -0.03222 0.1652 0.11619
v 0.0089 0.16548 0.11621
v -0.00447 0.16215 0.12419
v -0.01638 0.15891 0.12814
v -0.14136 0.12559 0.17234
v -0.13397 0.12454 0.17475
v -0.13825 0.12875 0.17497
v -0.13234 0.12551 0.17791
v -0.14559 0.36147 -0.16623
v -0.12577 0.35066 -0.16674
v -0.14059 0.36053 -0.17252
v -0.12855 0.34826 -0.16246
v -0.10927 0.34874 -0.16489
v -0.13825 0.12875 0.17497
v -0.13234 0.12551 0.17791
v -0.14035 0.13789 0.16531
v -0.12064 0.12259 0.17902
v -0.10375 0.13004 0.1729
v -0.08784 0.13969 0.15879
v -0.13467 0.14346 0.15821
v -0.12306 0.09033 0.20922
v -0.1165 0.11056 0.18626
v -0.13242 0.09737 0.20438
v -0.12311 0.0645 0.22603
v -0.13376 0.06995 0.22011
v -0.13263 0.04135 0.23728
v -0.13746 0.04059 0.23315
v -0.12331 0.02364 0.24313
v -0.13407 0.10082 0.19656
v -0.13376 0.06995 0.22011
v -0.13242 0.09737 0.20438
v -0.13234 0.12551 0.17791
v -0.13397 0.12454 0.17475
v -0.13003 0.39231 -0.2185
v -0.13215 0.38095 -0.17112
v -0.13186 0.37572 -0.21366
v -0.12764 0.40233 -0.1724
v -0.12609 0.39983 -0.21522
v -0.13364 -0.01364 0.25128
v -0.12331 0.02364 0.24313
v -0.13263 0.04135 0.23728
v -0.12441 -0.01712 0.25249
v -0.13186 0.37572 -0.21366
v -0.13215 0.38095 -0.17112
v -0.11755 0.37199 -0.1695
v -0.1226 0.36967 -0.21289
v -0.09924 0.36756 -0.21232
v -0.13641 0.37083 -0.21737
v -0.0963 0.37174 -0.1693
v -0.08733 0.37362 -0.20855
v -0.0798 0.3814 -0.16983
v -0.08389 0.37149 -0.21549
v -0.0798 0.3814 -0.16983
v -0.12331 0.02364 0.24313
v -0.12033 0.05917 0.22416
v -0.12311 0.0645 0.22603
v -0.12177 0.09514 0.20059
v -0.12306 0.09033 0.20922
v -0.13401 0.35014 -0.20918
v -0.1133 0.34627 -0.21014
v -0.14851 0.34238 -0.22204
v -0.09467 0.3462 -0.20745
v -0.12441 -0.01712 0.25249
v -0.12099 -0.01209 0.24659
v -0.12009 0.00886 0.24273
v -0.12331 0.02364 0.24313
v -0.10239 0.05035 0.22979
v -0.12064 0.12259 0.17902
v -0.1165 0.11056 0.18626
v -0.11725 0.12618 0.18077
v -0.10286 0.1141 0.18847
v -0.12009 0.00886 0.24273
v -0.12099 -0.01209 0.24659
v -0.10227 -0.01284 0.25027
v -0.10244 0.01903 0.24132
v -0.10239 0.05035 0.22979
v -0.12577 0.35066 -0.16674
v -0.10927 0.34874 -0.16489
v -0.07826 0.36981 -0.16701
v -0.0963 0.37174 -0.1693
v -0.0798 0.3814 -0.16983
v -0.07324 0.39053 -0.16912
v -0.08071 0.39527 -0.17181
v -0.06444 0.3778 -0.16953
v -0.06832 0.39126 -0.1722
v -0.06469 0.36666 -0.17079
v -0.10927 0.34874 -0.16489
v -0.09791 0.34921 -0.16901
v -0.15642 0.34224 -0.15655
v -0.05399 0.37114 -0.16865
v -0.0501 0.36043 -0.17081
v -0.02559 0.36532 -0.16864
v -0.02623 0.37611 -0.1674
v -0.03018 0.3886 -0.17274
v -0.11707 0.15473 0.13724
v -0.10964 0.16673 0.13479
v -0.09039 0.16482 0.11683
v -0.09382 0.17058 0.12532
v -0.11707 0.15473 0.13724
v -0.11231 0.15635 0.14552
v -0.10964 0.16673 0.13479
v -0.10357 0.15899 0.14949
v -0.08462 0.16583 0.14116
v -0.08749 0.15898 0.1497
v -0.09382 0.17058 0.12532
v -0.12033 0.05917 0.22416
v -0.10239 0.05035 0.22979
v -0.12177 0.09514 0.20059
v -0.1045 0.08853 0.20554
v -0.10521 0.11104 0.1864
v -0.1165 0.11056 0.18626
v -0.10091 0.0715 0.22141
v -0.10375 0.13004 0.1729
v -0.11725 0.12618 0.18077
v -0.10286 0.1141 0.18847
v -0.06947 0.11394 0.1889
v -0.05176 0.11577 0.18613
v -0.07763 0.10439 0.19629
v -0.10091 0.0715 0.22141
v -0.08784 0.13969 0.15879
v -0.1083 0.14494 0.14897
v -0.13467 0.14346 0.15821
v -0.09108 0.14534 0.1508
v -0.08138 0.14769 0.14712
v -0.06189 0.14941 0.14341
v -0.05164 0.14545 0.1504
v -0.03482 0.14318 0.1514
v -0.06619 0.15531 0.13422
v -0.07245 0.15505 0.13405
v -0.07876 0.16293 0.12339
v -0.10993 -0.02477 0.25451
v -0.1466 -0.0489 0.24889
v -0.10227 -0.01284 0.25027
v -0.10125 0.03502 0.23925
v -0.1045 0.08853 0.20554
v -0.10239 0.05035 0.22979
v -0.10091 0.0715 0.22141
v -0.10125 0.03502 0.23925
v -0.10244 0.01903 0.24132
v -0.10227 -0.01284 0.25027
v -0.14851 0.34238 -0.22204
v -0.09467 0.3462 -0.20745
v -0.16086 0.34421 -0.23098
v -0.06551 0.34814 -0.20691
v -0.00331 0.34713 -0.20564
v 0.04414 0.34718 -0.21001
v 0.05402 0.34863 -0.21501
v -0.11231 0.15635 0.14552
v -0.09108 0.14534 0.1508
v -0.10357 0.15899 0.14949
v -0.08749 0.15898 0.1497
v -0.08138 0.14769 0.14712
v -0.13641 0.37083 -0.21737
v -0.09924 0.36756 -0.21232
v -0.1133 0.34627 -0.21014
v -0.07697 0.3626 -0.21384
v -0.09467 0.3462 -0.20745
v -0.08389 0.37149 -0.21549
v -0.07839 0.38581 -0.21619
v -0.04942 0.38653 -0.21573
v -0.09662 0.39251 -0.17222
v -0.08682 0.39957 -0.21423
v -0.09588 0.38811 -0.21335
v -0.09274 0.40096 -0.17267
v -0.07697 0.3626 -0.21384
v -0.0696 0.36448 -0.20923
v -0.09467 0.3462 -0.20745
v -0.05407 0.37813 -0.21093
v -0.04942 0.38653 -0.21573
v -0.09662 0.39251 -0.17222
v -0.09272 0.38831 -0.17304
v -0.08742 0.39576 -0.17224
v -0.08071 0.39527 -0.17181
v -0.09382 0.17058 0.12532
v -0.07876 0.16293 0.12339
v -0.09039 0.16482 0.11683
v -0.08462 0.16583 0.14116
v -0.09588 0.38811 -0.21335
v -0.08071 0.39527 -0.17181
v -0.09272 0.38831 -0.17304
v -0.08476 0.39018 -0.21342
v -0.09662 0.39251 -0.17222
v -0.08071 0.39527 -0.17181
v -0.09274 0.40096 -0.17267
v -0.08373 0.40264 -0.17363
v -0.06832 0.39126 -0.1722
v -0.08682 0.39957 -0.21423
v -0.08373 0.40264 -0.17363
v -0.08019 0.39577 -0.21596
v -0.06832 0.39126 -0.1722
v -0.06926 0.38734 -0.21439
v -0.09467 0.3462 -0.20745
v -0.0696 0.36448 -0.20923
v -0.06551 0.34814 -0.20691
v -0.0535 0.36202 -0.20685
v -0.05407 0.37813 -0.21093
v -0.00331 0.34713 -0.20564
v -0.01395 0.36638 -0.20742
v -0.08749 0.15898 0.1497
v -0.08138 0.14769 0.14712
v -0.07245 0.15505 0.13405
v -0.08462 0.16583 0.14116
v -0.07859 0.16505 0.13396
v -0.10091 0.0715 0.22141
v -0.06639 0.09259 0.20592
v -0.07763 0.10439 0.19629
v -0.0673 0.08248 0.21309
v -0.07664 0.06509 0.22473
v -0.07112 0.05952 0.22787
v -0.07551 0.03406 0.24287
v -0.10125 0.03502 0.23925
v -0.06039 0.04505 0.23705
v -0.00297 0.03395 0.24047
v -0.05007 0.05958 0.22947
v -0.03953 0.03428 0.239
v -0.06917 0.02036 0.2433
v -0.07551 0.03406 0.24287
v -0.10125 0.03502 0.23925
v -0.07967 -0.00098 0.25038
v -0.1466 -0.0489 0.24889
v -0.04549 -0.00255 0.24879
v -0.00275 -0.00879 0.25073
v 0.0012 -0.01823 0.25158
v -0.04457 0.00596 0.24803
v 0.00233 0.02371 0.24323
v 0.00289 0.00296 0.2495
v -0.03953 0.03428 0.239
v -0.04622 0.02299 0.24459
v -0.06917 0.02036 0.2433
v -0.07281 0.01184 0.24657
v -0.08071 0.39527 -0.17181
v -0.07839 0.38581 -0.21619
v -0.0798 0.3814 -0.16983
v -0.08389 0.37149 -0.21549
v -0.07967 -0.00098 0.25038
v -0.07272 -0.0089 0.2506
v -0.07766 0.01669 0.30745
v -0.07098 0.00709 0.2995
v -0.0667 0.00473 0.30973
v -0.07722 0.08429 0.27678
v -0.07401 0.09839 0.27243
v -0.07514 0.08905 0.26413
v -0.07366 0.09788 0.26448
v -0.0673 0.08248 0.21309
v -0.07664 0.06509 0.22473
v -0.07967 -0.00098 0.25038
v -0.07766 0.01669 0.30745
v -0.07718 0.02266 0.30378
v -0.07281 0.01184 0.24657
v -0.07843 0.12852 0.24412
v -0.07382 0.11748 0.25323
v -0.07215 0.13201 0.24647
v -0.06232 0.11543 0.25842
v -0.03908 0.12932 0.24465
v -0.0711 0.13601 0.23651
v -0.04542 0.13607 0.23698
v -0.04422 0.11975 0.25505
v -0.05306 0.11496 0.25845
v -0.07843 0.12852 0.24412
v -0.07362 0.12744 0.23536
v -0.07368 0.11903 0.24085
v -0.07382 0.11748 0.25323
v -0.07349 0.06152 0.29398
v -0.07159 0.06187 0.28735
v -0.07166 0.05524 0.28414
v -0.0771 0.04711 0.2997
v -0.07445 0.04514 0.29226
v -0.07551 0.03406 0.24287
v -0.07763 0.10439 0.19629
v -0.07362 0.12744 0.23536
v -0.06947 0.11394 0.1889
v -0.06619 0.13208 0.23303
v -0.07722 0.08429 0.27678
v -0.06645 0.07926 0.28243
v -0.07401 0.09839 0.27243
v -0.04737 0.08066 0.28209
v -0.04061 0.09206 0.27529
v -0.07763 0.10439 0.19629
v -0.06639 0.09259 0.20592
v -0.07368 0.11903 0.24085
v -0.0618 0.11431 0.24553
v -0.0771 0.04711 0.2997
v -0.07445 0.04514 0.29226
v -0.06164 0.03658 0.30125
v -0.05885 0.03873 0.29311
v -0.04864 0.03852 0.29958
v -0.03982 0.04583 0.29501
v -0.07766 0.01669 0.30745
v -0.06737 0.02864 0.3019
v -0.07718 0.02266 0.30378
v -0.0667 0.00473 0.30973
v -0.05632 0.00733 0.31099
v -0.04362 0.02275 0.30385
v -0.04184 0.01311 0.30659
v -0.07368 0.11903 0.24085
v -0.06315 0.11247 0.25422
v -0.07382 0.11748 0.25323
v -0.0618 0.11431 0.24553
v -0.04345 0.11598 0.24953
v -0.04761 0.1159 0.24264
v -0.05306 0.11496 0.25845
v -0.07722 0.08429 0.27678
v -0.07358 0.08259 0.27025
v -0.06645 0.07926 0.28243
v -0.04855 0.0789 0.26786
v -0.04737 0.08066 0.28209
v -0.07551 0.03406 0.24287
v -0.07166 0.05524 0.28414
v -0.06319 0.05978 0.28321
v -0.06039 0.04505 0.23705
v -0.07272 -0.0089 0.2506
v -0.04893 0.0086 0.29926
v -0.07098 0.00709 0.2995
v -0.04549 -0.00255 0.24879
v -0.07382 0.11748 0.25323
v -0.06315 0.11247 0.25422
v -0.06232 0.11543 0.25842
v -0.05306 0.11496 0.25845
v -0.06293 0.06582 0.28592
v -0.06319 0.05978 0.28321
v -0.07159 0.06187 0.28735
v -0.07166 0.05524 0.28414
v -0.07445 0.04514 0.29226
v -0.06917 0.02036 0.2433
v -0.05885 0.03873 0.29311
v -0.04622 0.02299 0.24459
v -0.03982 0.04583 0.29501
v -0.07839 0.38581 -0.21619
v -0.06926 0.38734 -0.21439
v -0.04942 0.38653 -0.21573
v -0.01678 0.39907 -0.20893
v -0.07718 0.02266 0.30378
v -0.05344 0.02446 0.29359
v -0.07281 0.01184 0.24657
v -0.04457 0.00596 0.24803
v -0.04466 0.01847 0.29618
v -0.06189 0.14941 0.14341
v -0.05584 0.15559 0.14946
v -0.06619 0.15531 0.13422
v -0.05579 0.16898 0.12805
v -0.04713 0.16116 0.14915
v -0.03021 0.16502 0.14401
v -0.04396 0.17197 0.125
v -0.02754 0.16896 0.12714
v -0.02007 0.16129 0.13983
v -0.01638 0.15891 0.12814
v -0.06164 0.03658 0.30125
v -0.04875 0.0442 0.30386
v -0.0771 0.04711 0.2997
v -0.06139 0.05706 0.29803
v -0.07349 0.06152 0.29398
v -0.04092 0.04755 0.30068
v -0.04538 0.06364 0.28884
v -0.06293 0.06582 0.28592
v -0.04005 0.05767 0.29348
v -0.06639 0.09259 0.20592
v -0.0673 0.08248 0.21309
v -0.04359 0.07916 0.21563
v -0.04623 0.09686 0.20513
v -0.00289 0.10474 0.19837
v -0.03983 0.10606 0.19588
v -0.05176 0.11577 0.18613
v 0.02417 0.11472 0.18808
v 0.007 0.08165 0.21443
v 0.00784 0.09258 0.20586
v 0.02522 0.0829 0.21438
v 0.03278 0.10073 0.20003
v 0.03739 0.07597 0.2189
v 0.06402 0.07281 0.22091
v 0.08743 0.08301 0.21383
v 0.00525 0.06542 0.22683
v -0.00297 0.03395 0.24047
v -0.05007 0.05958 0.22947
v 0.01279 0.06002 0.22909
v 0.00957 0.04535 0.23491
v 0.03148 0.06355 0.22909
v -0.07358 0.08259 0.27025
v -0.07112 0.05952 0.22787
v -0.04855 0.0789 0.26786
v -0.05007 0.05958 0.22947
v -0.06947 0.11394 0.1889
v -0.05456 0.1325 0.23326
v -0.05176 0.11577 0.18613
v -0.06619 0.13208 0.23303
v -0.0711 0.13601 0.23651
v -0.04542 0.13607 0.23698
v -0.04605 0.12775 0.23368
v -0.06832 0.39126 -0.1722
v -0.03037 0.41292 -0.218
v -0.06926 0.38734 -0.21439
v -0.02264 0.42431 -0.17403
v -0.0667 0.00473 0.30973
v -0.07098 0.00709 0.2995
v -0.04627 0.00692 0.30536
v -0.04893 0.0086 0.29926
v -0.06424 0.03003 0.29891
v -0.06737 0.02864 0.3019
v -0.04758 0.02635 0.29734
v -0.04362 0.02275 0.30385
v -0.06639 0.09259 0.20592
v -0.04761 0.1159 0.24264
v -0.0618 0.11431 0.24553
v -0.04623 0.09686 0.20513
v -0.06319 0.05978 0.28321
v -0.0477 0.05757 0.2836
v -0.06039 0.04505 0.23705
v -0.03953 0.03428 0.239
v -0.06293 0.06582 0.28592
v -0.04538 0.06364 0.28884
v -0.06319 0.05978 0.28321
v -0.0477 0.05757 0.2836
v -0.06164 0.03658 0.30125
v -0.04864 0.03852 0.29958
v -0.04875 0.0442 0.30386
v -0.04092 0.04755 0.30068
v -0.03982 0.04583 0.29501
v -0.06189 0.14941 0.14341
v -0.05164 0.14545 0.1504
v -0.05584 0.15559 0.14946
v -0.04048 0.14964 0.15287
v -0.03482 0.14318 0.1514
v -0.04713 0.16116 0.14915
v -0.02614 0.15594 0.14929
v -0.03021 0.16502 0.14401
v -0.05579 0.16898 0.12805
v -0.04396 0.17197 0.125
v -0.05711 0.16405 0.12048
v -0.03222 0.1652 0.11619
v -0.04761 0.1159 0.24264
v -0.04623 0.09686 0.20513
v -0.04326 0.12086 0.24135
v -0.03983 0.10606 0.19588
v -0.05283 0.10444 0.26348
v -0.07401 0.09839 0.27243
v -0.04513 0.10089 0.26649
v -0.04061 0.09206 0.27529
v -0.05283 0.10444 0.26348
v -0.04513 0.10089 0.26649
v -0.05163 0.09654 0.26034
v -0.04238 0.08898 0.26514
v -0.05407 0.37813 -0.21093
v -0.03005 0.38122 -0.21139
v -0.04951 0.36802 -0.21162
v -0.02202 0.37082 -0.2118
v -0.03416 0.39134 -0.21112
v -0.04942 0.38653 -0.21573
v -0.01678 0.39907 -0.20893
v -0.01395 0.36638 -0.20742
v -0.04893 0.0086 0.29926
v -0.04549 -0.00255 0.24879
v -0.04466 0.01847 0.29618
v -0.04457 0.00596 0.24803
v -0.0477 0.05757 0.2836
v -0.04538 0.06364 0.28884
v -0.03982 0.04583 0.29501
v -0.04005 0.05767 0.29348
v -0.04893 0.0086 0.29926
v -0.04466 0.01847 0.29618
v -0.04184 0.01311 0.30659
v -0.04627 0.00692 0.30536
v -0.05007 0.05958 0.22947
v -0.04023 0.06711 0.22476
v -0.04855 0.0789 0.26786
v -0.04238 0.08898 0.26514
v -0.04061 0.09206 0.27529
v -0.06444 0.3778 -0.16953
v -0.00022 0.43089 -0.17285
v -0.06832 0.39126 -0.1722
v -0.02264 0.42431 -0.17403
v -0.04396 0.17197 0.125
v -0.02754 0.16896 0.12714
v -0.03222 0.1652 0.11619
v -0.01638 0.15891 0.12814
v -0.04951 0.36802 -0.21162
v -0.01395 0.36638 -0.20742
v -0.0535 0.36202 -0.20685
v -0.02202 0.37082 -0.2118
v -0.10375 0.13004 0.1729
v 0.19007 0.1283 0.17472
v -0.08784 0.13969 0.15879
v 0.18506 0.13986 0.16235
v 0.00894 0.1461 0.15107
v -0.00539 0.14928 0.14362
v 0.04378 0.15311 0.13776
v -0.16935 0.29811 -0.2918
v -0.14876 0.31086 -0.29198
v 0.2648 0.29791 -0.29168
v -0.16353 0.30576 -0.29188
v -0.20468 0.3098 -0.28845
v -0.20112 0.32384 -0.28292
v 0.29042 0.32194 -0.2841
v -0.03049 0.4349 -0.20367
v -0.02264 0.42431 -0.17403
v -0.02808 0.44015 -0.17645
v -0.02177 0.41804 -0.21815
v -0.02629 0.43569 -0.2215
v -0.02702 0.44446 -0.2003
v -0.02099 0.44601 -0.21984
v -0.02629 0.43569 -0.2215
v -0.03049 0.4349 -0.20367
v -0.02808 0.44015 -0.17645
v -0.01922 0.44815 -0.17475
v -0.02099 0.44601 -0.21984
v -0.01209 0.45296 -0.17935
v -0.0104 0.44964 -0.2187
v -0.03021 0.16502 0.14401
v -0.02614 0.15594 0.14929
v -0.02007 0.16129 0.13983
v -0.01832 0.15122 0.14138
v -0.01638 0.15891 0.12814
v -0.02808 0.44015 -0.17645
v -0.02081 0.43584 -0.17413
v -0.01922 0.44815 -0.17475
v -0.02264 0.42431 -0.17403
v -0.01486 0.43029 -0.17403
v -0.00022 0.43089 -0.17285
v -0.00626 0.43143 -0.17351
v -0.00283 0.44586 -0.17406
v -0.02629 0.43569 -0.2215
v -0.01635 0.43816 -0.22028
v -0.02177 0.41804 -0.21815
v -0.00757 0.42621 -0.21976
v -0.01789 0.40865 -0.21943
v -0.03037 0.41292 -0.218
v 0.00066 0.42629 -0.2198
v -0.00157 0.43415 -0.22026
v -0.02629 0.43569 -0.2215
v -0.02099 0.44601 -0.21984
v -0.00222 0.44454 -0.22338
v -0.0104 0.44964 -0.2187
v -0.02559 0.36532 -0.16864
v -0.01238 0.36772 -0.17098
v -0.01584 0.38346 -0.17144
v -0.02623 0.37611 -0.1674
v -0.02388 0.39752 -0.17085
v -0.01501 0.39961 -0.17639
v -0.02081 0.43584 -0.17413
v -0.01278 0.43584 -0.18847
v -0.01922 0.44815 -0.17475
v -0.00742 0.44036 -0.19551
v -0.01678 0.39907 -0.20893
v -0.01102 0.39202 -0.21764
v -0.01395 0.36638 -0.20742
v -0.01238 0.37287 -0.21466
v -0.00222 0.44454 -0.22338
v -0.00277 0.44034 -0.22289
v -0.01635 0.43816 -0.22028
v 0.00066 0.42629 -0.2198
v 0.00814 0.43429 -0.21938
v -0.01832 0.15122 0.14138
v -0.03482 0.14318 0.1514
v -0.00539 0.14928 0.14362
v -0.00919 0.15698 0.13183
v -0.01638 0.15891 0.12814
v -0.00447 0.16215 0.12419
v -0.01678 0.39907 -0.20893
v -0.01789 0.40865 -0.21943
v -0.00525 0.4096 -0.20975
v 0.01051 0.42972 -0.21412
v 0.00066 0.42629 -0.2198
v 0.00814 0.43429 -0.21938
v -0.01584 0.38346 -0.17144
v -0.01238 0.36772 -0.17098
v -0.0139 0.39283 -0.1696
v -0.00456 0.37122 -0.16347
v -0.00742 0.44036 -0.19551
v -0.00283 0.44586 -0.17406
v -0.01922 0.44815 -0.17475
v -0.00463 0.43796 -0.20426
v -0.01486 0.43029 -0.17403
v -0.00626 0.43143 -0.17351
v -0.01278 0.43584 -0.18847
v -0.00463 0.43796 -0.20426
v -0.01501 0.39961 -0.17639
v -0.00114 0.40752 -0.16878
v -0.0097 0.40988 -0.17639
v -0.0139 0.39283 -0.1696
v -0.01238 0.37287 -0.21466
v -0.00386 0.35992 -0.21772
v -0.01395 0.36638 -0.20742
v 0.00456 0.3483 -0.20844
v -0.00742 0.44036 -0.19551
v -0.00277 0.44034 -0.22289
v -0.00463 0.43796 -0.20426
v -0.00157 0.43415 -0.22026
v 0.00066 0.42629 -0.2198
v -0.01075 0.43558 -0.20191
v -0.01278 0.43584 -0.18847
v -0.00463 0.43796 -0.20426
v -0.00757 0.42621 -0.21976
v -0.00157 0.43415 -0.22026
v -0.01678 0.39907 -0.20893
v -0.00409 0.40347 -0.21778
v -0.01102 0.39202 -0.21764
v -0.00525 0.4096 -0.20975
v -0.00094 0.40911 -0.21174
v -0.01922 0.44815 -0.17475
v -0.00283 0.44586 -0.17406
v -0.01209 0.45296 -0.17935
v 0.00684 0.44611 -0.18046
v -0.00919 0.15698 0.13183
v -0.00486 0.16299 0.13976
v -0.00447 0.16215 0.12419
v 0.00281 0.16883 0.12464
v -0.0104 0.44964 -0.2187
v 0.00713 0.44604 -0.20999
v -0.00222 0.44454 -0.22338
v -0.01209 0.45296 -0.17935
v 0.00684 0.44611 -0.18046
v -0.00456 0.37122 -0.16347
v 0.01447 0.36785 -0.1689
v -0.0023 0.38381 -0.16743
v -0.0139 0.39283 -0.1696
v -0.00114 0.40752 -0.16878
v 0.03733 0.3802 -0.16892
v 0.01918 0.37543 -0.16494
v -0.00292 0.04733 0.29909
v -0.00127 0.05945 0.29444
v 0.00056 0.06159 0.28908
v 0.00547 0.05901 0.28411
v -0.00166 0.12818 0.24893
v 0.00413 0.13749 0.23669
v -0.00291 0.12142 0.24925
v 0.00214 0.12936 0.23376
v -0.00289 0.10474 0.19837
v -0.00539 0.14928 0.14362
v 0.00858 0.16263 0.14734
v -0.00486 0.16299 0.13976
v 0.00448 0.15305 0.15138
v -0.00297 0.03395 0.24047
v 0.00233 0.02371 0.24323
v 0.0003 0.04322 0.29174
v -0.00292 0.04733 0.29909
v 0.01725 0.03804 0.30323
v 0.01508 0.03829 0.29253
v 0.01671 0.0188 0.24451
v 0.00233 0.02371 0.24323
v 0.00056 0.00128 0.29762
v -0.00018 0.01245 0.29583
v -0.00275 -0.00879 0.25073
v 0.0012 -0.01823 0.25158
v -0.00289 0.10474 0.19837
v 0.00214 0.12936 0.23376
v 0.02417 0.11472 0.18808
v 0.02418 0.13135 0.23192
v -0.00022 0.43089 -0.17285
v -0.0097 0.40988 -0.17639
v 0.00504 0.43339 -0.1782
v 0.00684 0.44611 -0.18046
v -0.00283 0.44586 -0.17406
v -0.00291 0.12142 0.24925
v -0.00289 0.10474 0.19837
v 0.00784 0.09258 0.20586
v 0.00231 0.11737 0.25361
v -0.00292 0.04733 0.29909
v 0.00547 0.05901 0.28411
v -0.00297 0.03395 0.24047
v 0.00957 0.04535 0.23491
v -0.00331 0.34713 -0.20564
v 0.00456 0.3483 -0.20844
v 0.04414 0.34718 -0.21001
v -0.00386 0.35992 -0.21772
v 0.03823 0.35798 -0.21922
v 0.05402 0.34863 -0.21501
v 0.0024 0.09704 0.27233
v 0.00742 0.083 0.26822
v 0.00444 0.08261 0.27881
v 0.00535 0.09263 0.26287
v 0.00312 0.07454 0.22124
v 0.00525 0.06542 0.22683
v -0.00386 0.35992 -0.21772
v 0.00106 0.37196 -0.21367
v 0.02368 0.36195 -0.21023
v -0.01102 0.39202 -0.21764
v -0.00409 0.40347 -0.21778
v 0.01127 0.37962 -0.2175
v 0.03821 0.37059 -0.21209
v 0.02368 0.36195 -0.21023
v 0.03216 0.38357 -0.21571
v 0.0466 0.39398 -0.21733
v 0.00444 0.08261 0.27881
v 0.0182 0.08021 0.28372
v 0.0024 0.09704 0.27233
v 0.03665 0.10062 0.26994
v 0.01074 0.10438 0.26691
v 0.02509 0.10627 0.26309
v -0.0097 0.40988 -0.17639
v 0.00072 0.41409 -0.17589
v 0.00504 0.43339 -0.1782
v 0.0286 0.42648 -0.17692
v 0.01328 0.38953 -0.17459
v 0.02968 0.39222 -0.17473
v 0.03733 0.3802 -0.16892
v -0.00525 0.4096 -0.20975
v 0.01051 0.42972 -0.21412
v -0.00094 0.40911 -0.21174
v 0.02293 0.42293 -0.21339
v 0.00758 0.39036 -0.20985
v 0.02732 0.38591 -0.20977
v 0.03362 0.39908 -0.2158
v 0.03216 0.38357 -0.21571
v 0.03439 0.42847 -0.22108
v 0.0466 0.39398 -0.21733
v 0.03216 0.38357 -0.21571
v 0.04963 0.42381 -0.21748
v 0.04754 0.45658 -0.22724
v 0.06727 0.43547 -0.22329
v 0.06147 0.4082 -0.21769
v 0.06512 0.38133 -0.21612
v 0.05808 0.37101 -0.21165
v 0.00231 0.11737 0.25361
v 0.02376 0.114 0.25736
v -0.00166 0.12818 0.24893
v 0.03437 0.13191 0.24438
v 0.03122 0.12013 0.2549
v 0.02191 0.13864 0.23874
v 0.00413 0.13749 0.23669
v 0.0024 0.09704 0.27233
v 0.01074 0.10438 0.26691
v 0.01242 0.1047 0.26219
v 0.00535 0.09263 0.26287
v 0.0111 0.09819 0.26087
v 0.00024 0.00092 0.30945
v 0.01661 -0.00604 0.31063
v 0.00085 0.0208 0.30233
v 0.01275 0.02478 0.30177
v 0.02281 0.00919 0.30699
v 0.0343 0.01315 0.30578
v 0.02771 -0.00352 0.30716
v 0.00535 0.09263 0.26287
v 0.007 0.08165 0.21443
v 0.00312 0.07454 0.22124
v 0.0111 0.09819 0.26087
v -0.00486 0.16299 0.13976
v 0.01928 0.17191 0.12661
v 0.00281 0.16883 0.12464
v 0.00858 0.16263 0.14734
v 0.03137 0.16692 0.13862
v 0.03122 0.15723 0.1495
v 0.00448 0.15305 0.15138
v 0.00894 0.1461 0.15107
v 0.00684 0.44611 -0.18046
v 0.00998 0.45142 -0.17766
v 0.00713 0.44604 -0.20999
v 0.01242 0.4482 -0.22193
v 0.01688 0.4537 -0.22088
v 0.01517 0.45512 -0.17918
v -0.0023 0.38381 -0.16743
v 0.01447 0.36785 -0.1689
v 0.01918 0.37543 -0.16494
v 0.03134 0.36845 -0.17037
v 0.03733 0.3802 -0.16892
v 0.00525 0.06542 0.22683
v 0.01279 0.06002 0.22909
v 0.00742 0.083 0.26822
v 0.01505 0.07889 0.26979
v 0.01905 0.077 0.28097
v 0.00444 0.08261 0.27881
v 0.03398 0.08105 0.27601
v 0.03148 0.06355 0.22909
v 0.00504 0.43339 -0.1782
v 0.0286 0.42648 -0.17692
v 0.02043 0.43572 -0.1727
v 0.03144 0.43255 -0.17291
v -0.00127 0.05945 0.29444
v 0.01933 0.06585 0.28521
v 0.00056 0.06159 0.28908
v 0.03219 0.06191 0.2919
v 0.01829 0.05733 0.29926
v 0.00504 0.43339 -0.1782
v 0.02043 0.43572 -0.1727
v 0.00684 0.44611 -0.18046
v 0.00998 0.45142 -0.17766
v 0.00281 0.16883 0.12464
v 0.01928 0.17191 0.12661
v 0.0089 0.16548 0.11621
v 0.03389 0.16346 0.12009
v 0.03819 0.16467 0.13088
v 0.03137 0.16692 0.13862
v 0.00957 0.04535 0.23491
v 0.00547 0.05901 0.28411
v 0.02228 0.06003 0.28392
v 0.02997 0.0394 0.23717
v -0.00292 0.04733 0.29909
v 0.01725 0.03804 0.30323
v 0.0286 0.04418 0.30308
v 0.01829 0.05733 0.29926
v -0.00127 0.05945 0.29444
v 0.03219 0.06191 0.2919
v 0.03596 0.05227 0.29625
v 0.00233 0.02371 0.24323
v 0.00289 0.00296 0.2495
v 0.01671 0.0188 0.24451
v 0.02984 0.00035 0.2485
v 0.02696 0.02343 0.24303
v 0.00231 0.11737 0.25361
v 0.02114 0.11449 0.24655
v 0.02376 0.114 0.25736
v 0.03249 0.11786 0.25216
v 0.03046 0.12497 0.23678
v 0.03659 0.12579 0.24275
v 0.01242 0.4482 -0.22193
v 0.01664 0.43488 -0.22164
v 0.00814 0.43429 -0.21938
v 0.01688 0.4537 -0.22088
v 0.01051 0.42972 -0.21412
v 0.00814 0.43429 -0.21938
v 0.01664 0.43488 -0.22164
v 0.02293 0.42293 -0.21339
v 0.03439 0.42847 -0.22108
v 0.00231 0.11737 0.25361
v 0.00784 0.09258 0.20586
v 0.02114 0.11449 0.24655
v 0.03278 0.10073 0.20003
v 0.0012 -0.01823 0.25158
v 0.02446 -0.00254 0.29702
v 0.01118 -0.00494 0.29921
v 0.00765 -0.0067 0.30779
v 0.02771 -0.00352 0.30716
v 0.01661 -0.00604 0.31063
v 0.01688 0.4537 -0.22088
v 0.01517 0.45512 -0.17918
v 0.01499 0.46801 -0.18373
v 0.02142 0.46966 -0.22357
v 0.01941 0.47381 -0.18018
v 0.01499 0.46801 -0.18373
v 0.01517 0.45512 -0.17918
v 0.01941 0.47381 -0.18018
v 0.02043 0.43572 -0.1727
v 0.00758 0.39036 -0.20985
v 0.02732 0.38591 -0.20977
v 0.01127 0.37962 -0.2175
v 0.03216 0.38357 -0.21571
v 0.01242 0.1047 0.26219
v 0.0322 0.09668 0.2605
v 0.0111 0.09819 0.26087
v 0.02509 0.10627 0.26309
v 0.03304 0.10138 0.26216
v 0.007 0.08165 0.21443
v 0.0111 0.09819 0.26087
v 0.0322 0.09668 0.2605
v 0.02522 0.0829 0.21438
v 0.0182 0.08021 0.28372
v 0.02936 0.08184 0.28208
v 0.03665 0.10062 0.26994
v 0.0395 0.08886 0.27553
v 0.01941 0.47381 -0.18018
v 0.03611 0.47219 -0.18185
v 0.02142 0.46966 -0.22357
v 0.03677 0.46894 -0.22097
v 0.01671 0.0188 0.24451
v 0.02696 0.02343 0.24303
v 0.0291 0.04312 0.29193
v 0.01508 0.03829 0.29253
v 0.01725 0.03804 0.30323
v 0.0286 0.04418 0.30308
v 0.03285 0.04881 0.29079
v 0.03596 0.05227 0.29625
v 0.02696 0.02343 0.24303
v 0.03267 0.03427 0.23893
v 0.0182 0.08021 0.28372
v 0.01905 0.077 0.28097
v 0.02936 0.08184 0.28208
v 0.03398 0.08105 0.27601
v 0.01557 0.13806 0.2332
v 0.02191 0.13864 0.23874
v 0.02418 0.13135 0.23192
v 0.03659 0.12579 0.24275
v 0.03437 0.13191 0.24438
v 0.02997 0.0394 0.23717
v 0.03148 0.06355 0.22909
v 0.00957 0.04535 0.23491
v 0.07186 0.04687 0.23334
v 0.03267 0.03427 0.23893
v 0.03653 0.06952 0.22518
v 0.02696 0.02343 0.24303
v 0.06343 0.03991 0.23771
v 0.06962 0.06191 0.22824
v 0.08163 0.05957 0.22958
v 0.01664 0.43488 -0.22164
v 0.02142 0.46966 -0.22357
v 0.03439 0.42847 -0.22108
v 0.03677 0.46894 -0.22097
v 0.02418 0.13135 0.23192
v 0.03046 0.12497 0.23678
v 0.02417 0.11472 0.18808
v 0.03278 0.10073 0.20003
v 0.01541 0.0066 0.2485
v 0.02122 0.01932 0.29548
v 0.02984 0.00035 0.2485
v 0.02943 0.01239 0.29616
v 0.01933 0.06585 0.28521
v 0.03219 0.06191 0.2919
v 0.02228 0.06003 0.28392
v 0.03285 0.04881 0.29079
v 0.03596 0.05227 0.29625
v 0.02228 0.06003 0.28392
v 0.03285 0.04881 0.29079
v 0.02997 0.0394 0.23717
v 0.03267 0.03427 0.23893
v 0.02968 0.39222 -0.17473
v 0.03144 0.43255 -0.17291
v 0.0286 0.42648 -0.17692
v 0.03733 0.3802 -0.16892
v 0.02509 0.10627 0.26309
v 0.03665 0.10062 0.26994
v 0.03304 0.10138 0.26216
v 0.03985 0.09626 0.26867
v 0.03122 0.12013 0.2549
v 0.03249 0.11786 0.25216
v 0.03659 0.12579 0.24275
v 0.03437 0.13191 0.24438
v 0.03122 0.15723 0.1495
v 0.04378 0.15311 0.13776
v 0.03137 0.16692 0.13862
v 0.03819 0.16467 0.13088
v 0.02943 0.01239 0.29616
v 0.02866 0.02107 0.29874
v 0.03458 0.00788 0.30116
v 0.0343 0.01315 0.30578
v 0.03134 0.36845 -0.17037
v -0.06412 0.34916 -0.16683
v 0.03733 0.3802 -0.16892
v 0.04947 0.42723 -0.17458
v 0.03304 0.10138 0.26216
v 0.03985 0.09626 0.26867
v 0.0322 0.09668 0.2605
v 0.0334 0.08364 0.26854
v 0.03677 0.46894 -0.22097
v 0.03611 0.47219 -0.18185
v 0.03898 0.48286 -0.18306
v 0.0381 0.47689 -0.22192
v 0.0322 0.09668 0.2605
v 0.0334 0.08364 0.26854
v 0.03739 0.07597 0.2189
v 0.03653 0.06952 0.22518
v 0.03398 0.08105 0.27601
v 0.0334 0.08364 0.26854
v 0.0395 0.08886 0.27553
v 0.03985 0.09626 0.26867
v 0.03898 0.48286 -0.18306
v 0.04484 0.48867 -0.1876
v 0.04603 0.48501 -0.22069
v 0.0381 0.47689 -0.22192
v 0.03677 0.46894 -0.22097
v 0.0381 0.47689 -0.22192
v 0.04177 0.47592 -0.22547
v 0.04754 0.45658 -0.22724
v 0.03439 0.42847 -0.22108
v 0.03144 0.43255 -0.17291
v 0.03733 0.3802 -0.16892
v 0.04947 0.42723 -0.17458
v 0.04398 0.43659 -0.17374
v 0.02043 0.43572 -0.1727
v 0.01941 0.47381 -0.18018
v 0.03632 0.46552 -0.17828
v 0.03611 0.47219 -0.18185
v 0.03898 0.48286 -0.18306
v 0.04526 0.46958 -0.17478
v 0.06692 0.43077 -0.17375
v 0.06054 0.39928 -0.17035
v 0.06279 0.37713 -0.16683
v 0.06797 0.44122 -0.17272
v 0.07461 0.47347 -0.18016
v 0.05936 0.4706 -0.18073
v 0.07864 0.45526 -0.1782
v 0.06692 0.43077 -0.17375
v -0.05176 0.11577 0.18613
v 0.02417 0.11472 0.18808
v 0.19007 0.1283 0.17472
v 0.07897 0.11582 0.18697
v 0.03278 0.10073 0.20003
v 0.06206 0.10904 0.1936
v 0.07088 0.09642 0.206
v 0.03389 0.16346 0.12009
v 0.04378 0.15311 0.13776
v 0.1327 0.16496 0.11744
v 0.0089 0.16548 0.11621
v -0.0679 0.17316 0.09574
v 0.04177 0.47592 -0.22547
v 0.04603 0.48501 -0.22069
v 0.05209 0.48298 -0.22163
v 0.04754 0.45658 -0.22724
v 0.05738 0.47055 -0.22046
v 0.06727 0.43547 -0.22329
v 0.03898 0.48286 -0.18306
v 0.05579 0.48273 -0.18387
v 0.04484 0.48867 -0.1876
v 0.04526 0.46958 -0.17478
v 0.05936 0.4706 -0.18073
v 0.04398 0.43659 -0.17374
v 0.03823 0.35798 -0.21922
v 0.0466 0.39398 -0.21733
v 0.1006 0.36341 -0.21777
v 0.05402 0.34863 -0.21501
v 0.02696 0.02343 0.24303
v 0.0012 -0.01823 0.25158
v 0.06544 0.00288 0.24929
v 0.06005 0.02807 0.24139
v 0.06343 0.03991 0.23771
v 0.07589 0.02066 0.24518
v 0.08849 0.00426 0.2486
v 0.04603 0.48501 -0.22069
v 0.04484 0.48867 -0.1876
v 0.05209 0.48298 -0.22163
v 0.05579 0.48273 -0.18387
v 0.0466 0.39398 -0.21733
v 0.05808 0.37101 -0.21165
v 0.1006 0.36341 -0.21777
v 0.06593 0.36476 -0.20954
v 0.04378 0.15311 0.13776
v 0.05571 0.15312 0.13768
v 0.05994 0.16155 0.12375
v 0.06757 0.14729 0.14924
v 0.05209 0.48298 -0.22163
v 0.05929 0.47203 -0.19687
v 0.05738 0.47055 -0.22046
v 0.05579 0.48273 -0.18387
v 0.05936 0.4706 -0.18073
v 0.05571 0.15312 0.13768
v 0.06304 0.16686 0.13227
v 0.05994 0.16155 0.12375
v 0.06148 0.15626 0.14589
v 0.0726 0.16663 0.14225
v 0.07171 0.15379 0.15245
v 0.08496 0.15871 0.15126
v 0.08913 0.17028 0.1323
v 0.06304 0.16686 0.13227
v 0.07936 0.17182 0.1267
v 0.0601 0.05872 0.2934
v 0.06405 0.06182 0.28733
v 0.0596 0.04653 0.29555
v 0.0648 0.05732 0.28554
v 0.06343 0.03991 0.23771
v 0.06005 0.02807 0.24139
v 0.06054 0.39928 -0.17035
v 0.06279 0.37713 -0.16683
v 0.07285 0.38749 -0.17436
v 0.06912 0.42604 -0.17835
v 0.09097 0.41623 -0.17689
v 0.08472 0.39143 -0.17426
v 0.10205 0.41339 -0.17662
v 0.08617 0.44158 -0.1786
v 0.05834 0.00811 0.30189
v 0.06247 0.00689 0.29594
v 0.06128 0.00047 0.30785
v 0.06967 -0.00356 0.29738
v 0.05953 0.12671 0.24727
v 0.06914 0.12976 0.23295
v 0.06493 0.11855 0.24055
v 0.06749 0.1359 0.23495
v 0.06147 0.4082 -0.21769
v 0.0676 0.42032 -0.21374
v 0.06991 0.38355 -0.21001
v 0.06727 0.43547 -0.22329
v 0.06147 0.09322 0.26947
v 0.06683 0.08436 0.2685
v 0.0662 0.08463 0.28006
v 0.06708 0.0808 0.279
v 0.05571 0.15312 0.13768
v 0.06757 0.14729 0.14924
v 0.06148 0.15626 0.14589
v 0.07171 0.15379 0.15245
v 0.0596 0.04653 0.29555
v 0.07139 0.04194 0.30448
v 0.06083 0.04779 0.30004
v 0.06878 0.04001 0.29241
v 0.08108 0.03707 0.3002
v 0.06005 0.02807 0.24139
v 0.07589 0.02066 0.24518
v 0.09317 0.04172 0.29756
v 0.06147 0.09322 0.26947
v 0.06518 0.10054 0.26768
v 0.07197 0.09801 0.26114
v 0.06683 0.08436 0.2685
v 0.05929 0.47203 -0.19687
v 0.07411 0.46985 -0.22272
v 0.06591 0.46704 -0.22369
v 0.07461 0.47347 -0.18016
v 0.05936 0.4706 -0.18073
v 0.07741 0.47232 -0.18519
v 0.06493 0.11855 0.24055
v 0.07784 0.11537 0.25838
v 0.06213 0.12059 0.25014
v 0.07088 0.09642 0.206
v 0.06213 0.12059 0.25014
v 0.07784 0.11537 0.25838
v 0.05953 0.12671 0.24727
v 0.07425 0.13822 0.23943
v 0.08903 0.11586 0.25688
v 0.06279 0.37713 -0.16683
v 0.07637 0.38329 -0.16648
v 0.07285 0.38749 -0.17436
v 0.08472 0.39143 -0.17426
v 0.06279 0.37713 -0.16683
v 0.07989 0.37625 -0.16508
v 0.07637 0.38329 -0.16648
v 0.05924 0.37134 -0.16907
v 0.08485 0.36976 -0.16888
v 0.10914 0.39177 -0.16994
v 0.09871 0.40727 -0.16858
v 0.06247 0.00689 0.29594
v 0.06782 0.02294 0.29817
v 0.06973 0.01742 0.29451
v 0.08079 0.01796 0.29216
v 0.0012 -0.01823 0.25158
v 0.14332 -0.02199 0.25205
v 0.06967 -0.00356 0.29738
v 0.07969 -0.00472 0.30056
v 0.08186 -0.00682 0.30978
v 0.06128 0.00047 0.30785
v 0.09662 0.00263 0.30462
v 0.09251 0.00383 0.29543
v 0.06206 0.10904 0.1936
v 0.06914 0.12976 0.23295
v 0.07897 0.11582 0.18697
v 0.08243 0.13193 0.23042
v 0.06727 0.43547 -0.22329
v 0.08092 0.43597 -0.2196
v 0.0676 0.42032 -0.21374
v 0.08312 0.44704 -0.22178
v 0.03278 0.10073 0.20003
v 0.08687 0.09193 0.20649
v 0.07088 0.09642 0.206
v 0.08566 0.11444 0.24648
v 0.24093 -0.26833 0.34995
v 0.29352 -0.26848 0.34025
v 0.2429 -0.2649 0.34124
v 0.24983 -0.26442 0.33922
v 0.0601 0.05872 0.2934
v 0.08607 0.06562 0.28547
v 0.06405 0.06182 0.28733
v 0.079 0.06104 0.29572
v 0.09329 0.06325 0.29156
v 0.05924 0.37134 -0.16907
v 0.08924 0.35868 -0.16111
v 0.08485 0.36976 -0.16888
v 0.10305 0.3742 -0.16474
v 0.10914 0.39177 -0.16994
v 0.06083 0.04779 0.30004
v 0.079 0.06104 0.29572
v 0.0601 0.05872 0.2934
v 0.07139 0.04194 0.30448
v 0.09329 0.06325 0.29156
v 0.06405 0.06182 0.28733
v 0.0866 0.05824 0.28236
v 0.0648 0.05732 0.28554
v 0.08607 0.06562 0.28547
v 0.06749 0.1359 0.23495
v 0.08243 0.13193 0.23042
v 0.06914 0.12976 0.23295
v 0.08004 0.1393 0.2351
v 0.09023 0.12971 0.23156
v 0.09509 0.13567 0.24128
v 0.10054 0.12692 0.24253
v 0.06708 0.0808 0.279
v 0.08759 0.07713 0.27952
v 0.07444 0.07865 0.28232
v 0.06683 0.08436 0.2685
v 0.06683 0.08436 0.2685
v 0.06962 0.06191 0.22824
v 0.08759 0.07713 0.27952
v 0.08163 0.05957 0.22958
v 0.07897 0.11582 0.18697
v 0.09586 0.1096 0.194
v 0.19007 0.1283 0.17472
v 0.15331 0.11192 0.19034
v 0.15677 0.10576 0.19754
v 0.17903 0.10932 0.19366
v 0.17894 0.10018 0.20148
v 0.19898 0.11831 0.18645
v 0.18506 0.13986 0.16235
v 0.23284 0.14312 0.15882
v 0.21762 0.13006 0.1747
v 0.20968 0.11395 0.19056
v 0.21457 0.10421 0.19937
v 0.23821 0.13623 0.16745
v 0.23065 0.12565 0.17787
v 0.22992 0.09928 0.20264
v 0.2112 0.07817 0.2172
v 0.2116 0.09627 0.20346
v 0.23121 0.07953 0.21434
v 0.19426 0.14312 0.15156
v 0.23309 0.14249 0.15255
v 0.17297 0.14882 0.14459
v 0.14597 0.14323 0.15147
v 0.06591 0.46704 -0.22369
v 0.07411 0.46985 -0.22272
v 0.07798 0.45338 -0.22039
v 0.06727 0.43547 -0.22329
v 0.08312 0.44704 -0.22178
v 0.05994 0.16155 0.12375
v 0.07936 0.17182 0.1267
v 0.07583 0.16594 0.11634
v 0.06304 0.16686 0.13227
v 0.07093 0.37135 -0.21613
v 0.08676 0.36976 -0.21154
v 0.06593 0.36476 -0.20954
v 0.10898 0.38815 -0.21614
v 0.09082 0.3815 -0.21828
v 0.08186 -0.00682 0.30978
v 0.09719 0.01053 0.30639
v 0.06128 0.00047 0.30785
v 0.06499 0.01904 0.30539
v 0.08811 0.02259 0.30352
v 0.06991 0.38355 -0.21001
v 0.0676 0.42032 -0.21374
v 0.08629 0.39 -0.20966
v 0.09281 0.41067 -0.2116
v 0.08617 0.42789 -0.21354
v 0.08092 0.43597 -0.2196
v 0.09836 0.4106 -0.21182
v 0.07444 0.07865 0.28232
v 0.09568 0.08459 0.28011
v 0.0662 0.08463 0.28006
v 0.10064 0.09522 0.27296
v 0.06518 0.10054 0.26768
v 0.08373 0.10477 0.26053
v 0.09707 0.1012 0.26481
v 0.07864 0.45526 -0.1782
v 0.06692 0.43077 -0.17375
v 0.08312 0.45357 -0.1784
v 0.08617 0.44158 -0.1786
v 0.07411 0.46985 -0.22272
v 0.07741 0.47232 -0.18519
v 0.07798 0.45338 -0.22039
v 0.07902 0.45861 -0.20236
v 0.08312 0.44704 -0.22178
v 0.08863 0.44391 -0.21418
v 0.07864 0.45526 -0.1782
v 0.07461 0.47347 -0.18016
v 0.06544 0.00288 0.24929
v 0.08079 0.01796 0.29216
v 0.08849 0.00426 0.2486
v 0.09079 0.01481 0.29545
v 0.09284 -0.00105 0.24924
v 0.06757 0.14729 0.14924
v 0.18506 0.13986 0.16235
v 0.09673 0.14785 0.14731
v 0.12178 0.14769 0.14718
v 0.10462 0.1531 0.1393
v 0.11398 0.15497 0.13551
v 0.10423 0.15885 0.12973
v 0.1327 0.16496 0.11744
v 0.07583 0.16594 0.11634
v 0.06593 0.36476 -0.20954
v 0.08676 0.36976 -0.21154
v 0.087 0.36559 -0.21167
v 0.1006 0.36341 -0.21777
v 0.10898 0.38815 -0.21614
v 0.07784 0.11537 0.25838
v 0.08566 0.11444 0.24648
v 0.08903 0.11586 0.25688
v 0.09446 0.119 0.24093
v 0.08687 0.09193 0.20649
v 0.10034 0.12353 0.24795
v 0.10054 0.12692 0.24253
v 0.08243 0.13193 0.23042
v 0.09023 0.12971 0.23156
v 0.07897 0.11582 0.18697
v 0.09586 0.1096 0.194
v 0.07589 0.02066 0.24518
v 0.08849 0.00426 0.2486
v 0.09077 0.0239 0.24308
v 0.12596 0.02041 0.24365
v 0.09284 -0.00105 0.24924
v 0.14332 -0.02199 0.25205
v 0.09446 0.03792 0.23946
v 0.12183 0.0381 0.23867
v 0.07186 0.04687 0.23334
v 0.08163 0.05957 0.22958
v 0.12625 0.06203 0.22873
v 0.12925 0.04395 0.23545
v 0.0989 0.06784 0.22348
v 0.09794 0.07658 0.21913
v 0.12081 0.07399 0.22085
v 0.12138 0.10088 0.20026
v 0.07936 0.17182 0.1267
v 0.08913 0.17028 0.1323
v 0.07583 0.16594 0.11634
v 0.10423 0.15885 0.12973
v 0.08472 0.39143 -0.17426
v 0.07989 0.37625 -0.16508
v 0.09871 0.40727 -0.16858
v 0.09097 0.41623 -0.17689
v 0.08108 0.03707 0.3002
v 0.09317 0.04172 0.29756
v 0.08857 0.04213 0.30366
v 0.09673 0.04909 0.29974
v 0.08759 0.07713 0.27952
v 0.08822 0.07847 0.27012
v 0.10047 0.08684 0.27406
v 0.0973 0.09061 0.26269
v 0.08863 0.44391 -0.21418
v 0.09711 0.44761 -0.22048
v 0.08092 0.43597 -0.2196
v 0.08792 0.44768 -0.18294
v 0.10896 0.45275 -0.18695
v 0.09935 0.45181 -0.17629
v 0.10944 0.44647 -0.22346
v 0.1203 0.44092 -0.22041
v 0.1166 0.44156 -0.22338
v 0.11628 0.44977 -0.18149
v 0.09935 0.45181 -0.17629
v 0.11406 0.44563 -0.17392
v 0.08857 0.04213 0.30366
v 0.09673 0.04909 0.29974
v 0.07139 0.04194 0.30448
v 0.09329 0.06325 0.29156
v 0.08373 0.10477 0.26053
v 0.09707 0.1012 0.26481
v 0.09141 0.09685 0.25997
v 0.0973 0.09061 0.26269
v 0.0866 0.05824 0.28236
v 0.09457 0.0472 0.28988
v 0.09446 0.03792 0.23946
v 0.08607 0.06562 0.28547
v 0.09329 0.06325 0.29156
v 0.08743 0.08301 0.21383
v 0.09141 0.09685 0.25997
v 0.09794 0.07658 0.21913
v 0.0973 0.09061 0.26269
v 0.08629 0.39 -0.20966
v 0.0964 0.40528 -0.21775
v 0.09082 0.3815 -0.21828
v 0.09281 0.41067 -0.2116
v 0.08792 0.44768 -0.18294
v 0.08617 0.44158 -0.1786
v 0.09935 0.45181 -0.17629
v 0.10042 0.44741 -0.17439
v 0.11406 0.44563 -0.17392
v 0.09781 0.43365 -0.17404
v 0.10205 0.41339 -0.17662
v 0.10952 0.41707 -0.17092
v 0.10999 0.40687 -0.17647
v 0.13514 0.39309 -0.17116
v 0.08743 0.08301 0.21383
v 0.09794 0.07658 0.21913
v 0.08687 0.09193 0.20649
v 0.12138 0.10088 0.20026
v 0.09077 0.0239 0.24308
v 0.09446 0.03792 0.23946
v 0.09457 0.0472 0.28988
v 0.09317 0.04172 0.29756
v 0.09673 0.04909 0.29974
v 0.08822 0.07847 0.27012
v 0.08163 0.05957 0.22958
v 0.0989 0.06784 0.22348
v 0.0973 0.09061 0.26269
v 0.09079 0.01481 0.29545
v 0.09251 0.00383 0.29543
v 0.09284 -0.00105 0.24924
v 0.09662 0.00263 0.30462
v 0.09719 0.01053 0.30639
v 0.08811 0.02259 0.30352
v 0.09079 0.01481 0.29545
v 0.08734 0.02425 0.29882
v 0.09719 0.01053 0.30639
v 0.09097 0.41623 -0.17689
v 0.09871 0.40727 -0.16858
v 0.10205 0.41339 -0.17662
v 0.10999 0.40687 -0.17647
v 0.10914 0.39177 -0.16994
v 0.11328 0.38765 -0.17443
v 0.10305 0.3742 -0.16474
v 0.10395 0.36209 -0.1709
v 0.08924 0.35868 -0.16111
v 0.08092 0.43597 -0.2196
v 0.10944 0.44647 -0.22346
v 0.1023 0.44026 -0.22058
v 0.10221 0.42607 -0.2197
v 0.09836 0.4106 -0.21182
v 0.11373 0.42088 -0.21991
v 0.1166 0.44156 -0.22338
v 0.12356 0.3988 -0.21405
v 0.12922 0.39271 -0.21182
v 0.13488 0.37075 -0.21175
v 0.10042 0.44741 -0.17439
v 0.09781 0.43365 -0.17404
v 0.10109 0.44004 -0.19322
v 0.10105 0.43399 -0.20074
v 0.1023 0.44026 -0.22058
v 0.09885 0.15503 0.14708
v 0.09673 0.14785 0.14731
v 0.10462 0.1531 0.1393
v 0.08879 0.15263 0.15229
v 0.08496 0.15871 0.15126
v 0.08913 0.17028 0.1323
v 0.10423 0.15885 0.12973
v 0.10462 0.1531 0.1393
v 0.08285 0.34476 -0.21714
v 0.1006 0.36341 -0.21777
v 0.09856 0.34824 -0.20589
v 0.11163 0.37768 -0.20933
v 0.10898 0.38815 -0.21614
v 0.10976 0.40442 -0.20983
v 0.0964 0.40528 -0.21775
v 0.09836 0.4106 -0.21182
v 0.10898 0.38815 -0.21614
v 0.10976 0.40442 -0.20983
v 0.10109 0.44004 -0.19322
v 0.1023 0.44026 -0.22058
v 0.10804 0.43797 -0.20663
v 0.10824 0.43644 -0.18599
v 0.09781 0.43365 -0.17404
v 0.10824 0.43644 -0.18599
v 0.10804 0.43797 -0.20663
v 0.10105 0.43399 -0.20074
v 0.10221 0.42607 -0.2197
v 0.1166 0.44156 -0.22338
v 0.21914 0.18409 0.06473
v -0.0679 0.17316 0.09574
v 0.25812 0.17646 0.08486
v 0.1327 0.16496 0.11744
v 0.14911 0.16472 0.11812
v 0.17688 0.16324 0.12006
v 0.16675 0.15766 0.12908
v 0.19611 0.16479 0.118
v 0.25815 0.15317 0.13762
v 0.21104 0.15883 0.1295
v 0.21354 0.15345 0.13638
v 0.19426 0.14312 0.15156
v -0.06412 0.34916 -0.16683
v 0.15738 0.34884 -0.16689
v 0.10395 0.36209 -0.1709
v 0.1237 0.36965 -0.168
v 0.11328 0.38765 -0.17443
v 0.11925 0.39111 -0.17073
v 0.10999 0.40687 -0.17647
v 0.09781 0.43365 -0.17404
v 0.12195 0.43349 -0.17423
v 0.11406 0.44563 -0.17392
v 0.11771 0.4244 -0.17514
v 0.10952 0.41707 -0.17092
v 0.12512 0.41503 -0.17084
v 0.13514 0.39309 -0.17116
v 0.16232 0.38856 -0.17096
v 0.14295 0.38493 -0.17107
v 0.15082 0.37358 -0.16895
v 0.12975 0.3757 -0.17168
v 0.1237 0.36965 -0.168
v 0.12795 0.38153 -0.16961
v 0.1237 0.36965 -0.168
v 0.1237 0.39523 -0.17118
v 0.10999 0.40687 -0.17647
v 0.11925 0.39111 -0.17073
v 0.1237 0.36965 -0.168
v 0.11406 0.44563 -0.17392
v 0.12195 0.43349 -0.17423
v 0.11628 0.44977 -0.18149
v 0.12459 0.43614 -0.18345
v 0.1203 0.44092 -0.22041
v 0.12367 0.43307 -0.21661
v 0.11398 0.15497 0.13551
v 0.12186 0.15718 0.14736
v 0.11786 0.16297 0.13523
v 0.12178 0.14769 0.14718
v 0.11373 0.42088 -0.21991
v 0.1166 0.44156 -0.22338
v 0.12367 0.43307 -0.21661
v 0.1203 0.44092 -0.22041
v 0.11829 0.00967 0.30257
v 0.11974 0.00399 0.30775
v 0.12182 0.01882 0.30251
v 0.12852 0.01809 0.30645
v 0.13438 -0.00538 0.31119
v 0.13765 0.00665 0.31006
v 0.14844 0.02252 0.3037
v 0.15506 0.00062 0.30776
v 0.14279 -0.00699 0.30944
v 0.15704 0.01511 0.30261
v 0.11771 0.4244 -0.17514
v 0.12012 0.42025 -0.18484
v 0.12195 0.43349 -0.17423
v 0.12367 0.43307 -0.21661
v 0.11373 0.42088 -0.21991
v 0.12459 0.43614 -0.18345
v 0.12015 0.05379 0.29718
v 0.1256 0.06327 0.29191
v 0.12384 0.05293 0.28401
v 0.12183 0.0381 0.23867
v 0.12925 0.04395 0.23545
v 0.13876 0.05942 0.28131
v 0.14229 0.06717 0.28683
v 0.1256 0.06327 0.29191
v 0.11829 0.00967 0.30257
v 0.12689 0.0158 0.29447
v 0.12217 0.00504 0.2978
v 0.12182 0.01882 0.30251
v 0.12905 0.02281 0.29713
v 0.12121 0.09451 0.27342
v 0.12376 0.10084 0.26736
v 0.12437 0.09428 0.26276
v 0.12188 0.08485 0.27672
v 0.1265 0.08048 0.21769
v 0.11974 0.00399 0.30775
v 0.11829 0.00967 0.30257
v 0.12217 0.00504 0.2978
v 0.13521 -0.00474 0.30039
v 0.13438 -0.00538 0.31119
v 0.14279 -0.00699 0.30944
v 0.14332 -0.02199 0.25205
v 0.12617 0.00424 0.24863
v 0.12183 0.0381 0.23867
v 0.12596 0.02041 0.24365
v 0.12015 0.05379 0.29718
v 0.12567 0.04008 0.28696
v 0.12557 0.04127 0.30186
v 0.12138 0.10088 0.20026
v 0.12171 0.12317 0.25086
v 0.12203 0.10842 0.19466
v 0.12643 0.1295 0.23406
v 0.12115 0.13124 0.24115
v 0.12171 0.12317 0.25086
v 0.13609 0.13938 0.23609
v 0.1395 0.11442 0.25814
v 0.12695 0.1169 0.25508
v 0.15616 0.13123 0.24609
v 0.14963 0.11581 0.25688
v 0.15899 0.12197 0.24859
v 0.12178 0.14769 0.14718
v 0.13193 0.14523 0.15155
v 0.12186 0.15718 0.14736
v 0.1506 0.15311 0.15111
v 0.14597 0.14323 0.15147
v 0.13843 0.16879 0.13866
v 0.11786 0.16297 0.13523
v 0.1592 0.15881 0.14236
v 0.12431 0.16693 0.12467
v 0.14629 0.17056 0.127
v 0.15737 0.16542 0.13277
v 0.14629 0.17056 0.127
v 0.1327 0.16496 0.11744
v 0.14911 0.16472 0.11812
v 0.12182 0.01882 0.30251
v 0.12852 0.01809 0.30645
v 0.12905 0.02281 0.29713
v 0.14844 0.02252 0.3037
v 0.14958 0.02293 0.29928
v 0.12993 0.09458 0.20628
v 0.12695 0.1169 0.25508
v 0.12171 0.12317 0.25086
v 0.12138 0.10088 0.20026
v 0.14412 0.08289 0.21436
v 0.12625 0.06203 0.22873
v 0.12925 0.04395 0.23545
v 0.14924 0.0596 0.22803
v 0.14607 0.04394 0.23584
v 0.15645 0.03386 0.24038
v 0.15735 0.06751 0.22335
v 0.18405 0.06055 0.22732
v 0.18479 0.08132 0.21546
v 0.15314 0.07875 0.21784
v 0.17894 0.10018 0.20148
v 0.14412 0.08289 0.21436
v 0.15677 0.10576 0.19754
v 0.14748 0.09653 0.20601
v 0.12993 0.09458 0.20628
v 0.19017 0.04374 0.23724
v 0.20372 0.06005 0.22895
v 0.2098 0.04329 0.23485
v 0.18067 0.03391 0.24026
v 0.18646 0.02046 0.24378
v 0.14706 0.02106 0.24463
v 0.17968 -0.00255 0.2486
v 0.1545 -0.01091 0.25091
v 0.12567 0.04008 0.28696
v 0.14201 0.03796 0.30318
v 0.12557 0.04127 0.30186
v 0.14388 0.03845 0.29093
v 0.14706 0.02106 0.24463
v 0.12596 0.02041 0.24365
v 0.12689 0.0158 0.29447
v 0.12905 0.02281 0.29713
v 0.14038 0.01836 0.29303
v 0.14958 0.02293 0.29928
v 0.12617 0.00424 0.24863
v 0.12689 0.0158 0.29447
v 0.14038 0.01836 0.29303
v 0.14919 0.00574 0.24675
v 0.08285 0.34476 -0.21714
v 0.13884 0.34662 -0.20626
v 0.25348 0.34433 -0.23026
v 0.20923 0.34669 -0.20995
v 0.23503 0.34521 -0.21954
v 0.22506 0.3482 -0.20994
v 0.25359 0.3456 -0.21895
v 0.14919 0.00574 0.24675
v 0.14706 0.02106 0.24463
v 0.12596 0.02041 0.24365
v 0.1545 -0.01091 0.25091
v 0.12121 0.09451 0.27342
v 0.15331 0.10093 0.27078
v 0.13622 0.10625 0.26349
v 0.13541 0.08102 0.28331
v 0.15717 0.08591 0.2784
v 0.1471 0.07818 0.28139
v 0.12437 0.09428 0.26276
v 0.13541 0.09906 0.26044
v 0.1265 0.08048 0.21769
v 0.14412 0.08289 0.21436
v 0.15282 0.09419 0.26079
v 0.15314 0.07875 0.21784
v 0.13727 0.07742 0.26978
v 0.12625 0.06203 0.22873
v 0.14924 0.0596 0.22803
v 0.15926 0.08856 0.27186
v 0.15735 0.06751 0.22335
v 0.1237 0.36965 -0.168
v 0.14347 0.35979 -0.17083
v 0.15082 0.37358 -0.16895
v 0.16076 0.36552 -0.17106
v 0.16232 0.38856 -0.17096
v 0.09586 0.1096 0.194
v 0.12643 0.1295 0.23406
v 0.14125 0.11856 0.19415
v 0.14942 0.1297 0.23278
v 0.13488 0.37075 -0.21175
v 0.13165 0.38537 -0.21341
v 0.14036 0.37771 -0.21172
v 0.1483 0.37676 -0.20993
v 0.12922 0.39271 -0.21182
v 0.13165 0.38537 -0.21341
v 0.14558 0.36464 -0.20994
v 0.12975 0.36194 -0.20853
v 0.13884 0.34662 -0.20626
v 0.09856 0.34824 -0.20589
v 0.11807 0.37355 -0.21186
v 0.12356 0.3988 -0.21405
v 0.11163 0.37768 -0.20933
v 0.11382 0.39699 -0.20965
v 0.10976 0.40442 -0.20983
v 0.26261 -0.28486 -0.3011
v 0.27166 -0.28181 -0.32101
v 0.29679 -0.28194 -0.31499
v 0.28769 -0.28463 -0.30123
v 0.30895 -0.28207 -0.30174
v 0.30132 -0.28401 -0.28388
v 0.31729 -0.28179 -0.27477
v 0.31705 -0.27878 -0.28973
v 0.12557 0.04127 0.30186
v 0.14201 0.03796 0.30318
v 0.15279 0.0457 0.30252
v 0.13715 0.05594 0.2995
v 0.12015 0.05379 0.29718
v 0.1256 0.06327 0.29191
v 0.15132 0.06386 0.29186
v 0.14229 0.06717 0.28683
v 0.12643 0.1295 0.23406
v 0.13609 0.13938 0.23609
v 0.14942 0.1297 0.23278
v 0.14782 0.13758 0.23492
v 0.12925 0.04395 0.23545
v 0.13876 0.05942 0.28131
v 0.14607 0.04394 0.23584
v 0.15298 0.05574 0.28575
v 0.15645 0.03386 0.24038
v 0.15889 0.04872 0.29555
v 0.12695 0.1169 0.25508
v 0.12993 0.09458 0.20628
v 0.14963 0.11581 0.25688
v 0.14748 0.09653 0.20601
v 0.11373 0.42088 -0.21991
v 0.18066 0.3587 -0.21419
v 0.12922 0.39271 -0.21182
v 0.1483 0.37676 -0.20993
v 0.16027 0.36925 -0.20976
v 0.14332 -0.02199 0.25205
v -0.1466 -0.0489 0.24889
v 0.24131 -0.04192 0.25235
v 0.25645 -0.10809 0.25095
v 0.11771 0.4244 -0.17514
v 0.16232 0.38856 -0.17096
v 0.13471 0.40653 -0.21684
v 0.15879 0.38716 -0.21573
v 0.13521 -0.00474 0.30039
v 0.14332 -0.02199 0.25205
v 0.15302 0.00301 0.29974
v 0.1545 -0.01091 0.25091
v 0.13271 0.07725 0.27938
v 0.13727 0.07742 0.26978
v 0.15343 0.07897 0.27679
v 0.1471 0.07818 0.28139
v 0.13609 0.13938 0.23609
v 0.15616 0.13123 0.24609
v 0.14782 0.13758 0.23492
v 0.1569 0.13198 0.23884
v -0.03086 -0.27018 -0.31178
v -0.20539 -0.26724 -0.29111
v 0.29541 -0.26801 -0.29148
v 0.26876 -0.2718 -0.32145
v 0.13622 0.10625 0.26349
v 0.15331 0.10093 0.27078
v 0.14786 0.10436 0.26176
v 0.15698 0.09895 0.26607
v 0.13521 -0.00474 0.30039
v 0.15302 0.00301 0.29974
v 0.14279 -0.00699 0.30944
v 0.15506 0.00062 0.30776
v 0.14229 0.06717 0.28683
v 0.15524 0.06173 0.28895
v 0.13876 0.05942 0.28131
v 0.15298 0.05574 0.28575
v 0.13622 0.10625 0.26349
v 0.14786 0.10436 0.26176
v 0.15282 0.09419 0.26079
v 0.13541 0.09906 0.26044
v 0.14748 0.09653 0.20601
v 0.15118 0.11624 0.24474
v 0.14963 0.11581 0.25688
v 0.15677 0.10576 0.19754
v 0.15484 0.12409 0.23759
v 0.13715 0.05594 0.2995
v 0.15279 0.0457 0.30252
v 0.15132 0.06386 0.29186
v 0.15827 0.0535 0.29694
v 0.1483 0.37676 -0.20993
v 0.14737 0.3696 -0.2083
v 0.14558 0.36464 -0.20994
v 0.13884 0.34662 -0.20626
v 0.14038 0.01836 0.29303
v 0.14958 0.02293 0.29928
v 0.15296 0.00886 0.29619
v 0.15704 0.01511 0.30261
v 0.14706 0.02106 0.24463
v 0.15889 0.04872 0.29555
v 0.14388 0.03845 0.29093
v 0.15645 0.03386 0.24038
v 0.13884 0.34662 -0.20626
v 0.14737 0.3696 -0.2083
v 0.16027 0.36925 -0.20976
v 0.1483 0.37676 -0.20993
v 0.14782 0.13758 0.23492
v 0.1569 0.13198 0.23884
v 0.14942 0.1297 0.23278
v 0.15484 0.12409 0.23759
v 0.15899 0.12197 0.24859
v 0.14629 0.17056 0.127
v 0.15737 0.16542 0.13277
v 0.14911 0.16472 0.11812
v 0.16675 0.15766 0.12908
v 0.14919 0.00574 0.24675
v 0.15296 0.00886 0.29619
v 0.1545 -0.01091 0.25091
v 0.15302 0.00301 0.29974
v 0.14597 0.14323 0.15147
v 0.15715 0.14967 0.14528
v 0.1506 0.15311 0.15111
v 0.1592 0.15881 0.14236
v 0.16675 0.15766 0.12908
v 0.15296 0.00886 0.29619
v 0.15704 0.01511 0.30261
v 0.15302 0.00301 0.29974
v 0.15506 0.00062 0.30776
v 0.15926 0.08856 0.27186
v 0.15735 0.06751 0.22335
v 0.15282 0.09419 0.26079
v 0.15314 0.07875 0.21784
v 0.1545 -0.01091 0.25091
v 0.14332 -0.02199 0.25205
v 0.24131 -0.04192 0.25235
v 0.20601 -0.01849 0.25477
v 0.23512 -0.03034 0.25357
v 0.23637 -0.0153 0.25207
v 0.21544 -0.00468 0.24843
v 0.2437 -0.03663 0.24857
v 0.24131 -0.04192 0.25235
v 0.25645 -0.10809 0.25095
v 0.26011 0.0103 0.24668
v 0.25645 -0.10809 0.25095
v 0.26014 -0.1044 0.2525
v 0.15118 0.11624 0.24474
v 0.15484 0.12409 0.23759
v 0.15899 0.12197 0.24859
v 0.14963 0.11581 0.25688
v 0.15298 0.05574 0.28575
v 0.15524 0.06173 0.28895
v 0.15889 0.04872 0.29555
v 0.15827 0.0535 0.29694
v 0.15279 0.0457 0.30252
v 0.15634 0.04466 0.29904
v 0.15827 0.0535 0.29694
v 0.15889 0.04872 0.29555
v 0.15717 0.08591 0.2784
v 0.15926 0.08856 0.27186
v 0.15331 0.10093 0.27078
v 0.15698 0.09895 0.26607
v 0.15879 0.38716 -0.21573
v 0.16741 0.3887 -0.21628
v 0.18066 0.3587 -0.21419
v 0.19297 0.36788 -0.21231
v 0.21594 0.3674 -0.21473
v 0.23173 0.36886 -0.21559
v 0.22711 0.37985 -0.21604
v 0.24114 0.38533 -0.21186
v 0.22462 0.39809 -0.21929
v 0.24069 0.39947 -0.21954
v 0.15738 0.34884 -0.16689
v 0.19365 0.34949 -0.16909
v 0.16076 0.36552 -0.17106
v 0.18884 0.37175 -0.1685
v 0.16232 0.38856 -0.17096
v 0.17323 0.38502 -0.17119
v 0.21405 0.3734 -0.17087
v 0.22023 0.35085 -0.16679
v 0.23308 0.38207 -0.17049
v 0.16232 0.38856 -0.17096
v 0.17636 0.40105 -0.1719
v 0.16297 0.39242 -0.17708
v 0.17513 0.39648 -0.21635
v 0.16741 0.3887 -0.21628
v 0.17297 0.14882 0.14459
v 0.17604 0.16293 0.1417
v 0.16675 0.15766 0.12908
v 0.18578 0.15391 0.15214
v 0.18653 0.16497 0.14433
v 0.19688 0.15667 0.15123
v 0.20016 0.16612 0.14055
v 0.20799 0.15695 0.14453
v 0.18365 0.16965 0.12919
v 0.17604 0.16293 0.1417
v 0.16675 0.15766 0.12908
v 0.17688 0.16324 0.12006
v 0.19247 0.17029 0.12747
v 0.20758 0.16415 0.13264
v 0.19611 0.16479 0.118
v 0.21104 0.15883 0.1295
v 0.21104 0.15883 0.1295
v 0.21354 0.15345 0.13638
v 0.25426 0.34378 -0.15513
v 0.19365 0.34949 -0.16909
v 0.15738 0.34884 -0.16689
v 0.22023 0.35085 -0.16679
v 0.25229 0.34973 -0.16249
v 0.17601 0.38987 -0.21637
v 0.17628 0.37696 -0.2132
v 0.16741 0.3887 -0.21628
v 0.18642 0.39707 -0.21558
v 0.17513 0.39648 -0.21635
v 0.19026 0.38887 -0.21447
v 0.17323 0.38502 -0.17119
v 0.17681 0.39105 -0.18331
v 0.17636 0.40105 -0.1719
v 0.17601 0.38987 -0.21637
v 0.17681 0.39105 -0.18331
v 0.18093 0.39391 -0.17481
v 0.17636 0.40105 -0.1719
v 0.18653 0.38816 -0.17511
v 0.17636 0.40105 -0.1719
v 0.18093 0.39391 -0.17481
v 0.18511 0.40115 -0.17217
v 0.18653 0.38816 -0.17511
v 0.19061 0.39497 -0.17303
v 0.17685 0.00774 0.30434
v 0.18025 0.00034 0.30812
v 0.18137 0.01899 0.30294
v 0.18944 0.00939 0.30913
v 0.19635 -0.00558 0.31122
v 0.19325 0.02288 0.30376
v 0.21434 0.00153 0.30816
v 0.21216 0.01771 0.30552
v 0.17756 0.08982 0.27037
v 0.18262 0.0808 0.27717
v 0.17997 0.0949 0.27473
v 0.18697 0.08281 0.28189
v 0.17826 0.12066 0.24775
v 0.1839 0.11737 0.25494
v 0.17849 0.13173 0.24027
v 0.19158 0.13148 0.24748
v 0.20745 0.11639 0.25698
v 0.17756 0.08982 0.27037
v 0.17997 0.0949 0.27473
v 0.18363 0.10249 0.2657
v 0.18215 0.09375 0.26094
v 0.18479 0.08132 0.21546
v 0.19134 0.09899 0.26026
v 0.20077 0.08281 0.21485
v 0.20167 0.09821 0.25939
v 0.2112 0.07817 0.2172
v 0.21156 0.08885 0.26439
v 0.18025 0.00034 0.30812
v 0.18201 0.00093 0.29732
v 0.18566 -0.00524 0.30491
v 0.17685 0.00774 0.30434
v 0.17968 -0.00255 0.2486
v 0.17636 0.40105 -0.1719
v 0.18511 0.40115 -0.17217
v 0.17513 0.39648 -0.21635
v 0.18642 0.39707 -0.21558
v 0.17688 0.16324 0.12006
v 0.18365 0.16965 0.12919
v 0.19247 0.17029 0.12747
v 0.19611 0.16479 0.118
v 0.18405 0.06055 0.22732
v 0.17756 0.08982 0.27037
v 0.18479 0.08132 0.21546
v 0.18262 0.0808 0.27717
v 0.17872 0.05128 0.2931
v 0.18479 0.04571 0.30245
v 0.18233 0.06153 0.28924
v 0.19924 0.05787 0.29964
v 0.19923 0.06721 0.28672
v 0.21013 0.06519 0.28962
v 0.21794 0.05047 0.29973
v 0.17826 0.12066 0.24775
v 0.1807 0.12354 0.23741
v 0.191 0.11434 0.24633
v 0.1839 0.11737 0.25494
v 0.20331 0.11363 0.2546
v 0.17872 0.05128 0.2931
v 0.18262 0.04228 0.29625
v 0.18479 0.04571 0.30245
v 0.18646 0.02046 0.24378
v 0.18067 0.03391 0.24026
v 0.17601 0.38987 -0.21637
v 0.18753 0.38545 -0.21054
v 0.17681 0.39105 -0.18331
v 0.18653 0.38816 -0.17511
v 0.17849 0.13173 0.24027
v 0.19158 0.13148 0.24748
v 0.19131 0.13884 0.23558
v 0.20252 0.13938 0.23655
v 0.20745 0.11639 0.25698
v 0.21804 0.12811 0.24696
v 0.21757 0.13135 0.24126
v 0.21007 0.13576 0.23464
v 0.17323 0.38502 -0.17119
v 0.18884 0.37175 -0.1685
v 0.17628 0.37696 -0.2132
v 0.19297 0.36788 -0.21231
v 0.21594 0.3674 -0.21473
v 0.21405 0.3734 -0.17087
v 0.17894 0.10018 0.20148
v 0.18479 0.08132 0.21546
v 0.18734 0.09417 0.20604
v 0.2116 0.09627 0.20346
v 0.20077 0.08281 0.21485
v 0.2112 0.07817 0.2172
v 0.17872 0.05128 0.2931
v 0.19447 0.06025 0.28279
v 0.18067 0.03391 0.24026
v 0.19017 0.04374 0.23724
v 0.18137 0.01899 0.30294
v 0.18894 0.0179 0.29446
v 0.17685 0.00774 0.30434
v 0.18973 0.02429 0.29861
v 0.1807 0.12354 0.23741
v 0.18683 0.13042 0.23196
v 0.17903 0.10932 0.19366
v 0.19898 0.11831 0.18645
v 0.20551 0.13113 0.23157
v 0.20968 0.11395 0.19056
v 0.21147 0.12614 0.23572
v 0.21457 0.10421 0.19937
v 0.17997 0.0949 0.27473
v 0.20267 0.10621 0.26502
v 0.18363 0.10249 0.2657
v 0.18697 0.08281 0.28189
v 0.21608 0.08873 0.27744
v 0.18137 0.01899 0.30294
v 0.19325 0.02288 0.30376
v 0.18973 0.02429 0.29861
v 0.20476 0.02434 0.29868
v 0.21216 0.01771 0.30552
v 0.18511 0.40115 -0.17217
v 0.19061 0.39497 -0.17303
v 0.18642 0.39707 -0.21558
v 0.19026 0.38887 -0.21447
v 0.18262 0.04228 0.29625
v 0.19654 0.03825 0.30378
v 0.18479 0.04571 0.30245
v 0.18646 0.02046 0.24378
v 0.18215 0.09375 0.26094
v 0.18363 0.10249 0.2657
v 0.19614 0.10474 0.26052
v 0.19134 0.09899 0.26026
v 0.20167 0.09821 0.25939
v 0.21223 0.10123 0.26394
v 0.20267 0.10621 0.26502
v 0.21156 0.08885 0.26439
v 0.21828 0.0909 0.27224
v 0.18753 0.38545 -0.21054
v 0.19026 0.38887 -0.21447
v 0.18653 0.38816 -0.17511
v 0.19061 0.39497 -0.17303
v 0.17968 -0.00255 0.2486
v 0.18894 0.0179 0.29446
v 0.20547 0.00456 0.24883
v 0.20748 0.01628 0.29571
v 0.18405 0.06055 0.22732
v 0.20553 0.08042 0.2702
v 0.18262 0.0808 0.27717
v 0.20372 0.06005 0.22895
v 0.18262 0.0808 0.27717
v 0.20553 0.08042 0.2702
v 0.19543 0.07715 0.28073
v 0.21225 0.08108 0.27502
v 0.18566 -0.00524 0.30491
v 0.20631 -0.00256 0.29939
v 0.19635 -0.00558 0.31122
v 0.21434 0.00153 0.30816
v 0.20252 0.13938 0.23655
v 0.21007 0.13576 0.23464
v 0.19131 0.13884 0.23558
v 0.18683 0.13042 0.23196
v 0.20551 0.13113 0.23157
v 0.18646 0.02046 0.24378
v 0.17968 -0.00255 0.2486
v 0.20981 0.02061 0.24347
v 0.20547 0.00456 0.24883
v 0.21727 0.03647 0.23941
v 0.20981 0.02061 0.24347
v 0.19654 0.03825 0.30378
v 0.18646 0.02046 0.24378
v 0.21164 0.04203 0.29185
v 0.2161 0.0432 0.29932
v 0.191 0.11434 0.24633
v 0.2062 0.11629 0.24542
v 0.20331 0.11363 0.2546
v 0.2141 0.11771 0.25061
v 0.20745 0.11639 0.25698
v 0.18973 0.02429 0.29861
v 0.20476 0.02434 0.29868
v 0.18894 0.0179 0.29446
v 0.20748 0.01628 0.29571
v 0.21577 0.01308 0.29928
v 0.19447 0.06025 0.28279
v 0.21126 0.05706 0.28459
v 0.2098 0.04329 0.23485
v 0.19017 0.04374 0.23724
v 0.2648 0.29791 -0.29168
v 0.26499 -0.17988 -0.29156
v -0.16935 0.29811 -0.2918
v 0.29401 0.05738 -0.28873
v 0.29382 0.30987 -0.28838
v 0.25894 0.30808 -0.28984
v 0.24266 0.31062 -0.29232
v 0.29042 0.32194 -0.2841
v 0.19688 0.15667 0.15123
v 0.19426 0.14312 0.15156
v 0.20799 0.15695 0.14453
v 0.21354 0.15345 0.13638
v 0.19447 0.06025 0.28279
v 0.19923 0.06721 0.28672
v 0.21126 0.05706 0.28459
v 0.21013 0.06519 0.28962
v 0.21794 0.05728 0.29022
v 0.19654 0.03825 0.30378
v 0.21794 0.05047 0.29973
v 0.18479 0.04571 0.30245
v 0.2161 0.0432 0.29932
v 0.20372 0.06005 0.22895
v 0.21171 0.06548 0.22559
v 0.20553 0.08042 0.2702
v 0.21156 0.08885 0.26439
v 0.20267 0.10621 0.26502
v 0.21608 0.08873 0.27744
v 0.21223 0.10123 0.26394
v 0.21828 0.0909 0.27224
v 0.21147 0.12614 0.23572
v 0.20551 0.13113 0.23157
v 0.21007 0.13576 0.23464
v 0.21757 0.13135 0.24126
v 0.20631 -0.00256 0.29939
v 0.20601 -0.01849 0.25477
v 0.21152 0.0033 0.29789
v 0.21544 -0.00468 0.24843
v 0.20631 -0.00256 0.29939
v 0.21152 0.0033 0.29789
v 0.21434 0.00153 0.30816
v 0.21577 0.01308 0.29928
v 0.2116 0.09627 0.20346
v 0.21457 0.10421 0.19937
v 0.2062 0.11629 0.24542
v 0.21147 0.12614 0.23572
v 0.21164 0.04203 0.29185
v 0.20981 0.02061 0.24347
v 0.21727 0.03647 0.23941
v 0.21126 0.05706 0.28459
v 0.21156 0.08885 0.26439
v 0.21225 0.08108 0.27502
v 0.20553 0.08042 0.2702
v 0.21828 0.0909 0.27224
v 0.2062 0.11629 0.24542
v 0.21147 0.12614 0.23572
v 0.21757 0.13135 0.24126
v 0.2141 0.11771 0.25061
v 0.21804 0.12811 0.24696
v 0.21126 0.05706 0.28459
v 0.21794 0.05728 0.29022
v 0.21164 0.04203 0.29185
v 0.21794 0.05047 0.29973
v 0.2161 0.0432 0.29932
v 0.20547 0.00456 0.24883
v 0.21544 -0.00468 0.24843
v 0.21727 0.03647 0.23941
v 0.22906 0.0184 0.24503
v 0.23637 -0.0153 0.25207
v 0.23018 0.03391 0.23999
v 0.25789 0.02652 0.23886
v 0.23291 -0.00971 0.24696
v 0.23282 0.06686 0.22129
v 0.25962 0.05937 0.22696
v 0.26011 0.0103 0.24668
v 0.21405 0.3734 -0.17087
v 0.22565 0.37489 -0.21464
v 0.21594 0.3674 -0.21473
v 0.22427 0.37855 -0.17118
v 0.23112 0.21192 0.05718
v 0.23053 0.23185 0.04983
v -0.1356 0.28972 0.03587
v 0.2314 0.2495 0.04656
v 0.23105 0.28767 0.03807
v 0.19426 0.14312 0.15156
v 0.23309 0.14249 0.15255
v 0.25815 0.15317 0.13762
v 0.25836 0.1201 0.17846
v 0.2394 0.13048 0.16913
v 0.23321 0.12459 0.17464
v 0.23121 0.07953 0.21434
v 0.25962 0.05937 0.22696
v 0.23282 0.06686 0.22129
v 0.18066 0.3587 -0.21419
v 0.23173 0.36886 -0.21559
v 0.20923 0.34669 -0.20995
v 0.22506 0.3482 -0.20994
v 0.22146 0.40121 -0.17365
v 0.22507 0.4087 -0.17589
v 0.22157 0.40169 -0.21423
v 0.22486 0.40488 -0.21629
v 0.22157 0.40169 -0.21423
v 0.22462 0.39809 -0.21929
v 0.22711 0.37985 -0.21604
v 0.22146 0.40121 -0.17365
v 0.22427 0.37855 -0.17118
v 0.22565 0.37489 -0.21464
v 0.2112 0.07817 0.2172
v 0.21727 0.03647 0.23941
v 0.23121 0.07953 0.21434
v 0.23018 0.03391 0.23999
v 0.23282 0.06686 0.22129
v 0.23173 0.36886 -0.21559
v 0.23062 0.35847 -0.20924
v 0.22506 0.3482 -0.20994
v 0.24114 0.38533 -0.21186
v 0.22146 0.40121 -0.17365
v 0.23308 0.38207 -0.17049
v 0.22817 0.40411 -0.17098
v 0.22427 0.37855 -0.17118
v 0.22507 0.4087 -0.17589
v 0.2378 0.40853 -0.17495
v 0.22486 0.40488 -0.21629
v 0.24414 0.40152 -0.21355
v 0.24069 0.39947 -0.21954
v 0.24699 0.40282 -0.17604
v 0.22023 0.35085 -0.16679
v 0.23971 0.37644 -0.17654
v 0.23308 0.38207 -0.17049
v 0.23867 0.39287 -0.17636
v 0.22817 0.40411 -0.17098
v 0.23062 0.35847 -0.20924
v 0.24063 0.36457 -0.20975
v 0.22506 0.3482 -0.20994
v 0.24114 0.38533 -0.21186
v 0.22992 0.09928 0.20264
v 0.23121 0.07953 0.21434
v 0.23321 0.12459 0.17464
v 0.23065 0.12565 0.17787
v 0.23821 0.13623 0.16745
v 0.23105 0.29353 0.04669
v 0.23105 0.28767 0.03807
v 0.2314 0.2495 0.04656
v 0.23147 0.21322 0.06686
v 0.23053 0.23185 0.04983
v 0.23112 0.21192 0.05718
v 0.23503 0.34521 -0.21954
v 0.22506 0.3482 -0.20994
v 0.24063 0.36457 -0.20975
v 0.24384 0.36546 -0.21675
v 0.24114 0.38533 -0.21186
v 0.24069 0.39947 -0.21954
v 0.22817 0.40411 -0.17098
v 0.25165 0.38661 -0.17114
v 0.2378 0.40853 -0.17495
v 0.24699 0.40282 -0.17604
v 0.22023 0.35085 -0.16679
v 0.25229 0.34973 -0.16249
v 0.23689 0.35448 -0.16337
v 0.24458 0.36962 -0.16673
v 0.25165 0.38661 -0.17114
v 0.24394 0.38883 -0.17024
v 0.23291 0.35607 -0.17056
v 0.23689 0.35448 -0.16337
v 0.24458 0.36962 -0.16673
v 0.23971 0.37644 -0.17654
v 0.24394 0.38883 -0.17024
v 0.23867 0.39287 -0.17636
v 0.23105 0.29353 0.04669
v 0.26461 0.29434 0.04821
v 0.25634 0.30525 0.04579
v 0.26059 0.20384 0.07236
v 0.26449 0.23982 0.06334
v 0.23147 0.21322 0.06686
v 0.25609 0.19187 0.0736
v 0.23637 -0.0153 0.25207
v 0.26011 0.0103 0.24668
v 0.23291 -0.00971 0.24696
v 0.25789 0.02652 0.23886
v 0.21914 0.18409 0.06473
v 0.25776 0.18606 0.06383
v 0.25609 0.19187 0.0736
v 0.25864 0.18873 0.06981
v 0.23503 0.34521 -0.21954
v 0.24384 0.36546 -0.21675
v 0.25359 0.3456 -0.21895
v 0.25123 0.38478 -0.21532
v 0.24069 0.39947 -0.21954
v 0.24069 0.39947 -0.21954
v 0.24414 0.40152 -0.21355
v 0.25123 0.38478 -0.21532
v 0.24699 0.40282 -0.17604
v 0.25165 0.38661 -0.17114
v 0.25359 0.3456 -0.21895
v 0.25229 0.34973 -0.16249
v 0.25426 0.34378 -0.15513
v 0.24475 -0.13675 0.3422
v 0.2429 -0.2649 0.34124
v 0.24983 -0.26442 0.33922
v 0.25435 -0.11767 0.33881
v 0.29352 -0.26848 0.34025
v 0.29405 -0.11781 0.3372
v 0.25348 0.34433 -0.23026
v 0.25359 0.3456 -0.21895
v 0.26188 0.32614 -0.24435
v 0.26189 0.32626 -0.13198
v 0.25776 0.18606 0.06383
v 0.25718 0.18038 0.06583
v 0.25864 0.18873 0.06981
v 0.25812 0.17646 0.08486
v 0.25815 0.15317 0.13762
v 0.26029 0.18259 0.1151
v 0.25753 -0.11436 0.27277
v 0.25435 -0.11767 0.33881
v 0.26143 -0.10824 0.2947
v 0.26014 -0.1044 0.2525
v 0.25645 -0.10809 0.25095
v 0.26103 -0.09785 0.27495
v 0.26043 -0.08381 0.26487
v 0.26066 -0.06787 0.26315
v 0.26011 0.0103 0.24668
v 0.26058 -0.01522 0.28011
v 0.26106 0.05325 0.2674
v 0.25962 0.05937 0.22696
v 0.26077 0.00957 0.28008
v 0.25609 0.19187 0.0736
v 0.25864 0.18873 0.06981
v 0.26059 0.20384 0.07236
v 0.2667 0.22126 0.06342
v 0.26449 0.23982 0.06334
v 0.26669 0.25714 0.05382
v 0.26461 0.29434 0.04821
v 0.26628 0.28399 0.0476
v 0.26239 0.30487 0.03979
v 0.25815 0.15317 0.13762
v 0.25836 0.1201 0.17846
v 0.26091 0.16733 0.15469
v 0.25962 0.05937 0.22696
v 0.26106 0.05325 0.2674
v 0.26049 0.10291 0.23371
v 0.26027 0.14687 0.18559
v 0.26027 0.14687 0.18559
v 0.26049 0.10291 0.23371
v 0.29382 0.14751 0.18483
v 0.26091 0.16733 0.15469
v 0.29427 0.17134 0.14562
v 0.25864 0.18873 0.06981
v 0.26029 0.18259 0.1151
v 0.29317 0.19021 0.06896
v 0.29427 0.17134 0.14562
v 0.28962 0.32456 0.03175
v 0.26239 0.30487 0.03979
v 0.26628 0.28399 0.0476
v 0.29302 0.3108 0.03696
v 0.29412 0.25248 0.05422
v 0.26669 0.25714 0.05382
v 0.2667 0.22126 0.06342
v 0.29317 0.19021 0.06896
v 0.25864 0.18873 0.06981
v 0.26049 0.10291 0.23371
v 0.29408 0.0743 0.25522
v 0.29382 0.14751 0.18483
v 0.26106 0.05325 0.2674
v 0.29393 0.0452 0.27071
v 0.26077 0.00957 0.28008
v 0.29409 -0.00872 0.28059
v 0.26058 -0.01522 0.28011
v 0.26066 -0.06787 0.26315
v 0.29417 -0.06138 0.26402
v 0.26043 -0.08381 0.26487
v 0.29413 -0.07774 0.26314
v 0.29325 -0.10102 0.27927
v 0.29413 -0.07774 0.26314
v 0.26043 -0.08381 0.26487
v 0.26103 -0.09785 0.27495
v 0.26143 -0.10824 0.2947
v 0.25435 -0.11767 0.33881
v 0.29405 -0.11781 0.3372
v 0.26876 -0.2718 -0.32145
v 0.29541 -0.26801 -0.29148
v 0.30099 -0.27043 -0.31102
v 0.31739 -0.27055 -0.27641
v 0.31506 -0.27194 -0.29415
v 0.30957 -0.27034 -0.21365
v 0.29623 -0.26846 -0.13845
v 0.26876 -0.2718 -0.32145
v 0.30099 -0.27043 -0.31102
v 0.27166 -0.28181 -0.32101
v 0.29679 -0.28194 -0.31499
v 0.29042 0.32194 -0.2841
v 0.29626 0.30897 -0.25202
v 0.29382 0.30987 -0.28838
v 0.29401 0.05738 -0.28873
v 0.29042 0.32194 -0.2841
v 0.28962 0.32456 0.03175
v 0.29302 0.3108 0.03696
v 0.29626 0.30897 -0.25202
v 0.29465 0.29962 0.0143
v 0.29412 0.25248 0.05422
v 0.29317 0.19021 0.06896
v 0.29533 0.12783 0.01243
v 0.29441 0.21488 -0.07919
v 0.29637 0.23348 -0.08479
v 0.29749 0.2145 -0.0844
v 0.2945 0.12791 -0.05753
v 0.29795 0.12012 -0.06814
v 0.29479 0.11004 -0.10624
v 0.29822 0.12484 0.01864
v 0.29551 -0.24031 -0.07302
v 0.29623 -0.26846 -0.13845
v 0.29583 -0.22137 -0.11419
v 0.29541 -0.26801 -0.29148
v 0.29565 -0.1805 -0.16494
v 0.29575 -0.15659 -0.18223
v 0.29786 -0.19693 -0.14635
v 0.29806 -0.1492 -0.17421
v 0.29825 -0.12024 -0.18735
v 0.29792 -0.18957 -0.14205
v 0.29778 -0.20431 -0.12264
v 0.29625 -0.09417 -0.19427
v 0.29655 -0.0605 -0.18628
v 0.29465 -0.11813 -0.18469
v 0.29832 -0.02906 -0.1961
v 0.29562 0.00328 -0.18516
v 0.29541 0.05227 -0.13977
v 0.2956 -0.05428 -0.13645
v 0.29504 -0.03423 -0.20937
v 0.29553 0.0144 -0.19543
v 0.2984 0.0261 -0.18086
v 0.29401 0.05738 -0.28873
v 0.2967 -0.08987 -0.2058
v 0.29575 -0.15659 -0.18223
v 0.29541 -0.26801 -0.29148
v 0.29449 -0.19427 -0.12989
v 0.29792 -0.18957 -0.14205
v 0.29451 -0.1747 -0.15131
v 0.29778 -0.20431 -0.12264
v 0.29386 -0.21165 -0.10049
v 0.29501 -0.22029 -0.08918
v 0.29787 -0.22916 -0.09603
v 0.29786 -0.19693 -0.14635
v 0.29811 -0.22863 -0.07255
v 0.29416 -0.2231 -0.07109
v 0.29568 -0.15465 0.16044
v 0.29352 -0.26848 0.34025
v 0.29531 -0.19171 0.13309
v 0.29325 -0.10102 0.27927
v 0.29405 -0.11781 0.3372
v 0.29542 -0.10597 0.17998
v 0.29413 -0.07774 0.26314
v 0.29417 -0.06138 0.26402
v 0.29393 0.0452 0.27071
v 0.29409 -0.00872 0.28059
v 0.29558 0.00273 0.1744
v 0.29569 0.03626 0.15882
v 0.29408 0.0743 0.25522
v 0.29382 0.14751 0.18483
v 0.29469 -0.23487 0.07111
v 0.29531 -0.19171 0.13309
v 0.29352 -0.26848 0.34025
v 0.29623 -0.26846 -0.13845
v 0.29551 -0.24031 -0.07302
v 0.29591 -0.23329 -0.04989
v 0.29811 -0.22863 -0.07255
v 0.29644 -0.20958 0.00169
v 0.29529 -0.18251 0.01007
v 0.29659 -0.22207 -0.0534
v 0.29416 -0.2231 -0.07109
v 0.29628 -0.21565 -0.08464
v 0.29547 -0.19497 -0.06814
v 0.29659 -0.18104 -0.0537
v 0.29632 -0.15302 -0.00288
v 0.29491 -0.14527 -0.0996
v 0.29599 -0.14998 -0.02977
v 0.29567 -0.12476 0.04482
v 0.29803 -0.13553 -0.04546
v 0.2959 -0.11704 -0.08846
v 0.29798 -0.09454 -0.09046
v 0.29533 0.12783 0.01243
v 0.29317 0.19021 0.06896
v 0.29427 0.17134 0.14562
v 0.29548 0.11392 0.06508
v 0.29441 0.21488 -0.07919
v 0.2945 0.12791 -0.05753
v 0.29479 0.11004 -0.10624
v 0.29558 0.20646 -0.09292
v 0.29485 0.21371 -0.116
v 0.29483 0.08657 -0.14321
v 0.29401 0.05738 -0.28873
v 0.29553 0.0144 -0.19543
v 0.29565 0.05802 -0.15132
v 0.29595 0.08838 -0.11759
v 0.29795 0.12012 -0.06814
v 0.29624 0.04145 -0.16661
v 0.29778 0.05621 -0.16931
v 0.2984 0.0261 -0.18086
v 0.29562 0.00328 -0.18516
v 0.29541 0.05227 -0.13977
v 0.29687 0.06326 -0.08251
v 0.29606 0.01848 -0.10231
v 0.29676 0.0883 -0.04585
v 0.29677 0.10873 -0.07163
v 0.29553 0.11391 -0.04204
v 0.29818 0.11658 0.01652
v 0.29822 0.12484 0.01864
v 0.29485 0.21371 -0.116
v 0.29401 0.05738 -0.28873
v 0.29626 0.30897 -0.25202
v 0.29564 0.23117 -0.11562
v 0.29465 0.29962 0.0143
v 0.29637 0.23348 -0.08479
v 0.29448 0.09065 0.1122
v 0.29427 0.17134 0.14562
v 0.29569 0.03626 0.15882
v 0.29575 0.10032 0.09227
v 0.29548 0.11392 0.06508
v 0.29822 0.12484 0.01864
v 0.2962 0.10821 0.04641
v 0.29818 0.11658 0.01652
v 0.29553 0.11391 -0.04204
v 0.29552 0.08626 0.01083
v 0.29581 0.09669 0.07311
v 0.29605 0.06185 0.12414
v 0.29786 0.0464 0.15015
v 0.29501 -0.22029 -0.08918
v 0.29628 -0.21565 -0.08464
v 0.29416 -0.2231 -0.07109
v 0.29386 -0.21165 -0.10049
v 0.29449 -0.19427 -0.12989
v 0.29654 -0.18966 -0.11941
v 0.29663 -0.17261 -0.13945
v 0.29615 -0.15524 -0.13095
v 0.29451 -0.1747 -0.15131
v 0.29467 -0.15129 -0.16886
v 0.29685 -0.16246 -0.11973
v 0.29547 -0.19497 -0.06814
v 0.29491 -0.14527 -0.0996
v 0.2963 -0.10491 -0.18249
v 0.29465 -0.11813 -0.18469
v 0.29655 -0.0605 -0.18628
v 0.2956 -0.05428 -0.13645
v 0.29397 -0.12795 -0.12004
v 0.29798 -0.09454 -0.09046
v 0.29622 -0.14302 0.15326
v 0.2978 -0.17058 0.13785
v 0.29496 -0.17479 0.12987
v 0.2981 -0.20543 0.1135
v 0.29493 -0.20216 0.09869
v 0.29789 -0.2276 0.05565
v 0.29625 -0.09417 -0.19427
v 0.29465 -0.11813 -0.18469
v 0.29825 -0.12024 -0.18735
v 0.29806 -0.1492 -0.17421
v 0.29467 -0.15129 -0.16886
v 0.29451 -0.1747 -0.15131
v 0.29792 -0.18957 -0.14205
v 0.29451 0.08888 0.08304
v 0.29581 0.09669 0.07311
v 0.2945 0.07704 0.10057
v 0.29605 0.06185 0.12414
v 0.29651 0.00032 0.08976
v 0.29636 -0.0581 0.1148
v 0.29643 -0.06529 0.0826
v 0.29488 0.00285 0.10592
v 0.29634 -0.05113 0.12617
v 0.29409 -0.06737 0.13423
v 0.29584 -0.08198 0.12531
v 0.29525 -0.06355 0.17112
v 0.29466 -0.02682 0.16695
v 0.2983 -0.06936 0.18335
v 0.29523 -0.03331 0.1315
v 0.29522 0.00882 0.1572
v 0.29562 0.0306 0.14561
v 0.2965 0.01148 0.13906
v 0.29663 0.03351 0.11433
v 0.29605 0.06185 0.12414
v 0.2945 0.07704 0.10057
v 0.29554 0.07026 0.07361
v 0.29451 0.08888 0.08304
v 0.2964 0.03133 0.09587
v 0.2967 0.03985 0.04857
v 0.29675 0.08651 0.04318
v 0.29581 0.09669 0.07311
v 0.29552 0.08626 0.01083
v 0.29743 0.05007 0.00269
v 0.29412 0.02436 0.08111
v 0.29529 0.04 0.0171
v 0.3002 0.03037 -0.01016
v 0.29568 0.02162 0.05076
v 0.30152 0.02257 0.01372
v 0.30123 0.00091 0.04578
v 0.29759 0.00843 0.02811
v 0.30152 0.02257 0.01372
v 0.2956 -0.05428 -0.13645
v 0.29606 0.01848 -0.10231
v 0.2957 -0.04508 -0.10923
v 0.29798 -0.09454 -0.09046
v 0.29606 0.01848 -0.10231
v 0.29572 0.00556 -0.08603
v 0.2957 -0.04508 -0.10923
v 0.29701 0.03408 -0.07698
v 0.29687 0.06326 -0.08251
v 0.29638 0.03794 -0.04983
v 0.29553 0.06711 -0.01502
v 0.30133 0.00341 -0.06471
v 0.30138 -0.02463 -0.08951
v 0.29747 0.02476 -0.05159
v 0.3002 0.03037 -0.01016
v 0.29743 0.05007 0.00269
v 0.29552 0.08626 0.01083
v 0.29546 0.08774 -0.01036
v 0.29676 0.0883 -0.04585
v 0.29553 0.11391 -0.04204
v 0.29352 -0.26848 0.34025
v 0.30952 -0.28209 0.32387
v 0.29623 -0.26846 -0.13845
v 0.30957 -0.27034 -0.21365
v 0.29749 -0.02888 0.05666
v 0.30127 -0.04981 0.06923
v 0.29761 -0.08893 0.05505
v 0.30166 -0.08485 0.06329
v 0.29643 -0.06529 0.0826
v 0.29563 -0.00735 0.06989
v 0.29651 0.00032 0.08976
v 0.30123 0.00091 0.04578
v 0.30127 -0.04981 0.06923
v 0.29643 -0.06529 0.0826
v 0.29742 0.003 -0.0596
v 0.29789 -0.02092 -0.07908
v 0.30133 0.00341 -0.06471
v 0.29817 0.01819 -0.0351
v 0.29786 0.0464 0.15015
v 0.29562 0.0306 0.14561
v 0.29605 0.06185 0.12414
v 0.29522 0.00882 0.1572
v 0.29822 0.01625 0.1676
v 0.29783 -0.00194 0.16484
v 0.29466 -0.02682 0.16695
v 0.29684 -0.03423 0.18261
v 0.2983 -0.06936 0.18335
v 0.29742 0.01681 0.01049
v 0.30152 0.02257 0.01372
v 0.29759 0.00843 0.02811
v 0.29817 0.01819 -0.0351
v 0.2976 -0.08825 -0.07864
v 0.29785 -0.05871 -0.08678
v 0.29764 -0.10746 -0.06451
v 0.30626 -0.07147 -0.03813
v 0.29845 -0.12472 -0.0357
v 0.30528 -0.01917 -0.03287
v 0.29789 -0.02092 -0.07908
v 0.30483 -0.0385 0.03032
v 0.30349 -0.10211 0.00922
v 0.2975 -0.12357 0.01683
v 0.29761 -0.08893 0.05505
v 0.29749 -0.02888 0.05666
v 0.298 -0.11374 0.0356
v 0.30122 -0.13193 0.01751
v 0.30181 -0.13144 -0.03601
v 0.29845 -0.12472 -0.0357
v 0.29764 -0.10746 -0.06451
v 0.30177 -0.10241 -0.077
v 0.2976 -0.08825 -0.07864
v 0.29525 -0.06355 0.17112
v 0.2983 -0.06936 0.18335
v 0.29825 -0.1238 0.17223
v 0.29545 -0.10177 0.16706
v 0.29665 -0.11502 0.13398
v 0.29584 -0.08198 0.12531
v 0.29622 -0.14302 0.15326
v 0.29568 -0.15465 0.16044
v 0.29477 -0.11382 0.10033
v 0.29636 -0.0581 0.1148
v 0.29643 -0.06529 0.0826
v 0.29653 -0.13532 0.08139
v 0.29606 -0.13672 0.11046
v 0.29646 -0.16892 0.09914
v 0.29493 -0.20216 0.09869
v 0.29496 -0.17479 0.12987
v 0.2978 -0.17058 0.13785
v 0.29531 -0.19171 0.13309
v 0.2981 -0.20543 0.1135
v 0.29789 -0.02092 -0.07908
v 0.29785 -0.05871 -0.08678
v 0.30145 -0.06261 -0.0944
v 0.30177 -0.10241 -0.077
v 0.29564 0.23117 -0.11562
v 0.32709 0.23177 -0.11484
v 0.29485 0.21371 -0.116
v 0.32613 0.21338 -0.11062
v 0.29564 0.23117 -0.11562
v 0.29617 0.23902 -0.10671
v 0.32709 0.23177 -0.11484
v 0.32643 0.2408 -0.09482
v 0.29759 0.00843 0.02811
v 0.30123 0.00091 0.04578
v 0.29759 -0.0135 0.04893
v 0.29749 -0.02888 0.05666
v 0.30127 -0.04981 0.06923
v 0.29759 -0.0135 0.04893
v 0.29749 -0.02888 0.05666
v 0.30483 -0.0385 0.03032
v 0.29759 0.00843 0.02811
v 0.29742 0.01681 0.01049
v 0.30528 -0.01917 -0.03287
v 0.29817 0.01819 -0.0351
v 0.29742 0.003 -0.0596
v 0.29789 -0.02092 -0.07908
v 0.29599 -0.14998 -0.02977
v 0.30181 -0.13144 -0.03601
v 0.30122 -0.13193 0.01751
v 0.29803 -0.13553 -0.04546
v 0.2959 -0.11704 -0.08846
v 0.30177 -0.10241 -0.077
v 0.29798 -0.09454 -0.09046
v 0.30145 -0.06261 -0.0944
v 0.2957 -0.04508 -0.10923
v 0.30138 -0.02463 -0.08951
v 0.29572 0.00556 -0.08603
v 0.30133 0.00341 -0.06471
v 0.29643 -0.06529 0.0826
v 0.30166 -0.08485 0.06329
v 0.30127 -0.04981 0.06923
v 0.29579 -0.10823 0.06927
v 0.29653 -0.13532 0.08139
v 0.30122 -0.11275 0.04766
v 0.30122 -0.13193 0.01751
v 0.29567 -0.12476 0.04482
v 0.30122 -0.13193 0.01751
v 0.2957 -0.14236 0.04271
v 0.29567 -0.12476 0.04482
v 0.29632 -0.15302 -0.00288
v 0.29583 -0.17385 0.03365
v 0.29493 -0.20216 0.09869
v 0.29529 -0.18251 0.01007
v 0.29673 -0.21561 0.05694
v 0.29458 -0.21765 0.06932
v 0.29469 -0.23487 0.07111
v 0.29617 0.23902 -0.10671
v 0.29637 0.23348 -0.08479
v 0.32643 0.2408 -0.09482
v 0.32064 0.23379 -0.08478
v 0.29679 -0.28194 -0.31499
v 0.30099 -0.27043 -0.31102
v 0.30895 -0.28207 -0.30174
v 0.31705 -0.27878 -0.28973
v 0.31506 -0.27194 -0.29415
v 0.29558 0.20646 -0.09292
v 0.29732 0.21026 -0.10946
v 0.3269 0.20832 -0.09112
v 0.32628 0.20763 -0.10198
v 0.29485 0.21371 -0.116
v 0.32613 0.21338 -0.11062
v 0.29732 0.21026 -0.10946
v 0.32628 0.20763 -0.10198
v 0.29558 0.20646 -0.09292
v 0.3269 0.20832 -0.09112
v 0.29749 0.2145 -0.0844
v 0.32646 0.22528 -0.0846
v 0.29637 0.23348 -0.08479
v 0.32064 0.23379 -0.08478
v 0.31739 -0.27055 -0.27641
v 0.30957 -0.27034 -0.21365
v 0.31932 -0.27526 -0.26615
v 0.31705 -0.27878 -0.28973
v 0.31506 -0.27194 -0.29415
v 0.31729 -0.28179 -0.27477
v 0.32628 0.20763 -0.10198
v 0.33175 0.19011 -0.09218
v 0.3269 0.20832 -0.09112
v 0.32613 0.21338 -0.11062
v 0.33083 0.19526 -0.1178
v 0.33458 0.18956 -0.10717
v 0.33505 0.19596 -0.12431
v 0.33067 0.21117 -0.13258
v 0.32709 0.23177 -0.11484
v 0.33279 0.24487 -0.13454
v 0.3351 0.23215 -0.13938
v 0.32643 0.2408 -0.09482
v 0.33277 0.26489 -0.09958
v 0.33503 0.26079 -0.1186
v 0.33263 0.25199 -0.07042
v 0.33516 0.26237 -0.08431
v 0.32646 0.22528 -0.0846
v 0.3305 0.23956 -0.06528
v 0.32918 0.2179 -0.06704
v 0.33082 0.1955 -0.08007
v 0.33175 0.19011 -0.09218
v 0.33474 0.20287 -0.06699
v 0.33383 0.22425 -0.05965
v 0.33389 0.24342 -0.06348
v 0.33263 0.25199 -0.07042
v 0.33067 0.21117 -0.13258
v 0.33505 0.19596 -0.12431
v 0.33083 0.19526 -0.1178
v 0.33497 0.20359 -0.13195
v 0.33389 0.24342 -0.06348
v 0.33651 0.25397 -0.07242
v 0.33263 0.25199 -0.07042
v 0.33516 0.26237 -0.08431
v 0.33082 0.1955 -0.08007
v 0.33691 0.19007 -0.09166
v 0.33474 0.20287 -0.06699
v 0.33175 0.19011 -0.09218
v 0.33458 0.18956 -0.10717
v 0.33389 0.24342 -0.06348
v 0.33655 0.23047 -0.06112
v 0.33651 0.25397 -0.07242
v 0.33827 0.21656 -0.06429
v 0.3375 0.23337 -0.08635
v 0.33729 0.21759 -0.08887
v 0.33691 0.19007 -0.09166
v 0.33474 0.20287 -0.06699
v 0.34027 0.24746 -0.10154
v 0.33639 0.23859 -0.10601
v 0.33986 0.25706 -0.10225
v 0.33516 0.26237 -0.08431
v 0.33277 0.26489 -0.09958
v 0.33503 0.26079 -0.1186
v 0.33458 0.18956 -0.10717
v 0.33505 0.19596 -0.12431
v 0.33691 0.19007 -0.09166
v 0.33844 0.2038 -0.12767
v 0.33497 0.20359 -0.13195
v 0.3351 0.23215 -0.13938
v 0.34023 0.20861 -0.10878
v 0.33729 0.21759 -0.08887
v 0.3403 0.23254 -0.11954
v 0.33555 0.24955 -0.13211
v 0.3351 0.23215 -0.13938
v 0.33503 0.26079 -0.1186
v 0.33986 0.25706 -0.10225
v 0.34027 0.24746 -0.10154
v 0.33639 0.23859 -0.10601
v 0.3374 0.21548 -0.1084
v 0.3403 0.23254 -0.11954
v 0.34023 0.20861 -0.10878
v 0.33666 0.21217 -0.10336
v 0.3375 0.23337 -0.08635
v 0.34363 0.22823 -0.1006
v 0.33639 0.23859 -0.10601
v 0.34229 0.22269 -0.09412
v 0.33729 0.21759 -0.08887
v 0.33666 0.21217 -0.10336
v 0.34229 0.22269 -0.09412
v 0.33729 0.21759 -0.08887
v 0.3374 0.21548 -0.1084
v 0.34363 0.22823 -0.1006
vn -0.78748 -0.43247 0.43915
vn -0.78748 -0.43247 0.43915
vn -0.78748 -0.43247 0.43915
vn 0.99496 0.02056 0.09816
vn 0.99496 0.02056 0.09816
vn 0.99496 0.02056 0.09816
vn 0.66391 0.11919 -0.73825
vn 0.66391 0.11919 -0.73825
vn 0.66391 0.11919 -0.73825
vn 0.99867 -0.01643 0.04897
vn 0.99867 -0.01643 0.04897
vn 0.99867 -0.01643 0.04897
vn -0.14042 0.85733 -0.49525
vn -0.14042 0.85733 -0.49525
vn -0.14042 0.85733 -0.49525
vn 0.35339 -0.15118 -0.92318
vn 0.35339 -0.15118 -0.92318
vn 0.35339 -0.15118 -0.92318
vn -0.06136 -0.68385 0.72704
vn -0.06136 -0.68385 0.72704
vn -0.06136 -0.68385 0.72704
vn 0.67473 -0.21491 0.70608
vn 0.67473 -0.21491 0.70608
vn 0.67473 -0.21491 0.70608
vn -0.982 0.13165 -0.13543
vn -0.982 0.13165 -0.13543
vn -0.982 0.13165 -0.13543
vn -0.67895 0.73389 -0.0209
vn -0.67895 0.73389 -0.0209
vn -0.67895 0.73389 -0.0209
vn -0.44927 0.42945 0.78341
vn -0.44927 0.42945 0.78341
vn -0.44927 0.42945 0.78341
vn -0.99661 0.05686 -0.05944
vn -0.99661 0.05686 -0.05944
vn -0.99661 0.05686 -0.05944
vn -0.12653 0.99196 -0.00111
vn -0.12653 0.99196 -0.00111
vn -0.12653 0.99196 -0.00111
vn 0.6967 -0.30406 0.64973
vn 0.6967 -0.30406 0.64973
vn 0.6967 -0.30406 0.64973
vn 0.27828 0.51687 -0.80957
vn 0.27828 0.51687 -0.80957
vn 0.27828 0.51687 -0.80957
vn -0.96907 -0.09574 -0.22745
vn -0.96907 -0.09574 -0.22745
vn -0.96907 -0.09574 -0.22745
vn -0.89221 -0.3353 -0.30255
vn -0.89221 -0.3353 -0.30255
vn -0.89221 -0.3353 -0.30255
vn -0.47345 0.00256 -0.88081
vn -0.47345 0.00256 -0.88081
vn -0.47345 0.00256 -0.88081
vn -0.56769 0.06928 -0.82032
vn -0.56769 0.06928 -0.82032
vn -0.56769 0.06928 -0.82032
vn -0.5286 -0.26187 0.80747
vn -0.5286 -0.26187 0.80747
vn -0.5286 -0.26187 0.80747
vn -0.84097 -0.54068 0.02088
vn -0.84097 -0.54068 0.02088
vn -0.84097 -0.54068 0.02088
vn -0.99476 0.10214 -0.00524
vn -0.99476 0.10214 -0.00524
vn -0.99476 0.10214 -0.00524
vn 0.95426 -0.14946 0.25895
vn 0.95426 -0.14946 0.25895
vn 0.95426 -0.14946 0.25895
vn 0.77459 -0.20678 0.59771
vn 0.77459 -0.20678 0.59771
vn 0.77459 -0.20678 0.59771
vn -0.99933 0.01539 0.03313
vn -0.99949 0.01351 0.02896
vn -0.99925 0.01632 0.03506
vn 0.71188 0.69634 0.09129
vn 0.71188 0.69634 0.09129
vn 0.71188 0.69634 0.09129
vn -0.30315 -0.34251 -0.88926
vn -0.30315 -0.34251 -0.88926
vn -0.30315 -0.34251 -0.88926
vn -0.68966 0.58248 0.43021
vn -0.68966 0.58248 0.43021
vn -0.68966 0.58248 0.43021
vn -0.99949 0.01351 0.02896
vn -0.99933 0.01539 0.03313
vn -0.99955 0.01271 0.02705
vn -0.05163 0.28945 -0.9558
vn -0.05163 0.28945 -0.9558
vn -0.05163 0.28945 -0.9558
vn 0.98524 -0.16766 -0.03462
vn 0.98524 -0.16766 -0.03462
vn 0.98524 -0.16766 -0.03462
vn -0.61042 -0.27795 -0.74171
vn -0.61042 -0.27795 -0.74171
vn -0.61042 -0.27795 -0.74171
vn 0.00085 0.49852 0.86688
vn 0.00085 0.49852 0.86688
vn 0.00085 0.49852 0.86688
vn 0.16294 -0.86467 0.47519
vn 0.16294 -0.86467 0.47519
vn 0.16294 -0.86467 0.47519
vn -0.50606 0.86168 0.03759
vn -0.50606 0.86168 0.03759
vn -0.50606 0.86168 0.03759
vn 0.94774 0.04936 -0.31521
vn 0.94774 0.04936 -0.31521
vn 0.94774 0.04936 -0.31521
vn -0.99542 0.01061 0.095
vn -0.14837 0.58335 0.79856
vn -0.99075 -0.05846 0.12249
vn -0.84309 0.16228 -0.51271
vn -0.99881 -0.01083 -0.04756
vn -0.85402 0.4076 -0.32328
vn -0.85268 0.52207 -0.01943
vn -0.85268 0.52207 -0.01943
vn -0.85268 0.52207 -0.01943
vn -0.99936 0.03559 0.00216
vn -0.99936 0.03559 0.00216
vn -0.99936 0.03559 0.00216
vn -0.80368 -0.14939 -0.576
vn -0.80368 -0.14939 -0.576
vn -0.80368 -0.14939 -0.576
vn -0.47624 0.82883 -0.29366
vn -0.47624 0.82883 -0.29366
vn -0.47624 0.82883 -0.29366
vn -0.60555 0.55941 -0.56601
vn -0.60555 0.55941 -0.56601
vn -0.60555 0.55941 -0.56601
vn -0.98753 -0.03724 0.15294
vn -0.98753 -0.03724 0.15294
vn -0.98753 -0.03724 0.15294
vn 0.58675 0.02445 0.8094
vn 0.58675 0.02445 0.8094
vn 0.58675 0.02445 0.8094
vn -0.78701 -0.31732 -0.52907
vn -0.78701 -0.31732 -0.52907
vn -0.78701 -0.31732 -0.52907
vn -0.04103 0.99916 0.00013
vn -0.04103 0.99916 0.00013
vn -0.04103 0.99916 0.00013
vn -0.09299 0.00471 -0.99566
vn -0.09299 0.00471 -0.99566
vn -0.09299 0.00471 -0.99566
vn 0.00017 0.99306 0.11761
vn 0.00017 0.99306 0.11761
vn 0.00017 0.99306 0.11761
vn -0.93143 -0.31821 0.1766
vn -0.93143 -0.31821 0.1766
vn -0.93143 -0.31821 0.1766
vn 0.55814 -0.82507 0.08801
vn 0.55814 -0.82507 0.08801
vn 0.55814 -0.82507 0.08801
vn 0.0483 0.22769 0.97253
vn 0.0483 0.22769 0.97253
vn 0.0483 0.22769 0.97253
vn 0.32421 0.90908 -0.26165
vn 0.32421 0.90908 -0.26165
vn 0.32421 0.90908 -0.26165
vn 0.76303 0.5723 0.30042
vn 0.76303 0.5723 0.30042
vn 0.76303 0.5723 0.30042
vn 0.99477 -0.01928 -0.10035
vn 0.99477 -0.01928 -0.10035
vn 0.99477 -0.01928 -0.10035
vn -0.84686 0.1239 -0.51718
vn -0.84686 0.1239 -0.51718
vn -0.84686 0.1239 -0.51718
vn 0.54096 -0.21216 0.81385
vn 0.54096 -0.21216 0.81385
vn 0.54096 -0.21216 0.81385
vn -0.90684 -0.15003 -0.39386
vn -0.90684 -0.15003 -0.39386
vn -0.90684 -0.15003 -0.39386
vn 0.75149 0.37464 0.54305
vn 0.75149 0.37464 0.54305
vn 0.75149 0.37464 0.54305
vn -0.3169 0.12214 0.94056
vn -0.3169 0.12214 0.94056
vn -0.3169 0.12214 0.94056
vn -0.9398 0.06133 0.33619
vn -0.9398 0.06133 0.33619
vn -0.9398 0.06133 0.33619
vn -0.78668 0.354 0.50578
vn -0.78668 0.354 0.50578
vn -0.78668 0.354 0.50578
vn 0.6384 0.76353 0.0973
vn 0.6384 0.76353 0.0973
vn 0.6384 0.76353 0.0973
vn 0.0417 -0.79236 -0.60863
vn 0.0417 -0.79236 -0.60863
vn 0.0417 -0.79236 -0.60863
vn 0.04095 -0.5446 0.83769
vn 0.04095 -0.5446 0.83769
vn 0.04095 -0.5446 0.83769
vn -0.70795 0.70617 -0.01136
vn -0.70795 0.70617 -0.01136
vn -0.70795 0.70617 -0.01136
vn -0.48655 0.32308 0.81172
vn -0.48655 0.32308 0.81172
vn -0.48655 0.32308 0.81172
vn -0.19238 0.74516 0.63853
vn -0.19238 0.74516 0.63853
vn -0.19238 0.74516 0.63853
vn -0.13098 0.1802 0.97487
vn 0.03709 0.24898 0.9678
vn -0.24631 -0.2177 0.94442
vn -0.999 -0.0267 0.03584
vn -0.999 -0.0267 0.03584
vn -0.999 -0.0267 0.03584
vn -0.6572 0.19542 0.72794
vn -0.66216 0.19568 0.72336
vn -0.65473 0.19531 0.73019
vn -0.42658 -0.60027 -0.67654
vn -0.42658 -0.60027 -0.67654
vn -0.42658 -0.60027 -0.67654
vn -0.6572 0.19542 0.72794
vn -0.66464 0.19583 0.72104
vn -0.66216 0.19568 0.72336
vn 0.76157 -0.25721 -0.59486
vn 0.76157 -0.25721 -0.59486
vn 0.76157 -0.25721 -0.59486
vn 0.49299 0.1176 -0.86205
vn 0.49299 0.1176 -0.86205
vn 0.49299 0.1176 -0.86205
vn 0.46767 0.86802 -0.16684
vn 0.46767 0.86802 -0.16684
vn 0.46767 0.86802 -0.16684
vn 0.9607 0.27696 0.01856
vn 0.9607 0.27696 0.01856
vn 0.9607 0.27696 0.01856
vn 0.31473 0.3702 -0.87401
vn 0.31473 0.3702 -0.87401
vn 0.31473 0.3702 -0.87401
vn 0.91832 -0.38782 -0.07921
vn 0.91832 -0.38782 -0.07921
vn 0.91832 -0.38782 -0.07921
vn 0.55 -0.19839 -0.81126
vn 0.55 -0.19839 -0.81126
vn 0.55 -0.19839 -0.81126
vn -0.44653 0.7919 0.41655
vn -0.44653 0.7919 0.41655
vn -0.44653 0.7919 0.41655
vn -0.04327 0.47344 0.87976
vn -0.04327 0.47344 0.87976
vn -0.04327 0.47344 0.87976
vn 0.14431 -0.24812 0.95792
vn 0.14431 -0.24812 0.95792
vn 0.14431 -0.24812 0.95792
vn -0.11097 0.98085 -0.16008
vn -0.11097 0.98085 -0.16008
vn -0.11097 0.98085 -0.16008
vn -0.49495 0.71048 -0.50024
vn -0.49495 0.71048 -0.50024
vn -0.49495 0.71048 -0.50024
vn -0.84586 -0.14158 0.51427
vn -0.84586 -0.14158 0.51427
vn -0.84586 -0.14158 0.51427
vn 0.01416 -0.56759 0.82319
vn 0.01416 -0.56759 0.82319
vn 0.01416 -0.56759 0.82319
vn 0.03957 -0.28352 0.95815
vn 0.03957 -0.28352 0.95815
vn 0.03957 -0.28352 0.95815
vn 0.03098 0.99849 0.04546
vn 0.03098 0.99849 0.04546
vn 0.03098 0.99849 0.04546
vn -0.02427 0.91673 0.39877
vn -0.02427 0.91673 0.39877
vn -0.02427 0.91673 0.39877
vn -0.10829 0.25262 0.96149
vn -0.10829 0.25262 0.96149
vn -0.10829 0.25262 0.96149
vn -0.82508 0.32143 0.46468
vn -0.82508 0.32143 0.46468
vn -0.82508 0.32143 0.46468
vn -0.72602 -0.68504 0.06018
vn -0.72602 -0.68504 0.06018
vn -0.72602 -0.68504 0.06018
vn 0.00055 0.60926 0.79297
vn 0.00055 0.60926 0.79297
vn 0.00055 0.60926 0.79297
vn -0.20503 0.0874 -0.97485
vn -0.20503 0.0874 -0.97485
vn -0.20503 0.0874 -0.97485
vn 0.08099 -0.46665 -0.88073
vn 0.08099 -0.46665 -0.88073
vn 0.08099 -0.46665 -0.88073
vn 0.05121 -0.1491 -0.98749
vn 0.05121 -0.1491 -0.98749
vn 0.05121 -0.1491 -0.98749
vn -0.18907 0.98015 -0.05972
vn -0.18907 0.98015 -0.05972
vn -0.18907 0.98015 -0.05972
vn -0.43101 -0.05693 -0.90055
vn -0.43101 -0.05693 -0.90055
vn -0.43101 -0.05693 -0.90055
vn -0.10579 0.97532 -0.1938
vn -0.10579 0.97532 -0.1938
vn -0.10579 0.97532 -0.1938
vn -0.51293 -0.84465 0.15318
vn -0.51293 -0.84465 0.15318
vn -0.51293 -0.84465 0.15318
vn -0.06243 0.2183 0.97388
vn -0.06243 0.2183 0.97388
vn -0.06243 0.2183 0.97388
vn -0.00713 0.67438 0.73835
vn -0.00713 0.67438 0.73835
vn -0.00713 0.67438 0.73835
vn -0.0495 -0.07121 -0.99623
vn -0.0495 -0.07121 -0.99623
vn -0.0495 -0.07121 -0.99623
vn -0.81786 0.3061 -0.48724
vn -0.81786 0.3061 -0.48724
vn -0.81786 0.3061 -0.48724
vn -0.54796 0.49346 0.67545
vn -0.54796 0.49346 0.67545
vn -0.54796 0.49346 0.67545
vn -0.93946 0.23329 0.25098
vn -0.16563 0.77538 0.60939
vn -0.13198 0.98291 0.12829
vn 0.84655 0.5191 -0.11785
vn 0.84655 0.5191 -0.11785
vn 0.84655 0.5191 -0.11785
vn -0.80702 -0.49646 -0.31975
vn -0.80702 -0.49646 -0.31975
vn -0.80702 -0.49646 -0.31975
vn -0.98513 -0.1275 0.11518
vn -0.98513 -0.1275 0.11518
vn -0.98513 -0.1275 0.11518
vn 0.18417 0.05588 -0.9813
vn 0.18417 0.05588 -0.9813
vn 0.18417 0.05588 -0.9813
vn -0.99607 0.05337 0.07074
vn -0.99607 0.05337 0.07074
vn -0.99607 0.05337 0.07074
vn 0.26257 0.75509 0.60075
vn 0.26257 0.75509 0.60075
vn 0.26257 0.75509 0.60075
vn -0.90299 -0.41467 0.11249
vn -0.90299 -0.41467 0.11249
vn -0.90299 -0.41467 0.11249
vn -0.53613 0.82543 -0.17672
vn -0.53613 0.82543 -0.17672
vn -0.53613 0.82543 -0.17672
vn -0.68239 0.72708 -0.07553
vn -0.68239 0.72708 -0.07553
vn -0.68239 0.72708 -0.07553
vn -0.75587 -0.59251 0.27855
vn -0.75587 -0.59251 0.27855
vn -0.75587 -0.59251 0.27855
vn -0.42485 0.24203 -0.87231
vn -0.42485 0.24203 -0.87231
vn -0.42485 0.24203 -0.87231
vn -0.89126 0.07251 0.44767
vn -0.89126 0.07251 0.44767
vn -0.89126 0.07251 0.44767
vn -0.42468 0.90227 -0.07448
vn -0.42468 0.90227 -0.07448
vn -0.42468 0.90227 -0.07448
vn -0.08388 0.90628 0.41426
vn -0.08388 0.90628 0.41426
vn -0.08388 0.90628 0.41426
vn -0.02696 -0.06769 -0.99734
vn -0.02696 -0.06769 -0.99734
vn -0.02696 -0.06769 -0.99734
vn -0.82147 0.53261 -0.20375
vn -0.82147 0.53261 -0.20375
vn -0.82147 0.53261 -0.20375
vn -0.39872 0.0987 -0.91175
vn -0.39872 0.0987 -0.91175
vn -0.39872 0.0987 -0.91175
vn -0.00022 0.96108 0.27626
vn -0.00022 0.96108 0.27626
vn -0.00022 0.96108 0.27626
vn 0.00434 0.95803 -0.28664
vn 0.00434 0.95803 -0.28664
vn 0.00434 0.95803 -0.28664
vn 0.17991 -0.90427 0.3872
vn 0.17991 -0.90427 0.3872
vn 0.17991 -0.90427 0.3872
vn -0.15324 0.34451 -0.92619
vn -0.15324 0.34451 -0.92619
vn -0.15324 0.34451 -0.92619
vn 0.16546 0.92886 -0.33143
vn 0.16546 0.92886 -0.33143
vn 0.16546 0.92886 -0.33143
vn 0.2277 0.53009 0.8168
vn 0.2277 0.53009 0.8168
vn 0.2277 0.53009 0.8168
vn 0.12064 0.79821 -0.59017
vn 0.12064 0.79821 -0.59017
vn 0.12064 0.79821 -0.59017
vn -0.59677 -0.21674 -0.77258
vn -0.59677 -0.21674 -0.77258
vn -0.59677 -0.21674 -0.77258
vn 0.46417 -0.28073 0.84008
vn 0.46417 -0.28073 0.84008
vn 0.46417 -0.28073 0.84008
vn 0.47894 0.8359 -0.26811
vn 0.47894 0.8359 -0.26811
vn 0.47894 0.8359 -0.26811
vn 0.42023 -0.45753 0.78363
vn 0.42023 -0.45753 0.78363
vn 0.42023 -0.45753 0.78363
vn 0.55284 -0.65063 0.52063
vn 0.55284 -0.65063 0.52063
vn 0.55284 -0.65063 0.52063
vn 0.4473 0.29057 -0.84587
vn 0.4473 0.29057 -0.84587
vn 0.4473 0.29057 -0.84587
vn 0.06281 0.30831 0.94921
vn 0.06281 0.30831 0.94921
vn 0.06281 0.30831 0.94921
vn 0.96451 0.20428 -0.16732
vn 0.96451 0.20428 -0.16732
vn 0.96451 0.20428 -0.16732
vn 0.86708 0.48877 -0.09631
vn 0.86708 0.48877 -0.09631
vn 0.86708 0.48877 -0.09631
vn 0.6733 0.72191 -0.15973
vn 0.6733 0.72191 -0.15973
vn 0.6733 0.72191 -0.15973
vn 0.64349 -0.664 -0.38082
vn 0.64349 -0.664 -0.38082
vn 0.64349 -0.664 -0.38082
vn 0.87719 -0.46933 0.1013
vn 0.87719 -0.46933 0.1013
vn 0.87719 -0.46933 0.1013
vn 0.70278 0.69034 -0.17183
vn 0.70278 0.69034 -0.17183
vn 0.70278 0.69034 -0.17183
vn 0.9319 0.35601 -0.06946
vn 0.9319 0.35601 -0.06946
vn 0.9319 0.35601 -0.06946
vn 0.39718 -0.7373 -0.54647
vn 0.39718 -0.7373 -0.54647
vn 0.39718 -0.7373 -0.54647
vn 0.82379 0.15442 -0.54546
vn 0.82379 0.15442 -0.54546
vn 0.82379 0.15442 -0.54546
vn 0.55288 0.70965 0.43673
vn 0.55288 0.70965 0.43673
vn 0.55288 0.70965 0.43673
vn 0.85695 0.01197 -0.51526
vn 0.85695 0.01197 -0.51526
vn 0.85695 0.01197 -0.51526
vn 0.15781 -0.94975 0.27032
vn 0.15781 -0.94975 0.27032
vn 0.15781 -0.94975 0.27032
vn 0.97301 0.22061 -0.06769
vn 0.97301 0.22061 -0.06769
vn 0.97301 0.22061 -0.06769
vn 0.85832 -0.51307 -0.00748
vn 0.85832 -0.51307 -0.00748
vn 0.85832 -0.51307 -0.00748
vn 0.93932 -0.20838 0.2725
vn 0.93932 -0.20838 0.2725
vn 0.93932 -0.20838 0.2725
vn 0.05006 -0.51617 -0.85502
vn 0.05006 -0.51617 -0.85502
vn 0.05006 -0.51617 -0.85502
vn 0.94019 0.24433 -0.23738
vn 0.94019 0.24433 -0.23738
vn 0.94019 0.24433 -0.23738
vn 0.79157 -0.42137 -0.44257
vn 0.79157 -0.42137 -0.44257
vn 0.79157 -0.42137 -0.44257
vn 0.9832 0.04191 0.17767
vn 0.9832 0.04191 0.17767
vn 0.9832 0.04191 0.17767
vn 0.06735 -0.5905 -0.80422
vn 0.06735 -0.5905 -0.80422
vn 0.06735 -0.5905 -0.80422
vn -0.00244 0.99995 0.01012
vn -0.00154 0.99997 0.00755
vn -0.00175 0.99997 0.00815
vn 0.24443 -0.00582 0.96965
vn 0.24443 -0.00582 0.96965
vn 0.24443 -0.00582 0.96965
vn -0.51646 0.78069 -0.35183
vn -0.55329 0.245 0.79614
vn -0.49421 0.22909 -0.83862
vn -0.17731 0.51634 0.83783
vn -0.17731 0.51634 0.83783
vn -0.17731 0.51634 0.83783
vn -0.27886 -0.1255 0.9521
vn -0.27886 -0.1255 0.9521
vn -0.27886 -0.1255 0.9521
vn 0.23621 -0.46799 0.85158
vn 0.23621 -0.46799 0.85158
vn 0.23621 -0.46799 0.85158
vn -0.10624 0.02129 -0.99411
vn -0.10624 0.02129 -0.99411
vn -0.10624 0.02129 -0.99411
vn 0.00401 -0.97801 0.2085
vn 0.00401 -0.97801 0.2085
vn 0.00401 -0.97801 0.2085
vn 0.09246 -0.92979 -0.35628
vn 0.09246 -0.92979 -0.35628
vn 0.09246 -0.92979 -0.35628
vn -0.005 0.84995 0.52684
vn -0.005 0.84995 0.52684
vn -0.005 0.84995 0.52684
vn 0.59437 -0.27943 0.75408
vn 0.59437 -0.27943 0.75408
vn 0.59437 -0.27943 0.75408
vn -0.52045 0.19088 0.83228
vn -0.52045 0.19088 0.83228
vn -0.52045 0.19088 0.83228
vn 0.19109 -0.33118 0.92402
vn 0.19109 -0.33118 0.92402
vn 0.19109 -0.33118 0.92402
vn 0.22775 -0.70706 -0.66947
vn 0.22775 -0.70706 -0.66947
vn 0.22775 -0.70706 -0.66947
vn -0.29356 0.65058 0.70041
vn -0.29356 0.65058 0.70041
vn -0.29356 0.65058 0.70041
vn 0.27938 -0.2804 0.91833
vn 0.27938 -0.2804 0.91833
vn 0.27938 -0.2804 0.91833
vn 0.26685 -0.82983 -0.49008
vn 0.26685 -0.82983 -0.49008
vn 0.26685 -0.82983 -0.49008
vn 0.55542 -0.2878 0.78018
vn 0.55542 -0.2878 0.78018
vn 0.55542 -0.2878 0.78018
vn 0.00056 0.99721 -0.07462
vn 0.00056 0.99721 -0.07462
vn 0.00056 0.99721 -0.07462
vn 0.63442 0.68646 0.35536
vn 0.63442 0.68646 0.35536
vn 0.63442 0.68646 0.35536
vn -0.94593 0.1382 0.29346
vn -0.94593 0.1382 0.29346
vn -0.94593 0.1382 0.29346
vn -0.03679 0.24178 0.96963
vn -0.03679 0.24178 0.96963
vn -0.03679 0.24178 0.96963
vn 0.79834 0.58001 -0.16198
vn 0.79834 0.58001 -0.16198
vn 0.79834 0.58001 -0.16198
vn 0.92306 -0.22371 -0.31291
vn 0.92306 -0.22371 -0.31291
vn 0.92306 -0.22371 -0.31291
vn 0.14282 -0.65128 0.74528
vn -0.00644 -0.60047 0.79962
vn 0.24461 -0.46353 0.85165
vn -0.06069 -0.66124 -0.74771
vn -0.06069 -0.66124 -0.74771
vn -0.06069 -0.66124 -0.74771
vn 0.72994 -0.67239 0.12276
vn 0.72994 -0.67239 0.12276
vn 0.72994 -0.67239 0.12276
vn -0.47042 -0.10283 -0.87643
vn -0.47042 -0.10283 -0.87643
vn -0.47042 -0.10283 -0.87643
vn 0.04063 0.08772 -0.99532
vn 0.04063 0.08772 -0.99532
vn 0.04063 0.08772 -0.99532
vn 0.16403 -0.98604 0.02859
vn 0.16403 -0.98604 0.02859
vn 0.16403 -0.98604 0.02859
vn -0.2913 -0.24637 -0.92436
vn -0.2913 -0.24637 -0.92436
vn -0.2913 -0.24637 -0.92436
vn -0.91028 0.14396 0.38816
vn -0.91028 0.14396 0.38816
vn -0.91028 0.14396 0.38816
vn -0.34232 0.93614 -0.08038
vn -0.34232 0.93614 -0.08038
vn -0.34232 0.93614 -0.08038
vn -0.97288 0.23131 -0.00252
vn -0.97288 0.23131 -0.00252
vn -0.97288 0.23131 -0.00252
vn -0.58196 0.28986 0.75981
vn -0.58196 0.28986 0.75981
vn -0.58196 0.28986 0.75981
vn -0.78134 -0.14944 -0.60595
vn -0.96132 -0.10495 -0.25464
vn -0.9841 -0.16079 -0.07551
vn -0.3253 0.73558 0.59422
vn -0.3253 0.73558 0.59422
vn -0.3253 0.73558 0.59422
vn -0.84973 -0.52574 -0.03936
vn -0.84973 -0.52574 -0.03936
vn -0.84973 -0.52574 -0.03936
vn -0.82969 0.40328 -0.38597
vn -0.82969 0.40328 -0.38597
vn -0.82969 0.40328 -0.38597
vn 0.61664 0.38878 -0.68455
vn 0.61664 0.38878 -0.68455
vn 0.61664 0.38878 -0.68455
vn -0.56634 0.14363 0.81156
vn -0.56634 0.14363 0.81156
vn -0.56634 0.14363 0.81156
vn -0.33722 -0.54861 -0.76506
vn -0.33722 -0.54861 -0.76506
vn -0.33722 -0.54861 -0.76506
vn -0.89785 0.41584 -0.1447
vn -0.89785 0.41584 -0.1447
vn -0.89785 0.41584 -0.1447
vn 0.90802 0.39998 -0.12456
vn 0.90802 0.39998 -0.12456
vn 0.90802 0.39998 -0.12456
vn -0.01619 0.95363 0.30055
vn -0.01619 0.95363 0.30055
vn -0.01619 0.95363 0.30055
vn 0.68916 0.48751 -0.53608
vn 0.68916 0.48751 -0.53608
vn 0.68916 0.48751 -0.53608
vn -0.51366 -0.79256 0.32862
vn -0.51366 -0.79256 0.32862
vn -0.51366 -0.79256 0.32862
vn -0.2949 0.67297 0.67834
vn -0.04642 0.56267 0.82538
vn -0.38876 0.17321 0.90491
vn -0.38849 -0.92063 -0.03889
vn -0.38849 -0.92063 -0.03889
vn -0.38849 -0.92063 -0.03889
vn -0.00498 -0.06356 0.99797
vn -0.00498 -0.06356 0.99797
vn -0.00498 -0.06356 0.99797
vn -0.27112 0.65625 0.70415
vn -0.27112 0.65625 0.70415
vn -0.27112 0.65625 0.70415
vn -0.51468 0.6014 -0.61109
vn -0.51468 0.6014 -0.61109
vn -0.51468 0.6014 -0.61109
vn -0.21051 0.61685 -0.75841
vn -0.21051 0.61685 -0.75841
vn -0.21051 0.61685 -0.75841
vn 0.72545 0.40044 0.55979
vn 0.72545 0.40044 0.55979
vn 0.72545 0.40044 0.55979
vn -0.43461 -0.83036 -0.34873
vn -0.43461 -0.83036 -0.34873
vn -0.43461 -0.83036 -0.34873
vn -0.2933 0.69897 -0.65223
vn -0.2933 0.69897 -0.65223
vn -0.2933 0.69897 -0.65223
vn -0.30193 0.92981 -0.21045
vn -0.30193 0.92981 -0.21045
vn -0.30193 0.92981 -0.21045
vn 0.3876 0.54932 -0.74028
vn 0.3876 0.54932 -0.74028
vn 0.3876 0.54932 -0.74028
vn -0.06034 0.99756 -0.035
vn -0.06034 0.99756 -0.035
vn -0.06034 0.99756 -0.035
vn -0.11021 0.36036 -0.92628
vn -0.11021 0.36036 -0.92628
vn -0.11021 0.36036 -0.92628
vn -0.27872 -0.17672 -0.94397
vn -0.27872 -0.17672 -0.94397
vn -0.27872 -0.17672 -0.94397
vn -0.90707 0.21229 -0.36354
vn -0.90707 0.21229 -0.36354
vn -0.90707 0.21229 -0.36354
vn -0.28818 0.93268 -0.21695
vn -0.28818 0.93268 -0.21695
vn -0.28818 0.93268 -0.21695
vn -0.12642 0.24302 -0.96175
vn -0.12642 0.24302 -0.96175
vn -0.12642 0.24302 -0.96175
vn -0.02345 0.20529 -0.97842
vn -0.02345 0.20529 -0.97842
vn -0.02345 0.20529 -0.97842
vn -0.35189 -0.66002 0.66374
vn -0.35189 -0.66002 0.66374
vn -0.35189 -0.66002 0.66374
vn 0.04277 0.32696 0.94407
vn 0.04277 0.32696 0.94407
vn 0.04277 0.32696 0.94407
vn -0.05648 0.9283 -0.36753
vn -0.05648 0.9283 -0.36753
vn -0.05648 0.9283 -0.36753
vn -0.60914 0.03967 -0.79207
vn -0.60914 0.03967 -0.79207
vn -0.60914 0.03967 -0.79207
vn 0.03002 0.93148 -0.36256
vn 0.03002 0.93148 -0.36256
vn 0.03002 0.93148 -0.36256
vn 0.00191 0.58579 0.81046
vn 0.00191 0.58579 0.81046
vn 0.00191 0.58579 0.81046
vn -0.04739 -0.10995 -0.99281
vn -0.04739 -0.10995 -0.99281
vn -0.04739 -0.10995 -0.99281
vn 0.1295 -0.48161 0.86676
vn 0.1295 -0.48161 0.86676
vn 0.1295 -0.48161 0.86676
vn -0.1242 0.99196 0.02407
vn -0.1242 0.99196 0.02407
vn -0.1242 0.99196 0.02407
vn 0.1839 -0.95624 -0.22758
vn 0.1839 -0.95624 -0.22758
vn 0.1839 -0.95624 -0.22758
vn -0.08795 0.67802 -0.72976
vn -0.08795 0.67802 -0.72976
vn -0.08795 0.67802 -0.72976
vn -0.00784 0.31302 0.94971
vn -0.00784 0.31302 0.94971
vn -0.00784 0.31302 0.94971
vn 0.99727 0.03372 -0.06575
vn 0.99727 0.03372 -0.06575
vn 0.99727 0.03372 -0.06575
vn 0.50253 0.70579 -0.49932
vn 0.59449 0.3084 -0.74261
vn 0.69742 0.47673 -0.5351
vn 0.28838 0.74277 0.60427
vn 0.28838 0.74277 0.60427
vn 0.28838 0.74277 0.60427
vn 0.68384 0.12492 -0.71885
vn 0.68384 0.12492 -0.71885
vn 0.68384 0.12492 -0.71885
vn 0.88468 -0.31447 -0.34417
vn 0.88468 -0.31447 -0.34417
vn 0.88468 -0.31447 -0.34417
vn 0.83728 -0.43063 0.33692
vn 0.83728 -0.43063 0.33692
vn 0.83728 -0.43063 0.33692
vn 0.56477 -0.23357 -0.7915
vn 0.56477 -0.23357 -0.7915
vn 0.56477 -0.23357 -0.7915
vn 0.54804 -0.80987 0.20919
vn 0.54804 -0.80987 0.20919
vn 0.54804 -0.80987 0.20919
vn 0.55519 0.77009 -0.31422
vn 0.55519 0.77009 -0.31422
vn 0.55519 0.77009 -0.31422
vn 0.74161 -0.60189 -0.29621
vn 0.74161 -0.60189 -0.29621
vn 0.74161 -0.60189 -0.29621
vn 0.59584 -0.46106 0.65757
vn 0.59584 -0.46106 0.65757
vn 0.59584 -0.46106 0.65757
vn 0.04157 -0.22531 -0.9734
vn 0.04157 -0.22531 -0.9734
vn 0.04157 -0.22531 -0.9734
vn -0.37452 0.45622 -0.80722
vn -0.37452 0.45622 -0.80722
vn -0.37452 0.45622 -0.80722
vn -0.00062 0.30102 0.95362
vn -0.00062 0.30098 0.95363
vn -0.0006 0.30059 0.95375
vn -0.00053 0.67888 0.73425
vn -0.00053 0.67888 0.73425
vn -0.00053 0.67888 0.73425
vn 0.37894 -0.66859 0.63984
vn 0.37894 -0.66859 0.63984
vn 0.37894 -0.66859 0.63984
vn 0.81203 -0.53512 0.23291
vn 0.81203 -0.53512 0.23291
vn 0.81203 -0.53512 0.23291
vn 0.8623 -0.30729 0.4025
vn 0.8623 -0.30729 0.4025
vn 0.8623 -0.30729 0.4025
vn 0.40875 -0.16583 0.89746
vn 0.72829 -0.61998 0.2919
vn 0.89959 -0.11178 0.42219
vn 0.76515 0.41807 0.48966
vn 0.76515 0.41807 0.48966
vn 0.76515 0.41807 0.48966
vn 0.90049 0.20825 -0.38178
vn 0.90049 0.20825 -0.38178
vn 0.90049 0.20825 -0.38178
vn -0.0003 0.07749 0.99699
vn -0.0003 0.07749 0.99699
vn -0.0003 0.07749 0.99699
vn -0.00923 0.22351 0.97466
vn -0.00923 0.22351 0.97466
vn -0.00923 0.22351 0.97466
vn -0.88614 0.2273 -0.40384
vn -0.88614 0.2273 -0.40384
vn -0.88614 0.2273 -0.40384
vn -0.82498 0.38672 -0.41213
vn -0.19885 0.86942 -0.45229
vn -0.31123 0.22784 -0.92262
vn 0.0222 -0.0039 0.99975
vn -0.18469 0.44251 0.87754
vn -0.04751 0.22571 0.97304
vn 0.09152 0.68841 0.71953
vn 0.09152 0.68841 0.71953
vn 0.09152 0.68841 0.71953
vn 0.23429 -0.05473 -0.97062
vn 0.23429 -0.05473 -0.97062
vn 0.23429 -0.05473 -0.97062
vn 0.00367 0.55961 0.82875
vn 0.00367 0.55961 0.82875
vn 0.00367 0.55961 0.82875
vn -0.52453 -0.00774 0.85136
vn -0.52453 -0.00774 0.85136
vn -0.52453 -0.00774 0.85136
vn -0.07598 0.40946 0.90916
vn -0.07598 0.40946 0.90916
vn -0.07598 0.40946 0.90916
vn -0.00062 0.30098 0.95363
vn -0.0006 0.30058 0.95376
vn -0.0006 0.30059 0.95375
vn -0.72289 0.23088 0.65125
vn -0.72289 0.23088 0.65125
vn -0.72289 0.23088 0.65125
vn -0.96688 0.08191 0.24172
vn -0.96688 0.08191 0.24172
vn -0.96688 0.08191 0.24172
vn -0.62533 0.55568 -0.54789
vn -0.62533 0.55568 -0.54789
vn -0.62533 0.55568 -0.54789
vn 0.35064 0.93247 -0.08684
vn 0.35064 0.93247 -0.08684
vn 0.35064 0.93247 -0.08684
vn -0.9249 0.33351 -0.18255
vn -0.9249 0.33351 -0.18255
vn -0.9249 0.33351 -0.18255
vn -0.87853 -0.44974 -0.16097
vn -0.87853 -0.44974 -0.16097
vn -0.87853 -0.44974 -0.16097
vn -0.04451 -0.37069 -0.92769
vn -0.04451 -0.37069 -0.92769
vn -0.04451 -0.37069 -0.92769
vn 0.77279 0.06803 -0.63101
vn 0.77279 0.06803 -0.63101
vn 0.77279 0.06803 -0.63101
vn -0.31385 0.94408 -0.10105
vn -0.31385 0.94408 -0.10105
vn -0.31385 0.94408 -0.10105
vn -0.36356 -0.02735 -0.93117
vn -0.36356 -0.02735 -0.93117
vn -0.36356 -0.02735 -0.93117
vn -0.48174 0.82245 0.30249
vn -0.48174 0.82245 0.30249
vn -0.48174 0.82245 0.30249
vn -0.00788 -0.8984 -0.43911
vn -0.00788 -0.8984 -0.43911
vn -0.00788 -0.8984 -0.43911
vn -0.12917 -0.87186 0.47241
vn -0.2878 -0.94875 0.13051
vn -0.80786 -0.52608 0.26571
vn -0.00512 -0.85398 -0.52028
vn -0.00487 -0.85538 -0.51797
vn -0.00486 -0.85573 -0.5174
vn -0.93895 0.34383 -0.01225
vn -0.93895 0.34383 -0.01225
vn -0.93895 0.34383 -0.01225
vn -0.56555 -0.32826 -0.75657
vn -0.56555 -0.32826 -0.75657
vn -0.56555 -0.32826 -0.75657
vn -0.0034 0.99564 -0.09322
vn -0.0034 0.99564 -0.09322
vn -0.0034 0.99564 -0.09322
vn 0.84536 -0.11493 0.52169
vn 0.84536 -0.11493 0.52169
vn 0.84536 -0.11493 0.52169
vn -0.87284 -0.46513 0.14764
vn -0.87284 -0.46513 0.14764
vn -0.87284 -0.46513 0.14764
vn -0.6047 0.46501 0.64661
vn -0.6047 0.46501 0.64661
vn -0.6047 0.46501 0.64661
vn -0.8256 0.55528 -0.10024
vn -0.8256 0.55528 -0.10024
vn -0.8256 0.55528 -0.10024
vn -0.91639 -0.37323 0.14468
vn -0.91639 -0.37323 0.14468
vn -0.91639 -0.37323 0.14468
vn -0.94026 0.33941 -0.02681
vn -0.94026 0.33941 -0.02681
vn -0.94026 0.33941 -0.02681
vn -0.0275 -0.15314 0.98782
vn -0.02741 -0.15196 0.98801
vn -0.08039 -0.12241 0.98922
vn -0.00487 -0.85538 -0.51797
vn -0.00477 -0.85583 -0.51723
vn -0.00486 -0.85573 -0.5174
vn -0.46648 -0.33328 0.81934
vn -0.46648 -0.33328 0.81934
vn -0.46648 -0.33328 0.81934
vn -0.08459 0.86347 -0.49725
vn -0.08459 0.86347 -0.49725
vn -0.08459 0.86347 -0.49725
vn -0.1011 0.89112 0.44236
vn -0.1011 0.89112 0.44236
vn -0.1011 0.89112 0.44236
vn -0.25921 0.96012 -0.10481
vn -0.25921 0.96012 -0.10481
vn -0.25921 0.96012 -0.10481
vn -0.00089 -0.05207 -0.99864
vn -0.00089 -0.05207 -0.99864
vn -0.00089 -0.05207 -0.99864
vn 0.01114 0.6355 0.77202
vn 0.01114 0.6355 0.77202
vn 0.01114 0.6355 0.77202
vn -0.08894 0.93677 -0.33846
vn -0.08894 0.93677 -0.33846
vn -0.08894 0.93677 -0.33846
vn -0.46497 0.78871 -0.40217
vn -0.46497 0.78871 -0.40217
vn -0.46497 0.78871 -0.40217
vn -0.39973 0.63649 -0.65962
vn -0.39973 0.63649 -0.65962
vn -0.39973 0.63649 -0.65962
vn -0.10924 0.9493 -0.29477
vn -0.10924 0.9493 -0.29477
vn -0.10924 0.9493 -0.29477
vn -0.63334 0.7738 0.01091
vn -0.63334 0.7738 0.01091
vn -0.63334 0.7738 0.01091
vn 0.32359 -0.90269 0.28362
vn 0.32359 -0.90269 0.28362
vn 0.32359 -0.90269 0.28362
vn 0.05667 -0.08777 -0.99453
vn 0.05667 -0.08777 -0.99453
vn 0.05667 -0.08777 -0.99453
vn -0.03299 0.94722 -0.31889
vn -0.03299 0.94722 -0.31889
vn -0.03299 0.94722 -0.31889
vn 0.27874 -0.56239 0.77848
vn 0.27874 -0.56239 0.77848
vn 0.27874 -0.56239 0.77848
vn -0.15807 0.06619 0.98521
vn -0.15807 0.06619 0.98521
vn -0.15807 0.06619 0.98521
vn -0.02739 0.73969 -0.67239
vn -0.02739 0.73969 -0.67239
vn -0.02739 0.73969 -0.67239
vn -0.08345 -0.04702 -0.9954
vn -0.08345 -0.04702 -0.9954
vn -0.08345 -0.04702 -0.9954
vn 0.04463 -0.60812 0.79259
vn 0.04463 -0.60812 0.79259
vn 0.04463 -0.60812 0.79259
vn -0.07414 0.93643 0.34293
vn -0.07414 0.93643 0.34293
vn -0.07414 0.93643 0.34293
vn 0.00124 0.58058 -0.8142
vn 0.00124 0.58058 -0.8142
vn 0.00124 0.58058 -0.8142
vn 0.93501 -0.35438 0.01303
vn 0.93501 -0.35438 0.01303
vn 0.93501 -0.35438 0.01303
vn 0.46392 -0.49737 0.73307
vn 0.46392 -0.49737 0.73307
vn 0.46392 -0.49737 0.73307
vn 0.7236 -0.26912 -0.63559
vn 0.7236 -0.26912 -0.63559
vn 0.7236 -0.26912 -0.63559
vn 0.24232 -0.9252 0.29204
vn 0.24232 -0.9252 0.29204
vn 0.24232 -0.9252 0.29204
vn -0.05916 0.01347 -0.99816
vn -0.05916 0.01347 -0.99816
vn -0.05916 0.01347 -0.99816
vn 0.0398 0.95612 -0.29026
vn 0.0398 0.95612 -0.29026
vn 0.0398 0.95612 -0.29026
vn 0.41389 0.37094 0.83132
vn 0.41389 0.37094 0.83132
vn 0.41389 0.37094 0.83132
vn -0.23168 0.62859 -0.74242
vn -0.23168 0.62859 -0.74242
vn -0.23168 0.62859 -0.74242
vn 0.40131 0.43495 -0.80608
vn 0.40131 0.43495 -0.80608
vn 0.40131 0.43495 -0.80608
vn 0.06183 -0.66903 0.74066
vn 0.06183 -0.66903 0.74066
vn 0.06183 -0.66903 0.74066
vn 0.08333 0.93463 0.34573
vn 0.08333 0.93463 0.34573
vn 0.08333 0.93463 0.34573
vn 0.78806 0.19066 0.58533
vn 0.78806 0.19066 0.58533
vn 0.78806 0.19066 0.58533
vn 0.35383 0.92565 0.1341
vn 0.35383 0.92565 0.1341
vn 0.35383 0.92565 0.1341
vn 0.1784 -0.79417 -0.58092
vn 0.1784 -0.79417 -0.58092
vn 0.1784 -0.79417 -0.58092
vn 0.77549 0.63136 -0.00002
vn 0.77549 0.63136 -0.00002
vn 0.77549 0.63136 -0.00002
vn 0.8168 0.57468 -0.05088
vn 0.8168 0.57468 -0.05088
vn 0.8168 0.57468 -0.05088
vn 0.17213 -0.26268 0.94941
vn 0.17213 -0.26268 0.94941
vn 0.17213 -0.26268 0.94941
vn 0.5229 -0.30715 0.79513
vn 0.5229 -0.30715 0.79513
vn 0.5229 -0.30715 0.79513
vn 0.44816 -0.22665 0.86474
vn 0.44816 -0.22665 0.86474
vn 0.44816 -0.22665 0.86474
vn 0.42293 0.84644 -0.32352
vn 0.42293 0.84644 -0.32352
vn 0.42293 0.84644 -0.32352
vn 0.13239 0.66268 0.73711
vn 0.13239 0.66268 0.73711
vn 0.13239 0.66268 0.73711
vn -0.02007 0.47465 0.87994
vn -0.02007 0.47465 0.87994
vn -0.02007 0.47465 0.87994
vn 0.38584 0.91774 -0.09428
vn 0.38584 0.91774 -0.09428
vn 0.38584 0.91774 -0.09428
vn -0.81205 -0.57955 -0.06845
vn -0.81205 -0.57955 -0.06845
vn -0.81205 -0.57955 -0.06845
vn 0.64734 -0.72222 0.24363
vn 0.64734 -0.72222 0.24363
vn 0.64734 -0.72222 0.24363
vn -0.21001 0.22002 -0.95262
vn -0.21001 0.22002 -0.95262
vn -0.21001 0.22002 -0.95262
vn 0.00217 0.61095 0.79167
vn 0.00217 0.61095 0.79167
vn 0.00217 0.61095 0.79167
vn 0.94057 0.3373 -0.03945
vn 0.94057 0.3373 -0.03945
vn 0.94057 0.3373 -0.03945
vn 0.11882 -0.0058 -0.9929
vn 0.11882 -0.0058 -0.9929
vn 0.11882 -0.0058 -0.9929
vn -0.01647 0.74694 -0.66469
vn -0.01647 0.74694 -0.66469
vn -0.01647 0.74694 -0.66469
vn 0.91444 -0.3907 0.1056
vn 0.91444 -0.3907 0.1056
vn 0.91444 -0.3907 0.1056
vn 0.06894 -0.96967 -0.23448
vn 0.06894 -0.96967 -0.23448
vn 0.06894 -0.96967 -0.23448
vn 0.63623 -0.35008 -0.6875
vn 0.63623 -0.35008 -0.6875
vn 0.63623 -0.35008 -0.6875
vn 0.73787 0.03736 0.67391
vn 0.73787 0.03736 0.67391
vn 0.73787 0.03736 0.67391
vn 0.99481 0.10021 -0.01756
vn 0.99481 0.10021 -0.01756
vn 0.99481 0.10021 -0.01756
vn 0.93472 0.08891 -0.34408
vn 0.93472 0.08891 -0.34408
vn 0.93472 0.08891 -0.34408
vn 0.96753 0.10128 -0.23159
vn 0.96753 0.10128 -0.23159
vn 0.96753 0.10128 -0.23159
vn 0.74579 -0.64723 -0.15775
vn 0.74579 -0.64723 -0.15775
vn 0.74579 -0.64723 -0.15775
vn 0.76823 0.52941 0.35993
vn 0.76823 0.52941 0.35993
vn 0.76823 0.52941 0.35993
vn 0.77018 0.06743 0.63426
vn 0.77018 0.06743 0.63426
vn 0.77018 0.06743 0.63426
vn 0.87292 0.4669 -0.1415
vn 0.87292 0.4669 -0.1415
vn 0.87292 0.4669 -0.1415
vn 0.95663 -0.0568 -0.28571
vn 0.95663 -0.0568 -0.28571
vn 0.95663 -0.0568 -0.28571
vn 0.0012 0.93963 0.3422
vn 0.0012 0.93963 0.3422
vn 0.0012 0.93963 0.3422
vn -0.13295 -0.92443 0.35742
vn -0.13295 -0.92443 0.35742
vn -0.13295 -0.92443 0.35742
vn -0.00261 0.57836 0.81577
vn -0.00261 0.57836 0.81577
vn -0.00261 0.57836 0.81577
vn -0.00096 0.61183 -0.79099
vn -0.00096 0.61183 -0.79099
vn -0.00096 0.61183 -0.79099
vn -0.00244 0.99995 0.01012
vn -0.00175 0.99997 0.00815
vn -0.00268 0.99994 0.01079
vn 0.00635 0.59559 0.80326
vn 0.00635 0.59559 0.80326
vn 0.00635 0.59559 0.80326
vn 0.53203 -0.77291 -0.34576
vn 0.53203 -0.77291 -0.34576
vn 0.53203 -0.77291 -0.34576
vn 0.03472 0.94011 -0.33911
vn 0.03472 0.94011 -0.33911
vn 0.03472 0.94011 -0.33911
vn -0.50919 -0.75059 -0.42111
vn -0.50919 -0.75059 -0.42111
vn -0.50919 -0.75059 -0.42111
vn -0.42883 -0.86962 -0.24469
vn -0.42883 -0.86962 -0.24469
vn -0.42883 -0.86962 -0.24469
vn -0.74861 -0.30099 0.59075
vn -0.74861 -0.30099 0.59075
vn -0.74861 -0.30099 0.59075
vn -0.04304 -0.98442 -0.17046
vn -0.04304 -0.98442 -0.17046
vn -0.04304 -0.98442 -0.17046
vn -0.56233 0.76594 -0.31165
vn -0.56233 0.76594 -0.31165
vn -0.56233 0.76594 -0.31165
vn -0.00023 0.99937 -0.03545
vn -0.00023 0.99937 -0.03545
vn -0.00023 0.99937 -0.03545
vn -0.0002 0.03353 0.99944
vn -0.0002 0.03353 0.99944
vn -0.0002 0.03353 0.99944
vn -0.00073 -0.00118 -1
vn -0.00074 -0.00114 -1
vn -0.00073 -0.00117 -1
vn -0.84235 0.39573 -0.36585
vn -0.84235 0.39573 -0.36585
vn -0.84235 0.39573 -0.36585
vn 0.01524 0.79966 0.60026
vn 0.01524 0.79966 0.60026
vn 0.01524 0.79966 0.60026
vn -0.25636 -0.28766 -0.92279
vn -0.25636 -0.28766 -0.92279
vn -0.25636 -0.28766 -0.92279
vn 0.57094 0.81611 -0.08937
vn 0.57094 0.81611 -0.08937
vn 0.57094 0.81611 -0.08937
vn -0.35479 0.28067 0.89182
vn -0.35479 0.28067 0.89182
vn -0.35479 0.28067 0.89182
vn -0.6627 -0.10072 -0.74208
vn -0.6627 -0.10072 -0.74208
vn -0.6627 -0.10072 -0.74208
vn -0.73048 -0.5455 -0.41089
vn -0.73048 -0.5455 -0.41089
vn -0.73048 -0.5455 -0.41089
vn -0.92718 -0.364 0.08855
vn -0.92718 -0.364 0.08855
vn -0.92718 -0.364 0.08855
vn -0.77268 0.62575 -0.10682
vn -0.77268 0.62575 -0.10682
vn -0.77268 0.62575 -0.10682
vn -0.92153 0.37971 -0.08122
vn -0.92153 0.37971 -0.08122
vn -0.92153 0.37971 -0.08122
vn 0.05909 0.29464 0.95378
vn 0.05909 0.29464 0.95378
vn 0.05909 0.29464 0.95378
vn -0.59602 -0.74489 0.29984
vn -0.59602 -0.74489 0.29984
vn -0.59602 -0.74489 0.29984
vn 0.00267 0.99112 -0.13293
vn 0.00267 0.99112 -0.13293
vn 0.00267 0.99112 -0.13293
vn 0.0222 -0.84731 -0.53063
vn 0.0222 -0.84731 -0.53063
vn 0.0222 -0.84731 -0.53063
vn -0.05161 -0.87809 0.47571
vn -0.05161 -0.87809 0.47571
vn -0.05161 -0.87809 0.47571
vn -0.38212 0.50598 -0.77328
vn -0.38212 0.50598 -0.77328
vn -0.38212 0.50598 -0.77328
vn -0.01085 0.60814 0.79375
vn -0.01085 0.60814 0.79375
vn -0.01085 0.60814 0.79375
vn -0.49067 -0.43573 0.75457
vn -0.49067 -0.43573 0.75457
vn -0.49067 -0.43573 0.75457
vn 0.00112 0.91934 -0.39346
vn 0.00112 0.91934 -0.39346
vn 0.00112 0.91934 -0.39346
vn -0.13029 -0.33903 -0.93171
vn -0.13029 -0.33903 -0.93171
vn -0.13029 -0.33903 -0.93171
vn 0.4424 0.74281 0.50251
vn 0.4424 0.74281 0.50251
vn 0.4424 0.74281 0.50251
vn -0.92158 -0.23837 -0.30637
vn -0.92158 -0.23837 -0.30637
vn -0.92158 -0.23837 -0.30637
vn 0.45699 -0.86623 0.20199
vn 0.45699 -0.86623 0.20199
vn 0.45699 -0.86623 0.20199
vn -0.0901 0.70781 0.70064
vn -0.0901 0.70781 0.70064
vn -0.0901 0.70781 0.70064
vn -0.53511 0.6375 -0.5543
vn -0.53511 0.6375 -0.5543
vn -0.53511 0.6375 -0.5543
vn -0.42449 0.39313 -0.81564
vn -0.42449 0.39313 -0.81564
vn -0.42449 0.39313 -0.81564
vn -0.00032 0.58846 -0.80853
vn -0.00032 0.58846 -0.80853
vn -0.00032 0.58846 -0.80853
vn 0.48096 0.55911 -0.67533
vn 0.48096 0.55911 -0.67533
vn 0.48096 0.55911 -0.67533
vn -0.05386 -0.70196 0.71017
vn -0.05386 -0.70196 0.71017
vn -0.05386 -0.70196 0.71017
vn 0.00141 0.92258 0.3858
vn 0.00141 0.92258 0.3858
vn 0.00141 0.92258 0.3858
vn 0.12161 0.03964 -0.99179
vn 0.12161 0.03964 -0.99179
vn 0.12161 0.03964 -0.99179
vn 0.01826 -0.73894 -0.67352
vn 0.01826 -0.73894 -0.67352
vn 0.01826 -0.73894 -0.67352
vn 0.46028 0.64435 0.6107
vn 0.46028 0.64435 0.6107
vn 0.46028 0.64435 0.6107
vn 0.13725 0.97172 -0.19215
vn 0.13725 0.97172 -0.19215
vn 0.13725 0.97172 -0.19215
vn -0.07422 0.39172 -0.91709
vn -0.07422 0.39172 -0.91709
vn -0.07422 0.39172 -0.91709
vn 0.36765 -0.59244 -0.71683
vn 0.36765 -0.59244 -0.71683
vn 0.36765 -0.59244 -0.71683
vn 0.61525 0.78243 -0.0963
vn 0.61525 0.78243 -0.0963
vn 0.61525 0.78243 -0.0963
vn 0.40153 0.90737 -0.12435
vn 0.40153 0.90737 -0.12435
vn 0.40153 0.90737 -0.12435
vn 0.23739 -0.94291 0.23359
vn 0.43081 -0.90195 0.02991
vn 0.06232 -0.70222 0.70923
vn 0.59917 -0.70484 -0.37973
vn 0.59917 -0.70484 -0.37973
vn 0.59917 -0.70484 -0.37973
vn 0.37342 0.86732 -0.32912
vn 0.37342 0.86732 -0.32912
vn 0.37342 0.86732 -0.32912
vn -0.00644 -0.60047 0.79962
vn 0.00854 -0.76893 0.63928
vn 0.24461 -0.46353 0.85165
vn 0.5583 -0.461 0.68977
vn 0.5583 -0.461 0.68977
vn 0.5583 -0.461 0.68977
vn 0.46747 -0.59552 0.65332
vn 0.46747 -0.59552 0.65332
vn 0.46747 -0.59552 0.65332
vn 0.63229 0.60451 -0.48454
vn 0.1817 0.7639 -0.61923
vn 0.76389 0.64358 -0.04759
vn 0.90866 0.40823 -0.08772
vn 0.90866 0.40823 -0.08772
vn 0.90866 0.40823 -0.08772
vn -0.27195 0.00103 0.96231
vn -0.27195 0.00103 0.96231
vn -0.27195 0.00103 0.96231
vn -0.96087 0.26866 0.06738
vn -0.96087 0.26866 0.06738
vn -0.96087 0.26866 0.06738
vn 0.65142 0.72128 0.2354
vn 0.65142 0.72128 0.2354
vn 0.65142 0.72128 0.2354
vn 0.78985 0.57123 -0.22325
vn 0.78985 0.57123 -0.22325
vn 0.78985 0.57123 -0.22325
vn 0.65199 0.63793 0.40982
vn 0.65199 0.63793 0.40982
vn 0.65199 0.63793 0.40982
vn 0.86961 -0.48692 0.08173
vn 0.86961 -0.48692 0.08173
vn 0.86961 -0.48692 0.08173
vn 0.82969 -0.12114 -0.54492
vn 0.82969 -0.12114 -0.54492
vn 0.82969 -0.12114 -0.54492
vn -0.20146 0.63814 0.7431
vn -0.20146 0.63814 0.7431
vn -0.20146 0.63814 0.7431
vn 0.93829 0.32096 0.12887
vn 0.93829 0.32096 0.12887
vn 0.93829 0.32096 0.12887
vn 0.61161 0.50221 0.61133
vn -0.03022 0.93825 0.34465
vn 0.4456 0.8779 0.17529
vn 0.94134 -0.11158 0.31849
vn 0.94134 -0.11158 0.31849
vn 0.94134 -0.11158 0.31849
vn 0.40307 -0.89275 -0.20131
vn 0.40307 -0.89275 -0.20131
vn 0.40307 -0.89275 -0.20131
vn -0.00249 0.99427 -0.10683
vn -0.00249 0.99427 -0.10683
vn -0.00249 0.99427 -0.10683
vn -0.18197 0.97677 -0.11318
vn -0.18197 0.97677 -0.11318
vn -0.18197 0.97677 -0.11318
vn -0.04831 0.85936 0.50909
vn -0.04831 0.85936 0.50909
vn -0.04831 0.85936 0.50909
vn 0.03334 0.0381 0.99872
vn 0.03334 0.0381 0.99872
vn 0.03334 0.0381 0.99872
vn -0.05198 -0.10433 -0.99318
vn -0.05198 -0.10433 -0.99318
vn -0.05198 -0.10433 -0.99318
vn -0.00073 -0.00117 -1
vn -0.00074 -0.00114 -1
vn -0.00074 -0.00112 -1
vn 0.99717 0.03721 0.06532
vn 0.99717 0.03721 0.06532
vn 0.99717 0.03721 0.06532
vn 0.14171 0.35056 0.92576
vn 0.14171 0.35056 0.92576
vn 0.14171 0.35056 0.92576
vn -0.94905 -0.16306 -0.26967
vn -0.94905 -0.16306 -0.26967
vn -0.94905 -0.16306 -0.26967
vn -0.69946 0.05868 -0.71226
vn -0.69946 0.05868 -0.71226
vn -0.69946 0.05868 -0.71226
vn -0.99908 0.03291 0.0276
vn -0.99908 0.03291 0.0276
vn -0.99908 0.03291 0.0276
vn -0.31878 0.94638 -0.05236
vn -0.31878 0.94638 -0.05236
vn -0.31878 0.94638 -0.05236
vn -0.40602 -0.88332 0.23427
vn -0.40602 -0.88332 0.23427
vn -0.40602 -0.88332 0.23427
vn -0.53983 0.55764 -0.63057
vn -0.53983 0.55764 -0.63057
vn -0.53983 0.55764 -0.63057
vn -0.77633 -0.51042 0.36985
vn -0.77633 -0.51042 0.36985
vn -0.77633 -0.51042 0.36985
vn -0.70934 0.68586 -0.1626
vn -0.70934 0.68586 -0.1626
vn -0.70934 0.68586 -0.1626
vn -0.37326 -0.34006 0.86316
vn -0.37326 -0.34006 0.86316
vn -0.37326 -0.34006 0.86316
vn 0.08945 0.97638 0.19669
vn 0.08945 0.97638 0.19669
vn 0.08945 0.97638 0.19669
vn -0.47665 -0.15778 -0.86482
vn -0.47665 -0.15778 -0.86482
vn -0.47665 -0.15778 -0.86482
vn -0.37552 -0.70785 0.59828
vn -0.37552 -0.70785 0.59828
vn -0.37552 -0.70785 0.59828
vn 0.03146 -0.76545 -0.64273
vn 0.03146 -0.76545 -0.64273
vn 0.03146 -0.76545 -0.64273
vn -0.31596 0.62144 -0.71692
vn -0.31596 0.62144 -0.71692
vn -0.31596 0.62144 -0.71692
vn -0.0325 -0.05364 -0.99803
vn -0.0325 -0.05364 -0.99803
vn -0.0325 -0.05364 -0.99803
vn -0.66618 -0.64087 0.38144
vn -0.66618 -0.64087 0.38144
vn -0.66618 -0.64087 0.38144
vn -0.36975 -0.68213 0.63086
vn -0.36975 -0.68213 0.63086
vn -0.36975 -0.68213 0.63086
vn -0.45227 -0.76252 0.46261
vn -0.45227 -0.76252 0.46261
vn -0.45227 -0.76252 0.46261
vn -0.193 0.98033 -0.04128
vn -0.193 0.98033 -0.04128
vn -0.193 0.98033 -0.04128
vn 0.07925 0.00858 0.99682
vn 0.07925 0.00858 0.99682
vn 0.07925 0.00858 0.99682
vn -0.33599 -0.80371 -0.49108
vn -0.33599 -0.80371 -0.49108
vn -0.33599 -0.80371 -0.49108
vn 0.23142 -0.8643 0.44658
vn 0.23142 -0.8643 0.44658
vn 0.23142 -0.8643 0.44658
vn 0.13943 -0.89042 0.43326
vn 0.13943 -0.89042 0.43326
vn 0.13943 -0.89042 0.43326
vn -0.16176 -0.92901 0.33283
vn -0.16176 -0.92901 0.33283
vn -0.16176 -0.92901 0.33283
vn 0.26689 -0.95616 -0.12053
vn 0.26689 -0.95616 -0.12053
vn 0.26689 -0.95616 -0.12053
vn 0.12371 -0.88935 0.44018
vn 0.12371 -0.88935 0.44018
vn 0.12371 -0.88935 0.44018
vn -0.09457 -0.5652 0.81952
vn -0.09457 -0.5652 0.81952
vn -0.09457 -0.5652 0.81952
vn 0.14753 0.018 0.98889
vn 0.14753 0.018 0.98889
vn 0.14753 0.018 0.98889
vn -0.3903 0.1766 0.90359
vn -0.3903 0.1766 0.90359
vn -0.3903 0.1766 0.90359
vn -0.008 -0.82687 0.56234
vn -0.008 -0.82687 0.56234
vn -0.008 -0.82687 0.56234
vn 0.05796 0.15849 0.98566
vn 0.05796 0.15849 0.98566
vn 0.05796 0.15849 0.98566
vn 0.6603 0.72142 -0.20871
vn 0.6603 0.72142 -0.20871
vn 0.6603 0.72142 -0.20871
vn 0.72498 0.65805 -0.20341
vn 0.72498 0.65805 -0.20341
vn 0.72498 0.65805 -0.20341
vn 0.71413 0.69264 -0.10139
vn 0.71413 0.69264 -0.10139
vn 0.71413 0.69264 -0.10139
vn 0.37945 -0.44609 0.81057
vn 0.37945 -0.44609 0.81057
vn 0.37945 -0.44609 0.81057
vn 0.95336 0.30061 0.02713
vn 0.95336 0.30061 0.02713
vn 0.95336 0.30061 0.02713
vn 0.69235 -0.00885 0.72151
vn 0.69235 -0.00885 0.72151
vn 0.69235 -0.00885 0.72151
vn 0.38406 -0.03582 -0.92262
vn 0.38406 -0.03582 -0.92262
vn 0.38406 -0.03582 -0.92262
vn 0.99942 0.03091 -0.01459
vn 0.99942 0.03091 -0.01459
vn 0.99942 0.03091 -0.01459
vn 0.07626 0.44071 0.89441
vn 0.07626 0.44071 0.89441
vn 0.07626 0.44071 0.89441
vn 0.86068 -0.48201 0.16403
vn 0.86068 -0.48201 0.16403
vn 0.86068 -0.48201 0.16403
vn 0.61433 0.64147 0.45947
vn 0.61433 0.64147 0.45947
vn 0.61433 0.64147 0.45947
vn 0.70638 0.41019 0.57687
vn 0.70638 0.41019 0.57687
vn 0.70638 0.41019 0.57687
vn 0.90417 0.18439 0.38532
vn 0.90417 0.18439 0.38532
vn 0.90417 0.18439 0.38532
vn -0.321 0.67514 0.66419
vn -0.321 0.67514 0.66419
vn -0.321 0.67514 0.66419
vn -0.26584 0.33407 0.90428
vn -0.26584 0.33407 0.90428
vn -0.26584 0.33407 0.90428
vn -0.49234 0.45905 0.73951
vn -0.49234 0.45905 0.73951
vn -0.49234 0.45905 0.73951
vn -0.70199 0.30811 -0.64208
vn -0.70199 0.30811 -0.64208
vn -0.70199 0.30811 -0.64208
vn 0.57386 -0.54344 0.61267
vn 0.57386 -0.54344 0.61267
vn 0.57386 -0.54344 0.61267
vn -0.26711 0.89912 0.34674
vn -0.26711 0.89912 0.34674
vn -0.26711 0.89912 0.34674
vn 0.19563 0.21563 0.95668
vn 0.19563 0.21563 0.95668
vn 0.19563 0.21563 0.95668
vn -0.04181 0.71677 0.69605
vn -0.04181 0.71677 0.69605
vn -0.04181 0.71677 0.69605
vn 0.86536 0.08475 -0.49393
vn 0.86536 0.08475 -0.49393
vn 0.86536 0.08475 -0.49393
vn -0.04892 0.40474 -0.91312
vn -0.04892 0.40474 -0.91312
vn -0.04892 0.40474 -0.91312
vn -0.52899 -0.71411 0.45849
vn -0.52899 -0.71411 0.45849
vn -0.52899 -0.71411 0.45849
vn 0.80543 0.59204 -0.02767
vn 0.80543 0.59204 -0.02767
vn 0.80543 0.59204 -0.02767
vn 0.95331 0.11623 -0.27873
vn 0.95331 0.11623 -0.27873
vn 0.95331 0.11623 -0.27873
vn 0.29675 0.89407 0.33554
vn 0.29675 0.89407 0.33554
vn 0.29675 0.89407 0.33554
vn 0.42915 0.33436 0.83907
vn 0.42915 0.33436 0.83907
vn 0.42915 0.33436 0.83907
vn 0.00507 0.33107 0.94359
vn 0.00507 0.33107 0.94359
vn 0.00507 0.33107 0.94359
vn 0.91597 0.40125 0.00181
vn 0.91597 0.40125 0.00181
vn 0.91597 0.40125 0.00181
vn -0.99098 0.11907 0.06143
vn -0.99098 0.11907 0.06143
vn -0.99098 0.11907 0.06143
vn 0.59394 0.57481 0.56288
vn 0.59394 0.57481 0.56288
vn 0.59394 0.57481 0.56288
vn -0.01423 0.93293 0.35977
vn -0.01423 0.93293 0.35977
vn -0.01423 0.93293 0.35977
vn 0.14415 0.98955 -0.00105
vn 0.14415 0.98955 -0.00105
vn 0.14415 0.98955 -0.00105
vn 0.10783 0.99414 -0.00799
vn 0.10783 0.99414 -0.00799
vn 0.10783 0.99414 -0.00799
vn 0.0273 0.00856 -0.99959
vn 0.0273 0.00856 -0.99959
vn 0.0273 0.00856 -0.99959
vn 0.82199 0.53689 0.18996
vn 0.82199 0.53689 0.18996
vn 0.82199 0.53689 0.18996
vn 0.65731 -0.61641 0.43357
vn 0.65731 -0.61641 0.43357
vn 0.65731 -0.61641 0.43357
vn 0.19535 -0.36435 0.91054
vn 0.19535 -0.36435 0.91054
vn 0.19535 -0.36435 0.91054
vn 0.17816 0.41425 0.89255
vn 0.17816 0.41425 0.89255
vn 0.17816 0.41425 0.89255
vn 0.99974 0.01237 0.01897
vn 0.99974 0.01237 0.01897
vn 0.99974 0.01237 0.01897
vn -0.47071 -0.68795 -0.55242
vn -0.47071 -0.68795 -0.55242
vn -0.47071 -0.68795 -0.55242
vn -0.97899 0.01187 0.20356
vn -0.97899 0.01187 0.20356
vn -0.97899 0.01187 0.20356
vn -0.99882 0.04394 0.02058
vn -0.99882 0.04394 0.02058
vn -0.99882 0.04394 0.02058
vn 0.99987 0.00131 -0.01606
vn 0.99987 0.00131 -0.01606
vn 0.99987 0.00131 -0.01606
vn -0.78531 0.35788 -0.50518
vn -0.78531 0.35788 -0.50518
vn -0.78531 0.35788 -0.50518
vn -0.50968 -0.82531 -0.2431
vn -0.50968 -0.82531 -0.2431
vn -0.50968 -0.82531 -0.2431
vn -0.02183 -0.82032 0.57149
vn -0.02183 -0.82032 0.57149
vn -0.02183 -0.82032 0.57149
vn -0.68565 -0.01315 0.72781
vn -0.68565 -0.01315 0.72781
vn -0.68565 -0.01315 0.72781
vn 0.23021 -0.88476 -0.40522
vn 0.23021 -0.88476 -0.40522
vn 0.23021 -0.88476 -0.40522
vn 0.81642 -0.11611 0.56567
vn 0.81642 -0.11611 0.56567
vn 0.81642 -0.11611 0.56567
vn 0.97428 -0.18902 0.12271
vn -0.97602 -0.02889 -0.21577
vn 0.9991 -0.04238 -0.00112
vn -0.0083 0.65068 0.7593
vn -0.0083 0.65068 0.7593
vn -0.0083 0.65068 0.7593
vn 0.76448 0.16441 0.62333
vn 0.76448 0.16441 0.62333
vn 0.76448 0.16441 0.62333
vn 0.84629 -0.4485 -0.28746
vn 0.84629 -0.4485 -0.28746
vn 0.84629 -0.4485 -0.28746
vn 0.41273 0.88094 0.23151
vn 0.41273 0.88094 0.23151
vn 0.41273 0.88094 0.23151
vn 0.57031 0.72365 -0.38868
vn 0.57031 0.72365 -0.38868
vn 0.57031 0.72365 -0.38868
vn 0.45362 0.23333 0.86011
vn 0.45362 0.23333 0.86011
vn 0.45362 0.23333 0.86011
vn 0.72428 0.35179 0.59301
vn 0.72428 0.35179 0.59301
vn 0.72428 0.35179 0.59301
vn 0.96707 -0.23878 0.08806
vn 0.96707 -0.23878 0.08806
vn 0.96707 -0.23878 0.08806
vn 0.94703 0.13195 -0.29277
vn 0.94703 0.13195 -0.29277
vn 0.94703 0.13195 -0.29277
vn 0.57552 -0.21863 0.78802
vn 0.57552 -0.21863 0.78802
vn 0.57552 -0.21863 0.78802
vn -0.71846 0.42223 -0.55275
vn -0.71846 0.42223 -0.55275
vn -0.71846 0.42223 -0.55275
vn 0.97627 -0.21649 -0.00484
vn 0.97627 -0.21649 -0.00484
vn 0.97627 -0.21649 -0.00484
vn 0.99785 -0.0476 -0.04502
vn 0.99399 -0.0014 0.10947
vn 0.99513 0.08158 -0.05529
vn 0.33792 -0.89115 0.30276
vn 0.33792 -0.89115 0.30276
vn 0.33792 -0.89115 0.30276
vn 0.99733 -0.03226 -0.06554
vn 0.99733 -0.03226 -0.06554
vn 0.99733 -0.03226 -0.06554
vn 0.60808 0.55051 -0.57199
vn 0.60808 0.55051 -0.57199
vn 0.60808 0.55051 -0.57199
vn -0.0534 -0.89566 0.44152
vn -0.0534 -0.89566 0.44152
vn -0.0534 -0.89566 0.44152
vn -0.66791 -0.30632 0.67828
vn -0.66791 -0.30632 0.67828
vn -0.66791 -0.30632 0.67828
vn -0.76599 -0.58782 -0.26026
vn -0.76599 -0.58782 -0.26026
vn -0.76599 -0.58782 -0.26026
vn 0.7455 -0.66425 0.0548
vn 0.7455 -0.66425 0.0548
vn 0.7455 -0.66425 0.0548
vn 0.67415 -0.48674 0.55552
vn 0.96233 0.14451 0.23032
vn 0.63046 0.75316 0.1878
vn 0.87878 -0.47711 -0.01035
vn 0.87878 -0.47711 -0.01035
vn 0.87878 -0.47711 -0.01035
vn 0.95673 0.10151 0.27269
vn 0.96693 0.19439 0.1651
vn 0.88615 0.39546 0.24157
vn 0.31226 -0.93869 0.14609
vn 0.31226 -0.93869 0.14609
vn 0.31226 -0.93869 0.14609
vn -0.25102 -0.74257 0.62096
vn -0.25102 -0.74257 0.62096
vn -0.25102 -0.74257 0.62096
vn 0.61528 0.43441 0.65781
vn 0.61528 0.43441 0.65781
vn 0.61528 0.43441 0.65781
vn -0.78111 -0.24161 0.57575
vn -0.78111 -0.24161 0.57575
vn -0.78111 -0.24161 0.57575
vn -0.2866 -0.23994 -0.92752
vn -0.2866 -0.23994 -0.92752
vn -0.2866 -0.23994 -0.92752
vn -0.57653 0.61725 -0.53536
vn -0.57653 0.61725 -0.53536
vn -0.57653 0.61725 -0.53536
vn 0.08153 0.19479 0.97745
vn 0.08153 0.19479 0.97745
vn 0.08153 0.19479 0.97745
vn 0.75717 -0.18314 0.62702
vn 0.75717 -0.18314 0.62702
vn 0.75717 -0.18314 0.62702
vn 0.16179 0.37694 -0.912
vn 0.16179 0.37694 -0.912
vn 0.16179 0.37694 -0.912
vn 0.07896 -0.21237 0.97399
vn 0.07896 -0.21237 0.97399
vn 0.07896 -0.21237 0.97399
vn 0.35132 0.87185 -0.34124
vn 0.35132 0.87185 -0.34124
vn 0.35132 0.87185 -0.34124
vn 0.71468 -0.53795 0.44705
vn 0.71468 -0.53795 0.44705
vn 0.71468 -0.53795 0.44705
vn 0.68676 0.10448 -0.71934
vn 0.68676 0.10448 -0.71934
vn 0.68676 0.10448 -0.71934
vn -0.98073 0.1949 -0.01369
vn -0.99197 0.12649 -0.00113
vn -0.95635 0.18993 -0.22209
vn -0.99221 0.11561 0.04634
vn -0.99641 0.08388 0.01179
vn -0.98073 0.1949 -0.01369
vn -0.95635 0.18993 -0.22209
vn -0.92107 -0.2646 -0.28569
vn -0.92234 -0.34946 -0.16481
vn -0.9301 -0.14821 0.33608
vn -0.99914 -0.01573 0.03837
vn -0.61241 -0.7719 -0.17065
vn -0.61107 -0.77622 0.15517
vn -0.99914 -0.01573 0.03837
vn -0.89951 -0.33471 -0.2808
vn -0.61241 -0.7719 -0.17065
vn -0.92827 0.25832 0.26757
vn -0.53558 0.40838 -0.73918
vn -0.3634 0.3163 -0.8763
vn -0.07768 -0.4156 -0.90622
vn -0.0323 0.97259 -0.23027
vn -0.32992 0.88889 0.31784
vn -0.85942 0.31051 0.40619
vn -0.9301 -0.14821 0.33608
vn -0.99641 0.08388 0.01179
vn -0.99621 0.06876 -0.05336
vn -0.85942 0.31051 0.40619
vn -0.53831 0.06821 0.83998
vn -0.0314 0.45441 0.89024
vn -0.99221 0.11561 0.04634
vn -0.92827 0.25832 0.26757
vn -0.99197 0.12649 -0.00113
vn -0.99918 -0.04051 -0.0004
vn -0.99986 0.00378 -0.01631
vn -0.9301 -0.14821 0.33608
vn -0.61107 -0.77622 0.15517
vn 0.1725 -0.86083 0.47877
vn -0.73541 -0.33597 0.58848
vn -0.53831 0.06821 0.83998
vn -0.85942 0.31051 0.40619
vn -0.0314 0.45441 0.89024
vn -0.32992 0.88889 0.31784
vn 0.31001 0.695 0.64875
vn -0.89951 -0.33471 -0.2808
vn -0.07768 -0.4156 -0.90622
vn 0.20701 -0.73999 -0.63997
vn -0.61241 -0.7719 -0.17065
vn -0.53558 0.40838 -0.73918
vn 0.88601 0.0951 -0.45381
vn -0.3634 0.3163 -0.8763
vn 0.87698 0.30887 -0.36812
vn -0.53831 0.06821 0.83998
vn 0.6805 0.05471 0.73071
vn -0.0314 0.45441 0.89024
vn -0.73541 -0.33597 0.58848
vn -0.32992 0.88889 0.31784
vn 0.66403 0.74612 0.04875
vn -0.0323 0.97259 -0.23027
vn 0.31001 0.695 0.64875
vn -0.07768 -0.4156 -0.90622
vn 0.88601 0.0951 -0.45381
vn 0.20701 -0.73999 -0.63997
vn 0.63743 -0.44059 -0.63211
vn 0.55808 -0.82978 -0.00135
vn 0.53473 -0.82394 -0.18759
vn 0.7016 -0.60071 0.38328
vn 0.67627 0.29228 -0.67619
vn 0.87698 0.30887 -0.36812
vn 0.6738 0.7339 0.08591
vn 0.66403 0.74612 0.04875
vn -0.0323 0.97259 -0.23027
vn 0.69021 0.47258 0.54797
vn 0.31001 0.695 0.64875
vn 0.6805 0.05471 0.73071
vn -0.0314 0.45441 0.89024
vn 0.73689 -0.10941 0.6671
vn 0.96884 -0.17519 0.17507
vn 0.7016 -0.60071 0.38328
vn -0.61241 -0.7719 -0.17065
vn 0.20701 -0.73999 -0.63997
vn 0.55808 -0.82978 -0.00135
vn -0.61107 -0.77622 0.15517
vn 0.1725 -0.86083 0.47877
vn 0.1725 -0.86083 0.47877
vn 0.55808 -0.82978 -0.00135
vn 0.96884 -0.17519 0.17507
vn 0.7016 -0.60071 0.38328
vn -0.65123 -0.75832 0.0292
vn -0.87556 0.48148 0.03959
vn -0.27441 0.95215 0.1346
vn -0.65123 -0.75832 0.0292
vn -0.86256 -0.46656 0.19573
vn -0.87556 0.48148 0.03959
vn 0.6738 0.7339 0.08591
vn 0.69021 0.47258 0.54797
vn -0.83302 0.54604 0.08896
vn -0.78065 0.27022 0.56354
vn 0.73689 -0.10941 0.6671
vn -0.82748 -0.27509 0.4895
vn 0.63743 -0.44059 -0.63211
vn -0.8864 -0.44145 -0.13933
vn 0.53473 -0.82394 -0.18759
vn 0.7016 -0.60071 0.38328
vn -0.74379 0.42209 -0.51828
vn -0.56398 -0.5717 -0.59589
vn -0.56867 -0.67867 -0.46478
vn -0.5632 0.30404 -0.76835
vn 0.7016 -0.60071 0.38328
vn -0.82748 -0.27509 0.4895
vn 0.73689 -0.10941 0.6671
vn -0.8864 -0.44145 -0.13933
vn 0.67627 0.29228 -0.67619
vn -0.85036 0.01061 -0.52609
vn 0.63743 -0.44059 -0.63211
vn -0.8864 -0.44145 -0.13933
vn 0.6738 0.7339 0.08591
vn -0.83302 0.54604 0.08896
vn -0.05409 0.86313 -0.50208
vn -0.84344 0.3787 -0.38104
vn -0.99788 0.0627 0.01721
vn -0.85418 -0.43206 0.2893
vn -0.99963 -0.00361 -0.02709
vn -0.9973 -0.02911 0.06743
vn -0.99479 -0.09721 0.03081
vn -0.99627 -0.07772 -0.03749
vn -0.99939 -0.03491 0.00031
vn -0.96393 -0.0999 -0.24671
vn -0.99309 -0.05641 0.10289
vn -0.99941 -0.03281 -0.0099
vn -0.99463 -0.06121 0.08342
vn -0.93538 0.29147 -0.20029
vn -0.9981 -0.0297 -0.054
vn -0.99133 -0.13101 0.0102
vn -0.99652 -0.08289 -0.00871
vn -0.99903 -0.03197 0.03038
vn -0.97425 0.06626 0.21552
vn -0.99932 -0.03102 0.01975
vn -0.9942 -0.01911 0.10581
vn -0.99928 -0.03783 -0.00347
vn -0.97726 -0.20779 0.04223
vn -0.99746 -0.0699 0.01371
vn -0.99412 0.0552 -0.09321
vn -0.983 0.07888 -0.16583
vn -0.99867 0.04488 0.02537
vn -0.99501 0.09 -0.043
vn -0.99425 0.08699 -0.06246
vn -0.99569 0.06353 -0.06761
vn -0.99917 -0.00734 -0.03998
vn -0.9889 0.0999 -0.11
vn -0.99565 -0.01825 0.09139
vn -0.99964 0.00928 -0.02498
vn -0.99919 0.01967 0.03496
vn -0.98689 0.15662 0.03908
vn -0.99966 0.02593 0.0013
vn -0.9839 0.16803 0.06091
vn -0.97471 0.215 0.061
vn -0.97507 -0.22089 -0.02102
vn -0.99861 -0.04679 0.02409
vn -0.99746 0.04708 0.05351
vn -0.99984 -0.01288 0.0122
vn -0.99988 -0.00449 -0.01512
vn -0.99994 0.00983 -0.00465
vn -0.98988 0.13747 -0.0351
vn -0.8683 0.36109 -0.34009
vn -0.99864 0.03087 0.04201
vn -0.98372 0.014 0.17916
vn -0.97832 -0.01941 0.2062
vn -0.98604 0.0006 -0.16649
vn -0.97841 -0.02619 -0.205
vn 0.97339 -0.06321 -0.22027
vn -0.99746 -0.0699 0.01371
vn -0.99599 -0.08784 0.01702
vn -0.99867 0.04488 0.02537
vn -0.99425 0.08699 -0.06246
vn -0.97471 0.215 0.061
vn -0.99903 -0.03197 0.03038
vn -0.99463 -0.06121 0.08342
vn -0.93538 0.29147 -0.20029
vn -0.9981 -0.0297 -0.054
vn -0.97471 0.215 0.061
vn -0.77878 -0.56918 -0.2637
vn -0.97507 -0.22089 -0.02102
vn -0.88278 -0.42085 -0.20876
vn -0.98693 -0.07665 -0.14177
vn -0.96393 -0.0999 -0.24671
vn -0.99152 -0.11407 -0.06231
vn -0.99939 -0.03491 0.00031
vn -0.21321 -0.47859 -0.85176
vn 0.97339 -0.06321 -0.22027
vn -0.99864 0.03087 0.04201
vn -0.99627 -0.07772 -0.03749
vn -0.72888 -0.41486 0.54464
vn -0.85418 -0.43206 0.2893
vn -0.99746 -0.0699 0.01371
vn -0.99599 -0.08784 0.01702
vn 0.67627 0.29228 -0.67619
vn -0.05409 0.86313 -0.50208
vn -0.85036 0.01061 -0.52609
vn -0.84344 0.3787 -0.38104
vn -0.98693 -0.07665 -0.14177
vn -0.99152 -0.11407 -0.06231
vn -0.9821 0.0986 0.1605
vn -0.999 -0.00533 0.04429
vn -0.9999 0.00513 0.01322
vn -0.99723 -0.0468 0.0578
vn -0.99941 -0.03281 -0.0099
vn -0.99309 -0.05641 0.10289
vn -0.9942 -0.01911 0.10581
vn -0.99903 -0.03197 0.03038
vn -0.99652 -0.08289 -0.00871
vn -0.99542 0.01061 0.095
vn -0.99932 -0.03102 0.01975
vn -0.99983 0.0048 -0.0176
vn -0.99957 0.00973 0.02779
vn -0.98652 0.11428 -0.1171
vn -0.97726 -0.20779 0.04223
vn -0.99881 -0.01083 -0.04756
vn -0.99075 -0.05846 0.12249
vn -0.84309 0.16228 -0.51271
vn -0.99771 0.00751 0.06726
vn -0.94969 -0.00708 -0.31311
vn -0.86373 0.07311 -0.49862
vn -0.97229 0.0711 0.22271
vn -0.99886 0.04712 0.00752
vn -0.93991 -0.2376 -0.2452
vn -0.99999 0.0053 -0.00099
vn -0.99888 0.04529 -0.01389
vn -0.99776 0.02503 0.06197
vn -0.99429 0.03841 0.09957
vn -0.75611 0.05309 -0.65229
vn -0.97625 -0.11489 0.18369
vn -0.98605 0.04728 -0.15958
vn -0.95147 0.10106 0.29067
vn -0.82874 -0.01688 0.55938
vn -0.8709 0.09602 0.48198
vn -0.75763 -0.2017 -0.62074
vn -0.84552 -0.27411 -0.45821
vn -0.89467 0.21859 0.38959
vn -0.93413 -0.28356 -0.2168
vn -0.9908 -0.096 0.09541
vn -0.928 0.18208 -0.32505
vn -0.8854 0.2368 -0.39999
vn -0.87591 -0.42929 0.22021
vn -0.79424 0.60734 0.01757
vn -0.99311 -0.115 0.02232
vn -0.07711 0.98844 -0.13052
vn -0.8854 0.2368 -0.39999
vn -0.97625 -0.11489 0.18369
vn -0.9908 -0.096 0.09541
vn -0.88688 0.08871 -0.45341
vn -0.98605 0.04728 -0.15958
vn -0.07711 0.98844 -0.13052
vn -0.84709 0.47598 -0.23639
vn -0.79424 0.60734 0.01757
vn -0.93979 0.22321 -0.2588
vn -0.928 0.18208 -0.32505
vn -0.90335 0.25494 -0.34492
vn -0.88139 0.24099 -0.40629
vn -0.8854 0.2368 -0.39999
vn -0.85418 -0.43206 0.2893
vn -0.77878 -0.56918 -0.2637
vn -0.99599 -0.08784 0.01702
vn -0.99788 0.0627 0.01721
vn -0.96393 -0.0999 -0.24671
vn -0.88278 -0.42085 -0.20876
vn -0.24914 -0.96491 0.08293
vn -0.96312 0.26433 -0.05029
vn 0.17612 0.97165 -0.15773
vn -0.4055 -0.91095 0.07573
vn -0.99195 0.0896 0.08951
vn -0.86589 0.49001 0.10062
vn -0.85409 -0.48442 -0.18939
vn -0.92917 0.27249 0.24977
vn -0.9886 -0.13952 -0.0566
vn -0.77228 -0.54082 -0.33332
vn -0.93413 -0.28356 -0.2168
vn -0.95896 0.16443 0.23101
vn -0.96697 0.13549 0.21589
vn -0.79312 0.44897 0.41156
vn -0.92917 0.27249 0.24977
vn -0.98086 0.16869 0.0972
vn -0.94761 0.31622 0.04513
vn -0.86589 0.49001 0.10062
vn -0.99195 0.0896 0.08951
vn -0.99412 0.0552 -0.09321
vn -0.99917 -0.00734 -0.03998
vn -0.99646 -0.04199 -0.07279
vn -0.99828 -0.01499 -0.05668
vn -0.99733 -0.0395 -0.0614
vn -0.99629 -0.07509 -0.04198
vn -0.99993 0.01191 -0.00135
vn -0.99547 -0.0039 -0.09497
vn -0.99999 0.00347 0.00238
vn -0.99627 -0.07772 -0.03749
vn -0.99967 -0.00224 0.02577
vn -0.97832 -0.01941 0.2062
vn -0.99864 0.03087 0.04201
vn -0.21321 -0.47859 -0.85176
vn -0.99995 0.00259 0.00968
vn -0.98807 0.0317 -0.15069
vn -0.98066 0.07479 -0.18087
vn -0.99893 0.01011 -0.04504
vn -0.90801 0.04071 0.41696
vn -0.99994 0.00119 0.0108
vn -0.98551 -0.029 -0.16709
vn -0.99771 -0.0378 -0.05601
vn -0.81459 0.00751 0.57999
vn -0.98587 0.07608 -0.14921
vn -0.99967 -0.0123 0.02241
vn -0.99145 -0.0863 -0.0979
vn -0.96522 0.10462 0.23959
vn -0.96697 0.13549 0.21589
vn -0.99251 -0.0592 -0.1069
vn -0.99911 0.02609 0.03328
vn -0.99971 0.02392 0.00037
vn -0.99989 -0.01278 0.00781
vn -0.99477 -0.0626 -0.0807
vn -0.79312 0.44897 0.41156
vn -0.99277 -0.0767 -0.09231
vn -0.98086 0.16869 0.0972
vn -0.99846 -0.05471 -0.00911
vn -0.94761 0.31622 0.04513
vn -0.99195 0.0896 0.08951
vn -0.99958 0.01547 -0.0243
vn -0.99895 -0.0422 -0.0176
vn -0.99971 0.01941 -0.01439
vn -0.99983 0.01112 -0.01441
vn -0.99966 -0.01859 0.01821
vn -0.99993 0.01144 0.00319
vn -0.99928 -0.03783 -0.00347
vn -0.97425 0.06626 0.21552
vn -0.99133 -0.13101 0.0102
vn -0.99974 -0.0152 0.01681
vn -0.99827 -0.0577 -0.01119
vn -0.99793 -0.0643 -0.0014
vn -0.99697 -0.07479 0.0213
vn -0.99741 -0.07111 -0.01089
vn -0.9895 -0.14429 0.00851
vn -0.97726 -0.20779 0.04223
vn -0.96312 0.26433 -0.05029
vn -0.24914 -0.96491 0.08293
vn -0.91977 0.26663 -0.288
vn -0.81039 -0.32676 0.48631
vn -0.98652 0.11428 -0.1171
vn -0.99771 0.0418 -0.0531
vn -0.81418 -0.40168 0.41924
vn -0.85149 -0.1164 0.51129
vn -0.82166 0.54719 0.15956
vn -0.77932 0.62642 0.01613
vn -0.94189 -0.3334 -0.04112
vn -0.99844 -0.02293 -0.05089
vn -0.93269 0.35309 0.0736
vn -0.9568 -0.28108 0.07438
vn -0.9963 0.0637 0.05761
vn -0.99984 -0.01288 0.0122
vn -0.8683 0.36109 -0.34009
vn -0.99991 0.0045 0.0129
vn -0.99861 -0.04679 0.02409
vn -0.99746 0.04708 0.05351
vn -0.96579 0.16448 0.20047
vn -0.9084 -0.36038 -0.212
vn -0.96233 -0.22119 -0.15813
vn -0.99898 -0.04143 0.0179
vn -0.96233 -0.22119 -0.15813
vn -0.9998 0.0135 0.01482
vn -0.99962 0.0244 0.0132
vn -0.93991 -0.2376 -0.2452
vn -0.99429 0.03841 0.09957
vn -0.9999 0.00513 0.01322
vn -0.99776 0.02503 0.06197
vn -0.99751 0.02142 0.06713
vn -0.99888 0.04529 -0.01389
vn -0.99886 0.04712 0.00752
vn -0.07711 0.98844 -0.13052
vn -0.99311 -0.115 0.02232
vn -0.99697 -0.0684 -0.037
vn -0.98477 -0.17372 0.00669
vn -0.93269 0.35309 0.0736
vn -0.9568 -0.28108 0.07438
vn -0.99994 0.00983 -0.00465
vn -0.99919 0.01967 0.03496
vn -0.89671 0.37757 -0.23097
vn -0.98988 0.13747 -0.0351
vn -0.7986 0.22601 0.55781
vn -0.99923 -0.02289 -0.03171
vn -0.99855 -0.00171 -0.05383
vn -0.67127 0.1749 0.72028
vn -0.93359 -0.03958 -0.35615
vn -0.9989 -0.0198 0.04258
vn -0.85149 -0.1164 0.51129
vn -0.98501 0.0064 -0.1724
vn -0.93413 -0.28356 -0.2168
vn -0.96697 0.13549 0.21589
vn -0.89467 0.21859 0.38959
vn -0.96522 0.10462 0.23959
vn -0.8709 0.09602 0.48198
vn -0.99923 -0.02289 -0.03171
vn -0.7986 0.22601 0.55781
vn -0.78342 0.3599 0.50668
vn -0.96965 -0.20508 -0.13311
vn -0.82166 0.54719 0.15956
vn -0.94189 -0.3334 -0.04112
vn -0.9908 -0.096 0.09541
vn -0.873 -0.29528 0.38817
vn -0.87591 -0.42929 0.22021
vn -0.91244 0.33852 -0.22991
vn -0.56398 -0.5717 -0.59589
vn -0.2451 -0.7623 -0.59902
vn -0.56867 -0.67867 -0.46478
vn -0.18799 -0.58319 -0.79028
vn -0.77228 -0.54082 -0.33332
vn -0.94207 -0.25939 -0.21264
vn -0.9886 -0.13952 -0.0566
vn -0.91662 -0.31342 -0.24814
vn -0.93413 -0.28356 -0.2168
vn -0.89608 -0.25178 -0.36558
vn -0.84552 -0.27411 -0.45821
vn -0.86913 -0.20209 -0.45141
vn -0.75763 -0.2017 -0.62074
vn -0.80122 -0.0909 -0.59143
vn -0.75611 0.05309 -0.65229
vn -0.80051 0.0158 -0.59911
vn -0.98605 0.04728 -0.15958
vn -0.24914 -0.96491 0.08293
vn -0.82718 -0.48013 0.29196
vn -0.81039 -0.32676 0.48631
vn -0.85005 -0.38933 0.35473
vn -0.85981 -0.29885 0.41404
vn -0.81418 -0.40168 0.41924
vn -0.8607 -0.2945 0.41529
vn -0.85149 -0.1164 0.51129
vn -0.94062 -0.17208 0.2926
vn -0.9989 -0.0198 0.04258
vn -0.85149 -0.1164 0.51129
vn -0.85356 -0.1495 0.49908
vn -0.94062 -0.17208 0.2926
vn -0.99855 -0.00171 -0.05383
vn -0.86373 0.07311 -0.49862
vn -0.93359 -0.03958 -0.35615
vn -0.94969 -0.00708 -0.31311
vn -0.84309 0.16228 -0.51271
vn -0.98501 0.0064 -0.1724
vn -0.98652 0.11428 -0.1171
vn -0.99664 -0.0157 -0.08041
vn -0.91977 0.26663 -0.288
vn -0.97545 0.20525 -0.07979
vn -0.9087 0.39559 -0.13331
vn -0.96312 0.26433 -0.05029
vn -0.85409 -0.48442 -0.18939
vn -0.9886 -0.13952 -0.0566
vn -0.94992 -0.28653 -0.12471
vn -0.85992 -0.50421 -0.07941
vn -0.4055 -0.91095 0.07573
vn -0.99771 0.0418 -0.0531
vn -0.85149 -0.1164 0.51129
vn -0.99443 0.07002 -0.07884
vn -0.98501 0.0064 -0.1724
vn -0.85402 0.4076 -0.32328
vn -0.84309 0.16228 -0.51271
vn -0.99802 -0.0087 0.06232
vn -0.99881 -0.01083 -0.04756
vn -0.99984 0.01549 -0.0093
vn -0.98652 0.11428 -0.1171
vn -0.99075 -0.05846 0.12249
vn -0.99983 0.0048 -0.0176
vn -0.14837 0.58335 0.79856
vn -0.82166 0.54719 0.15956
vn -0.78342 0.3599 0.50668
vn -0.93409 0.28411 0.21621
vn -0.89144 0.37827 0.24951
vn -0.87132 0.46957 0.14252
vn -0.77932 0.62642 0.01613
vn -0.83229 0.55011 0.0683
vn -0.93269 0.35309 0.0736
vn -0.97414 0.22462 0.02456
vn -0.98988 0.13747 -0.0351
vn -0.8683 0.36109 -0.34009
vn -0.89671 0.37757 -0.23097
vn -0.9568 -0.28108 0.07438
vn -0.4055 -0.91095 0.07573
vn -0.85992 -0.50421 -0.07941
vn 0.17612 0.97165 -0.15773
vn -0.24914 -0.96491 0.08293
vn -0.82718 -0.48013 0.29196
vn -0.88688 0.08871 -0.45341
vn -0.8854 0.2368 -0.39999
vn -0.88139 0.24099 -0.40629
vn -0.87981 0.1824 -0.43894
vn -0.98605 0.04728 -0.15958
vn -0.07711 0.98844 -0.13052
vn 0.89915 0.42828 -0.08999
vn -0.84709 0.47598 -0.23639
vn -0.97414 0.22462 0.02456
vn -0.96965 -0.20508 -0.13311
vn -0.93991 -0.2376 -0.2452
vn -0.99923 -0.02289 -0.03171
vn -0.96233 -0.22119 -0.15813
vn -0.9084 -0.36038 -0.212
vn -0.8709 0.09602 0.48198
vn -0.99771 -0.0378 -0.05601
vn -0.81459 0.00751 0.57999
vn -0.82874 -0.01688 0.55938
vn -0.90801 0.04071 0.41696
vn -0.95147 0.10106 0.29067
vn -0.77512 -0.0468 0.63008
vn -0.94189 -0.3334 -0.04112
vn -0.9084 -0.36038 -0.212
vn -0.96965 -0.20508 -0.13311
vn -0.99844 -0.02293 -0.05089
vn -0.99964 0.00928 -0.02498
vn -0.9889 0.0999 -0.11
vn -0.99565 -0.01825 0.09139
vn -0.99987 0.00029 -0.01641
vn -0.99972 -0.0233 0.00462
vn -0.99919 0.01967 0.03496
vn -0.99929 0.03111 0.02109
vn -0.99697 -0.0684 -0.037
vn -0.99311 -0.115 0.02232
vn -0.99637 0.06161 -0.05869
vn -0.91244 0.33852 -0.22991
vn -0.873 -0.29528 0.38817
vn -0.99994 0.00919 0.00661
vn -0.99917 -0.00734 -0.03998
vn -0.99999 0.00347 0.00238
vn -0.99944 0.00258 -0.03343
vn -0.99776 0.05329 -0.0405
vn -0.99987 0.01589 -0.00107
vn -0.99943 0.0286 0.0182
vn -0.99547 -0.0039 -0.09497
vn -0.98066 0.07479 -0.18087
vn -0.9908 -0.096 0.09541
vn -0.99892 -0.04408 0.01479
vn -0.97726 -0.20779 0.04223
vn -0.9895 -0.14429 0.00851
vn -0.9087 0.39559 -0.13331
vn -0.97545 0.20525 -0.07979
vn -0.99664 -0.0157 -0.08041
vn -0.98652 0.11428 -0.1171
vn -0.7986 0.22601 0.55781
vn -0.88566 0.25399 0.3887
vn -0.8417 0.30667 0.4444
vn -0.78342 0.3599 0.50668
vn -0.93409 0.28411 0.21621
vn -0.7986 0.22601 0.55781
vn -0.79795 0.25499 0.54613
vn -0.88566 0.25399 0.3887
vn -0.67127 0.1749 0.72028
vn -0.99257 0.01449 0.12083
vn -0.67127 0.1749 0.72028
vn -0.85356 -0.1495 0.49908
vn -0.99257 0.01449 0.12083
vn -0.6814 0.34577 0.64509
vn -0.79795 0.25499 0.54613
vn -0.70741 -0.14542 0.69168
vn -0.64213 0.17431 0.74652
vn -0.80409 0.05419 0.59203
vn -0.72747 0.45298 0.51536
vn -0.99999 0.00037 0.00473
vn -0.94062 -0.17208 0.2926
vn -0.99849 -0.0175 0.05211
vn -0.8607 -0.2945 0.41529
vn -0.85981 -0.29885 0.41404
vn -0.85005 -0.38933 0.35473
vn -0.88139 0.24099 -0.40629
vn -0.90335 0.25494 -0.34492
vn -0.8267 0.19951 -0.52609
vn -0.87981 0.1824 -0.43894
vn -0.99999 0.00037 0.00473
vn -0.85992 -0.50421 -0.07941
vn -0.99979 -0.01448 -0.01459
vn -0.94992 -0.28653 -0.12471
vn -0.9886 -0.13952 -0.0566
vn -0.84709 0.47598 -0.23639
vn -0.97414 0.22462 0.02456
vn -0.84834 0.38363 0.3649
vn -0.7211 0.13606 0.67934
vn -0.8864 -0.44145 -0.13933
vn -0.93979 0.22321 -0.2588
vn -0.90335 0.25494 -0.34492
vn -0.8267 0.19951 -0.52609
vn -0.98605 0.04728 -0.15958
vn -0.87981 0.1824 -0.43894
vn -0.80051 0.0158 -0.59911
vn -0.99979 -0.01448 -0.01459
vn -0.80122 -0.0909 -0.59143
vn -0.86913 -0.20209 -0.45141
vn -0.89608 -0.25178 -0.36558
vn -0.91662 -0.31342 -0.24814
vn -0.94207 -0.25939 -0.21264
vn -0.9886 -0.13952 -0.0566
vn -0.68187 0.53076 0.50333
vn -0.79795 0.25499 0.54613
vn -0.6814 0.34577 0.64509
vn -0.88566 0.25399 0.3887
vn -0.8417 0.30667 0.4444
vn -0.66238 0.62299 0.41609
vn -0.93409 0.28411 0.21621
vn -0.89144 0.37827 0.24951
vn -0.84834 0.38363 0.3649
vn -0.63923 0.73319 0.23199
vn -0.87132 0.46957 0.14252
vn -0.83229 0.55011 0.0683
vn -0.97414 0.22462 0.02456
vn -0.8267 0.19951 -0.52609
vn -0.98762 -0.15341 -0.0326
vn -0.99167 0.12554 0.02877
vn -0.52682 0.75803 -0.38451
vn -0.8864 -0.44145 -0.13933
vn -0.8267 0.19951 -0.52609
vn -0.90335 0.25494 -0.34492
vn -0.98762 -0.15341 -0.0326
vn -0.85036 0.01061 -0.52609
vn -0.84344 0.3787 -0.38104
vn -0.99968 -0.0202 0.01551
vn -0.83302 0.54604 0.08896
vn -0.78065 0.27022 0.56354
vn -0.99167 0.12554 0.02877
vn -0.7211 0.13606 0.67934
vn -0.82748 -0.27509 0.4895
vn -0.8864 -0.44145 -0.13933
vn -0.75322 0.39758 0.52402
vn -0.52682 0.75803 -0.38451
vn -0.96271 0.27038 0.00914
vn -0.99997 0.00623 0.00549
vn -0.99997 0.0062 0.00535
vn -0.99996 0.00626 0.00562
vn -0.99996 0.0063 0.00575
vn -0.99999 0.00037 0.00473
vn -0.82718 -0.48013 0.29196
vn -0.85992 -0.50421 -0.07941
vn -0.85005 -0.38933 0.35473
vn -0.99849 -0.0175 0.05211
vn -0.63923 0.73319 0.23199
vn 0.79675 0.59629 0.0981
vn -0.84834 0.38363 0.3649
vn 0.62324 0.7382 0.25815
vn -0.66238 0.62299 0.41609
vn 0.67108 0.60259 0.43189
vn 0.63431 0.52159 0.57062
vn -0.68187 0.53076 0.50333
vn -0.6814 0.34577 0.64509
vn 0.66046 0.35418 0.66208
vn 0.03281 0.94905 0.31341
vn 0.05231 0.97916 0.19623
vn 0.19088 0.94647 0.26032
vn 0.69791 0.59842 0.39348
vn -0.72747 0.45298 0.51536
vn -0.74379 0.42209 -0.51828
vn -0.04112 0.58488 -0.81008
vn -0.5632 0.30404 -0.76835
vn -0.04603 0.98013 -0.19292
vn 0.00174 0.98877 -0.14944
vn -0.56398 -0.5717 -0.59589
vn -0.5632 0.30404 -0.76835
vn -0.18799 -0.58319 -0.79028
vn -0.04112 0.58488 -0.81008
vn 0.00174 0.98877 -0.14944
vn -0.08801 0.82919 0.552
vn -0.06321 0.45172 0.88992
vn -0.05258 0.01827 0.99845
vn -0.58344 0.55939 0.5888
vn -0.3688 -0.18918 0.91006
vn -0.48436 0.32015 0.81419
vn -0.58344 0.55939 0.5888
vn -0.02808 0.67803 0.7345
vn 0.39512 0.32311 0.85993
vn -0.84834 0.38363 0.3649
vn 0.79675 0.59629 0.0981
vn -0.7211 0.13606 0.67934
vn -0.1864 0.17019 0.96762
vn -0.49759 0.35133 0.79308
vn -0.80409 0.05419 0.59203
vn -0.72747 0.45298 0.51536
vn 0.69791 0.59842 0.39348
vn 0.76013 0.10819 0.6407
vn -0.70741 -0.14542 0.69168
vn -0.80409 0.05419 0.59203
vn 0.76013 0.10819 0.6407
vn 0.56733 -0.05756 0.82148
vn -0.64213 0.17431 0.74652
vn 0.75798 0.16292 0.6316
vn -0.6814 0.34577 0.64509
vn 0.66046 0.35418 0.66208
vn -0.75322 0.39758 0.52402
vn -0.7211 0.13606 0.67934
vn -0.50033 0.43288 0.74986
vn -0.13841 0.2308 0.96311
vn -0.8298 0.5579 0.01355
vn -0.15782 0.98735 -0.015
vn -0.52682 0.75803 -0.38451
vn 0.00299 0.95529 -0.29565
vn -0.7211 0.13606 0.67934
vn -0.49759 0.35133 0.79308
vn -0.50033 0.43288 0.74986
vn -0.13841 0.2308 0.96311
vn -0.49759 0.35133 0.79308
vn -0.1864 0.17019 0.96762
vn -0.23961 0.2209 0.9454
vn 0.05459 0.2449 0.96801
vn 0.2948 0.22247 0.9293
vn 0.91443 0.12931 0.38353
vn -0.13841 0.2308 0.96311
vn -0.00164 0.11728 0.9931
vn 0.69791 0.59842 0.39348
vn 0.19088 0.94647 0.26032
vn 0.5728 0.81191 0.1127
vn 0.70084 0.6343 0.32633
vn 0.76013 0.10819 0.6407
vn 0.67108 0.60259 0.43189
vn 0.63431 0.52159 0.57062
vn 0.62324 0.7382 0.25815
vn 0.67565 0.5553 0.4849
vn 0.70249 0.60547 0.37407
vn 0.69603 0.65963 0.28361
vn 0.69156 0.47302 0.54589
vn 0.7021 0.39001 0.59578
vn 0.69696 0.29878 0.6519
vn 0.66046 0.35418 0.66208
vn 0.79675 0.59629 0.0981
vn 0.58811 0.59222 0.55082
vn 0.61829 -0.08954 0.78083
vn 0.14282 -0.65128 0.74528
vn 0.56733 -0.05756 0.82148
vn 0.66046 0.35418 0.66208
vn 0.75798 0.16292 0.6316
vn 0.66053 0.08722 0.74572
vn 0.76013 0.10819 0.6407
vn 0.70084 0.6343 0.32633
vn 0.71891 0.19802 0.6663
vn 0.69696 0.29878 0.6519
vn -0.8298 0.5579 0.01355
vn -0.88132 0.47251 0.0035
vn -0.15782 0.98735 -0.015
vn -0.86708 0.49809 -0.0088
vn -0.84325 0.25503 -0.47317
vn -0.65978 0.5172 0.54517
vn 0.66053 0.08722 0.74572
vn 0.70084 0.6343 0.32633
vn -0.0445 0.03487 0.9984
vn -0.24864 0.15482 0.95614
vn -0.13098 0.1802 0.97487
vn -0.0103 0.22292 0.97478
vn 0.0081 0.26362 0.96459
vn 0.71891 0.19802 0.6663
vn 0.69696 0.29878 0.6519
vn -0.19715 0.41008 0.89049
vn -0.65978 0.5172 0.54517
vn -0.71699 0.2627 0.64569
vn -0.84325 0.25503 -0.47317
vn -0.78357 0.17279 -0.59679
vn -0.85808 0.48621 0.1652
vn -0.56196 0.62187 -0.54541
vn -0.38705 0.84578 0.36721
vn 0.58811 0.59222 0.55082
vn 0.10837 0.81641 0.56721
vn 0.61829 -0.08954 0.78083
vn -0.0035 -0.53257 0.84638
vn -0.85808 0.48621 0.1652
vn -0.71699 0.2627 0.64569
vn -0.38705 0.84578 0.36721
vn -0.28034 0.53982 0.79373
vn -0.71699 0.2627 0.64569
vn 0.09742 0.43589 0.89471
vn -0.28034 0.53982 0.79373
vn -0.65978 0.5172 0.54517
vn 0.12709 0.58296 0.8025
vn 0.0715 0.58138 0.81048
vn -0.13486 -0.38954 0.91108
vn -0.84325 0.25503 -0.47317
vn 0.42782 0.26858 -0.86304
vn -0.05982 0.96833 -0.2424
vn 0.29851 -0.14075 -0.94397
vn -0.78357 0.17279 -0.59679
vn 0.04709 0.0069 -0.99887
vn -0.56196 0.62187 -0.54541
vn -0.15942 0.61277 -0.77401
vn -0.01711 -0.08607 -0.99614
vn 0.29851 -0.14075 -0.94397
vn 0.632 0.28389 -0.7211
vn 0.42782 0.26858 -0.86304
vn 0.161 -0.05759 -0.98527
vn 0.04709 0.0069 -0.99887
vn 0.61829 -0.08954 0.78083
vn -0.0035 -0.53257 0.84638
vn 0.14282 -0.65128 0.74528
vn -0.00644 -0.60047 0.79962
vn -0.25099 0.11022 0.9617
vn -0.49228 -0.25324 0.83279
vn -0.18802 -0.11711 0.97516
vn -0.20922 0.33825 0.91751
vn 0.632 0.28389 -0.7211
vn 0.161 -0.05759 -0.98527
vn -0.15146 -0.03699 -0.98777
vn 0.19519 0.4133 -0.88943
vn 0.07731 0.49419 -0.86591
vn -0.56196 0.62187 -0.54541
vn -0.38705 0.84578 0.36721
vn -0.15942 0.61277 -0.77401
vn -0.02821 0.93077 0.36452
vn 0.5728 0.81191 0.1127
vn -0.72182 0.69012 0.0521
vn 0.70084 0.6343 0.32633
vn -0.06321 0.45172 0.88992
vn -0.02808 0.67803 0.7345
vn 0.42782 0.26858 -0.86304
vn 0.19519 0.4133 -0.88943
vn -0.05982 0.96833 -0.2424
vn 0.632 0.28389 -0.7211
vn -0.38705 0.84578 0.36721
vn -0.28034 0.53982 0.79373
vn -0.02821 0.93077 0.36452
vn 0.10089 0.60139 0.79256
vn -0.24864 0.15482 0.95614
vn 0.03709 0.24898 0.9678
vn -0.13098 0.1802 0.97487
vn -0.20922 0.33825 0.91751
vn -0.25099 0.11022 0.9617
vn 0.8293 -0.5119 0.2241
vn 0.85691 -0.29259 -0.42439
vn 0.03353 0.54155 0.84
vn 0.05503 0.61321 0.788
vn -0.0967 0.0657 0.99314
vn 0.15621 0.70675 0.69
vn -0.21849 0.74191 0.6339
vn 0.59423 0.37649 0.71073
vn 0.95303 -0.25721 0.1599
vn -0.15146 -0.03699 -0.98777
vn 0.161 -0.05759 -0.98527
vn -0.6557 0.0522 -0.75321
vn -0.57448 0.12795 -0.80846
vn 0.94753 -0.00677 0.31961
vn 0.91443 0.12931 0.38353
vn 0.96778 0.16293 0.19197
vn 0.2948 0.22247 0.9293
vn 0.90911 0.0528 0.41319
vn 0.96778 0.16293 0.19197
vn 0.69696 0.29878 0.6519
vn -0.19715 0.41008 0.89049
vn -0.18208 0.50948 0.841
vn 0.7021 0.39001 0.59578
vn 0.69156 0.47302 0.54589
vn -0.54637 0.54582 0.63527
vn -0.63709 0.11404 0.76231
vn -0.0905 0.62043 0.77902
vn 0.67565 0.5553 0.4849
vn -0.0045 0.80438 0.59409
vn 0.70249 0.60547 0.37407
vn 0.69603 0.65963 0.28361
vn -0.2738 0.86388 0.42279
vn 0.01461 0.77296 0.63429
vn -0.058 0.99676 0.05572
vn -0.01229 0.94449 0.32831
vn 0.58811 0.59222 0.55082
vn 0.10837 0.81641 0.56721
vn 0.14481 0.95579 0.25592
vn -0.0647 0.98392 0.1665
vn -0.24411 0.80271 0.54412
vn 0.09413 0.99524 0.02508
vn -0.02908 0.99609 0.08338
vn -0.30389 0.91421 0.2681
vn 0.30406 0.87865 0.36812
vn -0.0905 0.62043 0.77902
vn -0.63709 0.11404 0.76231
vn -0.2633 0.19485 0.94483
vn -0.37767 0.5669 0.73211
vn 0.09742 0.43589 0.89471
vn 0.05503 0.61321 0.788
vn 0.03353 0.54155 0.84
vn 0.12709 0.58296 0.8025
vn -0.13486 -0.38954 0.91108
vn -0.2633 0.19485 0.94483
vn -0.37767 0.5669 0.73211
vn 0.0395 0.74984 0.66044
vn -0.0958 0.60649 0.78929
vn 0.0265 0.76632 0.64191
vn 0.042 0.8286 0.55827
vn 0.05657 0.7962 0.60238
vn 0.5805 0.55907 0.592
vn 0.21609 0.50122 0.83791
vn -0.53553 0.60549 0.58871
vn 0.37959 0.39771 0.83531
vn -0.18208 0.50948 0.841
vn -0.13662 0.4154 0.89932
vn -0.19715 0.41008 0.89049
vn 0.19939 0.23029 0.95247
vn -0.54637 0.54582 0.63527
vn -0.18208 0.50948 0.841
vn -0.53553 0.60549 0.58871
vn -0.37767 0.5669 0.73211
vn -0.63709 0.11404 0.76231
vn 0.97537 -0.22013 0.01421
vn 0.59423 0.37649 0.71073
vn 0.91342 0.40381 -0.0511
vn 0.95303 -0.25721 0.1599
vn 0.8732 -0.48369 0.05975
vn -0.24631 -0.2177 0.94442
vn 0.19939 0.23029 0.95247
vn -0.13662 0.4154 0.89932
vn 0.03709 0.24898 0.9678
vn 0.91342 0.40381 -0.0511
vn 0.59423 0.37649 0.71073
vn 0.15621 0.70675 0.69
vn 0.2357 0.96882 -0.07638
vn -0.04991 0.53291 -0.8447
vn 0.14019 0.06919 -0.9877
vn -0.21849 0.74191 0.6339
vn -0.1386 0.87403 -0.46568
vn -0.58404 0.31623 0.74759
vn -0.3871 0.2442 -0.88911
vn -0.58404 0.31623 0.74759
vn 0.19939 0.23029 0.95247
vn 0.56672 0.40083 0.71984
vn 0.37959 0.39771 0.83531
vn 0.1272 0.5682 0.813
vn 0.5805 0.55907 0.592
vn 0.19519 0.4133 -0.88943
vn 0.07731 0.49419 -0.86591
vn -0.05982 0.96833 -0.2424
vn 0.0446 0.56153 -0.82626
vn 0.03709 0.24898 0.9678
vn 0.51096 0.13456 0.84901
vn 0.34268 0.25846 0.9032
vn 0.19939 0.23029 0.95247
vn -0.64262 0.32631 0.69322
vn -0.0958 0.60649 0.78929
vn 0.21609 0.50122 0.83791
vn -0.23979 0.57346 0.78336
vn -0.02479 0.58753 0.80882
vn 0.34268 0.25846 0.9032
vn 0.51096 0.13456 0.84901
vn 0.85691 -0.29259 -0.42439
vn -0.60061 0.21504 0.77008
vn -0.64262 0.32631 0.69322
vn 0.05503 0.61321 0.788
vn -0.13486 -0.38954 0.91108
vn 0.0345 0.10499 0.99387
vn -0.21849 0.74191 0.6339
vn -0.58404 0.31623 0.74759
vn 0.02541 0.13994 0.98983
vn -0.90286 0.0022 0.42994
vn 0.14648 0.14199 0.97897
vn 0.1248 0.71993 0.68273
vn 0.16107 -0.26287 0.95129
vn -0.13486 -0.38954 0.91108
vn 0.28241 -0.64877 0.70664
vn 0.0715 0.58138 0.81048
vn -0.07319 -0.1218 0.98985
vn -0.06163 -0.21887 0.97381
vn -0.04407 -0.21295 0.97607
vn -0.04089 0.28052 0.95898
vn -0.03437 0.38335 0.92296
vn -0.2738 0.86388 0.42279
vn -0.66009 0.751 -0.01671
vn -0.058 0.99676 0.05572
vn -0.06275 0.95422 -0.29245
vn -0.2738 0.86388 0.42279
vn -0.6109 0.48261 0.62761
vn -0.66009 0.751 -0.01671
vn -0.32131 0.47 0.82211
vn 0.40581 0.78052 0.47551
vn 0.30838 0.42191 0.85258
vn -0.06275 0.95422 -0.29245
vn 0.56672 0.40083 0.71984
vn -0.64262 0.32631 0.69322
vn 0.1272 0.5682 0.813
vn -0.27877 0.62758 0.72693
vn -0.0306 0.65858 0.75189
vn -0.03866 0.68729 0.72535
vn -0.4682 0.47231 0.7468
vn 0.04872 0.7114 0.7011
vn -0.23979 0.57346 0.78336
vn -0.02479 0.58753 0.80882
vn -0.25438 0.91043 0.32619
vn -0.11271 0.99156 -0.06405
vn -0.46953 0.57 0.67428
vn -0.4682 0.47231 0.7468
vn 0.042 0.8286 0.55827
vn 0.0319 0.90776 0.41828
vn 0.05657 0.7962 0.60238
vn -0.04329 0.55938 0.82778
vn 0.28681 0.60731 0.74089
vn -0.37828 0.63028 0.67798
vn -0.18722 0.44126 0.87763
vn -0.06376 -0.03078 0.99749
vn -0.24411 0.80271 0.54412
vn 0.18479 0.77458 0.60488
vn 0.14481 0.95579 0.25592
vn 0.8293 -0.5119 0.2241
vn 0.21821 -0.21821 0.95119
vn 0.85691 -0.29259 -0.42439
vn -0.60514 0.31909 0.72938
vn -0.27877 0.62758 0.72693
vn -0.64262 0.32631 0.69322
vn -0.4682 0.47231 0.7468
vn -0.60514 0.31909 0.72938
vn -0.60061 0.21504 0.77008
vn 0.85691 -0.29259 -0.42439
vn -0.05982 0.96833 -0.2424
vn 0.0446 0.56153 -0.82626
vn -0.02483 0.99969 0.00235
vn 0.00192 0.57605 -0.81741
vn 0.01939 0.88791 -0.45961
vn -0.38187 0.43586 -0.81498
vn -0.04638 -0.31967 -0.94639
vn -0.6109 0.48261 0.62761
vn -0.04329 0.55938 0.82778
vn -0.32131 0.47 0.82211
vn 0.30838 0.42191 0.85258
vn 0.28681 0.60731 0.74089
vn 0.14019 0.06919 -0.9877
vn -0.04991 0.53291 -0.8447
vn 0.07731 0.49419 -0.86591
vn 0.24235 -0.4944 -0.83477
vn 0.0446 0.56153 -0.82626
vn -0.3871 0.2442 -0.88911
vn -0.55121 0.24491 -0.79761
vn 0.03071 0.32641 -0.94473
vn -0.74314 0.48329 0.46279
vn -0.83688 0.53722 -0.10499
vn -0.78466 0.61477 -0.07978
vn -0.5693 0.37368 0.7323
vn 0.24235 -0.4944 -0.83477
vn 0.30421 -0.45337 -0.8378
vn 0.0446 0.56153 -0.82626
vn 0.42358 -0.55698 -0.71439
vn 0.03071 0.32641 -0.94473
vn 0.05227 -0.14359 0.98826
vn 0.32233 -0.6732 0.66551
vn -0.00803 -0.10138 0.99482
vn 0.3057 -0.85137 0.42628
vn -0.06275 0.95422 -0.29245
vn 0.14481 0.95579 0.25592
vn -0.058 0.99676 0.05572
vn 0.40581 0.78052 0.47551
vn 0.36209 -0.93172 0.02811
vn 0.3057 -0.85137 0.42628
vn 0.32233 -0.6732 0.66551
vn 0.1825 -0.97793 0.10171
vn -0.74314 0.48329 0.46279
vn 0.0337 0.185 0.98216
vn -0.5693 0.37368 0.7323
vn 0.36171 0.65904 0.65942
vn 0.1248 0.71993 0.68273
vn 0.47368 0.87474 -0.10221
vn 0.36171 0.65904 0.65942
vn 0.58199 0.8086 -0.0863
vn 0.1248 0.71993 0.68273
vn 0.05417 0.99413 -0.09366
vn 0.0446 0.56153 -0.82626
vn 0.30421 -0.45337 -0.8378
vn 0.00192 0.57605 -0.81741
vn 0.0394 -0.21789 -0.97518
vn 0.42358 -0.55698 -0.71439
vn 0.01939 0.88791 -0.45961
vn -0.30481 -0.36059 -0.88151
vn 0.30838 0.42191 0.85258
vn 0.28681 0.60731 0.74089
vn 0.18479 0.77458 0.60488
vn 0.40581 0.78052 0.47551
vn 0.71082 0.44201 0.54714
vn -0.4682 0.47231 0.7468
vn -0.25952 0.02676 0.96537
vn -0.46953 0.57 0.67428
vn -0.22589 0.63326 0.74024
vn -0.2881 0.61009 0.73809
vn -0.0252 0.1359 0.9904
vn -0.34329 0.48548 0.80403
vn -0.60514 0.31909 0.72938
vn -0.07235 0.84923 0.52304
vn -0.74028 0.34511 0.57696
vn 0.18651 -0.15535 0.97009
vn 0.18362 0.50812 0.84148
vn -0.0264 0.21241 0.97682
vn -0.34329 0.48548 0.80403
vn -0.60514 0.31909 0.72938
vn -0.08128 0.13528 0.98747
vn 0.21821 -0.21821 0.95119
vn 0.24991 -0.2328 0.93987
vn -0.38682 0.02238 0.92189
vn -0.60593 -0.18435 0.77386
vn 0.41152 0.40951 0.81422
vn -0.4401 -0.28261 0.85232
vn -0.20063 0.26931 0.94192
vn 0.02251 0.2999 0.95371
vn 0.2314 -0.09604 0.96811
vn -0.06009 -0.33271 0.94111
vn -0.4016 0.89143 0.20991
vn -0.90286 0.0022 0.42994
vn -0.55121 0.24491 -0.79761
vn -0.58404 0.31623 0.74759
vn -0.3871 0.2442 -0.88911
vn -0.96959 -0.24337 0.02581
vn -0.2857 -0.92781 0.23989
vn -0.69615 -0.02087 0.71759
vn -0.42993 -0.88534 0.17701
vn -0.28601 -0.6623 0.69251
vn -0.77809 -0.18888 0.59909
vn -0.63471 0.5356 0.55702
vn -0.94172 0.29087 -0.16898
vn -0.97342 0.1685 -0.15509
vn -0.22589 0.63326 0.74024
vn -0.2881 0.61009 0.73809
vn -0.96959 -0.24337 0.02581
vn -0.69615 -0.02087 0.71759
vn -0.53861 0.74655 0.39059
vn -0.4016 0.89143 0.20991
vn -0.93946 0.23329 0.25098
vn -0.7388 -0.35398 0.57348
vn -0.16563 0.77538 0.60939
vn -0.22627 -0.1509 0.9623
vn 0.05399 0.74659 0.66309
vn -0.13198 0.98291 0.12829
vn 0.21006 0.97748 0.0203
vn -0.0395 0.71199 0.70108
vn 0.15711 -0.34589 0.92503
vn -0.93946 0.23329 0.25098
vn -0.85593 -0.27811 -0.43593
vn -0.73278 -0.67919 -0.04166
vn -0.7388 -0.35398 0.57348
vn -0.6477 0.64709 0.4022
vn -0.7196 0.30792 -0.62238
vn -0.79571 0.44719 -0.40849
vn -0.85168 -0.13637 0.506
vn -0.8211 -0.53712 -0.19315
vn -0.34329 0.48548 0.80403
vn -0.46953 0.57 0.67428
vn -0.7321 0.63382 -0.2496
vn -0.25438 0.91043 0.32619
vn -0.195 0.89869 -0.39285
vn -0.77809 -0.18888 0.59909
vn -0.28605 -0.53139 0.79737
vn -0.63471 0.5356 0.55702
vn 0.06872 -0.221 0.97285
vn 0.04707 0.60659 0.79362
vn -0.46953 0.57 0.67428
vn -0.25952 0.02676 0.96537
vn -0.73278 -0.67919 -0.04166
vn -0.13428 -0.98271 0.12748
vn -0.85168 -0.13637 0.506
vn -0.8211 -0.53712 -0.19315
vn -0.30037 -0.81203 0.50039
vn -0.08369 -0.99649 -0.00019
vn 0.32594 -0.92576 0.19163
vn 0.51494 -0.83519 0.19313
vn -0.69615 -0.02087 0.71759
vn 0.01711 0.5195 0.8543
vn -0.53861 0.74655 0.39059
vn -0.28601 -0.6623 0.69251
vn -0.01321 0.35771 0.93374
vn 0.11991 0.58539 0.80184
vn 0.16669 0.29752 0.94005
vn -0.73278 -0.67919 -0.04166
vn -0.193 -0.96174 0.19444
vn -0.7388 -0.35398 0.57348
vn -0.13428 -0.98271 0.12748
vn 0.14531 -0.98774 -0.057
vn 0.37129 -0.89338 0.25299
vn 0.15711 -0.34589 0.92503
vn -0.77809 -0.18888 0.59909
vn -0.22839 -0.97008 0.08229
vn -0.28605 -0.53139 0.79737
vn 0.4241 -0.84331 0.3301
vn 0.06872 -0.221 0.97285
vn -0.34329 0.48548 0.80403
vn -0.79571 0.44719 -0.40849
vn -0.16831 0.67242 -0.72078
vn -0.07235 0.84923 0.52304
vn -0.2857 -0.92781 0.23989
vn 0.52574 -0.84062 -0.13024
vn -0.42993 -0.88534 0.17701
vn 0.24991 -0.2328 0.93987
vn -0.7388 -0.35398 0.57348
vn -0.193 -0.96174 0.19444
vn -0.22627 -0.1509 0.9623
vn 0.15711 -0.34589 0.92503
vn -0.00836 0.91474 -0.40397
vn -0.16831 0.67242 -0.72078
vn -0.7196 0.30792 -0.62238
vn -0.79571 0.44719 -0.40849
vn -0.8211 -0.53712 -0.19315
vn -0.06009 -0.33271 0.94111
vn -0.08369 -0.99649 -0.00019
vn 0.2314 -0.09604 0.96811
vn 0.51494 -0.83519 0.19313
vn -0.55121 0.24491 -0.79761
vn -0.0306 0.58612 -0.80964
vn 0.03071 0.32641 -0.94473
vn -0.03423 0.54381 -0.83851
vn -0.53861 0.74655 0.39059
vn 0.12674 0.95567 -0.26577
vn -0.4016 0.89143 0.20991
vn 0.41152 0.40951 0.81422
vn 0.99011 0.0693 -0.12201
vn -0.37828 0.63028 0.67798
vn -0.50079 0.37324 0.78096
vn -0.24411 0.80271 0.54412
vn -0.3726 0.92392 0.08691
vn -0.20007 0.70219 0.6833
vn 0.29647 0.79768 0.52518
vn -0.12129 0.97129 -0.20468
vn 0.40102 0.90743 -0.1255
vn 0.72482 0.58488 0.36408
vn 0.30406 0.87865 0.36812
vn -0.30037 -0.81203 0.50039
vn 0.08424 -0.06581 0.99427
vn -0.85168 -0.13637 0.506
vn 0.0279 0.53089 0.84698
vn -0.6477 0.64709 0.4022
vn 0.53629 0.05187 0.84244
vn 0.51599 0.85316 -0.07661
vn -0.00836 0.91474 -0.40397
vn 0.72232 0.6893 0.05589
vn -0.25952 0.02676 0.96537
vn -0.22589 0.63326 0.74024
vn -0.00631 0.52487 0.85116
vn 0.39751 -0.0118 0.91752
vn -0.37482 0.7128 0.59281
vn 0.20992 0.60299 0.76963
vn -0.02729 0.71326 0.70037
vn 0.08151 0.89822 0.43193
vn -0.17491 0.80957 0.56037
vn -0.11049 0.10259 0.98857
vn -0.0253 0.84873 0.52822
vn 0.18559 0.16149 0.96926
vn 0.02529 0.60881 0.79292
vn -0.00272 0.59689 0.80232
vn -0.01265 0.58973 0.8075
vn -0.54101 0.11989 0.83243
vn -0.74028 0.34511 0.57696
vn 0.18651 -0.15535 0.97009
vn -0.1631 -0.24968 0.95449
vn -0.08379 0.75238 0.65337
vn 0.0918 0.0011 0.99578
vn -0.22839 -0.97008 0.08229
vn -0.0252 0.1359 0.9904
vn 0.4241 -0.84331 0.3301
vn 0.18651 -0.15535 0.97009
vn -0.25438 0.91043 0.32619
vn -0.07596 0.89807 -0.43324
vn -0.11271 0.99156 -0.06405
vn -0.195 0.89869 -0.39285
vn -0.13198 0.98291 0.12829
vn 0.21006 0.97748 0.0203
vn 0.23661 0.34304 -0.90903
vn 0.1248 0.71993 0.68273
vn -0.51646 0.78069 -0.35183
vn 0.05417 0.99413 -0.09366
vn -0.55329 0.245 0.79614
vn -0.28601 -0.6623 0.69251
vn -0.42993 -0.88534 0.17701
vn 0.49223 -0.76543 -0.41452
vn 0.52574 -0.84062 -0.13024
vn 0.22677 0.77004 0.59633
vn 0.01711 0.5195 0.8543
vn 0.2029 0.87431 0.44091
vn 0.11991 0.58539 0.80184
vn -0.25952 0.02676 0.96537
vn 0.37129 -0.89338 0.25299
vn -0.13428 -0.98271 0.12748
vn 0.39751 -0.0118 0.91752
vn -0.16831 0.67242 -0.72078
vn 0.44789 0.61793 -0.64618
vn -0.07235 0.84923 0.52304
vn 0.18362 0.50812 0.84148
vn -0.00836 0.91474 -0.40397
vn 0.51599 0.85316 -0.07661
vn -0.16831 0.67242 -0.72078
vn 0.44789 0.61793 -0.64618
vn -0.30037 -0.81203 0.50039
vn 0.32594 -0.92576 0.19163
vn 0.08424 -0.06581 0.99427
vn 0.53629 0.05187 0.84244
vn 0.51494 -0.83519 0.19313
vn -0.37828 0.63028 0.67798
vn -0.18722 0.44126 0.87763
vn -0.50079 0.37324 0.78096
vn -0.06589 0.14089 0.98783
vn -0.06376 -0.03078 0.99749
vn -0.20007 0.70219 0.6833
vn 0.4016 0.44881 0.7983
vn 0.29647 0.79768 0.52518
vn -0.3726 0.92392 0.08691
vn -0.12129 0.97129 -0.20468
vn -0.0647 0.98392 0.1665
vn 0.09413 0.99524 0.02508
vn 0.37129 -0.89338 0.25299
vn 0.39751 -0.0118 0.91752
vn 0.85058 -0.46782 0.24012
vn 0.20992 0.60299 0.76963
vn 0.33436 0.91552 0.22368
vn -0.63471 0.5356 0.55702
vn 0.49439 0.86924 -0.002
vn 0.04707 0.60659 0.79362
vn 0.33436 0.91552 0.22368
vn 0.49439 0.86924 -0.002
vn 0.54987 0.28791 -0.78407
vn 0.58681 0.22421 -0.77806
vn -0.02632 0.05602 -0.99808
vn 0.04368 0.06118 -0.99717
vn -0.01741 0.04291 -0.99893
vn 0.11081 -0.2394 -0.96458
vn 0.12481 0.0924 -0.98787
vn 0.24969 0.1271 -0.95995
vn -0.2842 0.0327 -0.95821
vn -0.30481 -0.36059 -0.88151
vn 0.52574 -0.84062 -0.13024
vn 0.24991 -0.2328 0.93987
vn 0.99011 0.0693 -0.12201
vn 0.41152 0.40951 0.81422
vn 0.44789 0.61793 -0.64618
vn 0.51599 0.85316 -0.07661
vn 0.78989 0.03441 -0.61228
vn 0.72232 0.6893 0.05589
vn 0.52574 -0.84062 -0.13024
vn 0.99011 0.0693 -0.12201
vn 0.76178 -0.46468 -0.4514
vn 0.49223 -0.76543 -0.41452
vn 0.18651 -0.15535 0.97009
vn 0.76518 -0.568 0.30311
vn 0.4241 -0.84331 0.3301
vn 0.856 -0.46091 0.23415
vn 0.85394 -0.52027 0.00998
vn 0.14648 0.14199 0.97897
vn 0.4108 -0.17188 0.89538
vn 0.1248 0.71993 0.68273
vn -0.55329 0.245 0.79614
vn -0.12129 0.97129 -0.20468
vn 0.40102 0.90743 -0.1255
vn 0.09413 0.99524 0.02508
vn 0.30406 0.87865 0.36812
vn 0.06028 -0.64466 -0.76209
vn -0.30481 -0.36059 -0.88151
vn 0.0394 -0.21789 -0.97518
vn 0.11081 -0.2394 -0.96458
vn 0.0265 0.76632 0.64191
vn -0.05461 0.66134 0.7481
vn 0.042 0.8286 0.55827
vn -0.07926 0.84483 0.52913
vn -0.04642 0.56267 0.82538
vn -0.2949 0.67297 0.67834
vn 0.00133 0.88336 0.46869
vn -0.05559 -0.02298 -0.99819
vn -0.00341 0.33788 -0.94118
vn 0.0813 0.00151 -0.99669
vn -0.0659 0.25176 -0.96554
vn -0.8267 0.19951 -0.52609
vn -0.52682 0.75803 -0.38451
vn 0.00299 0.95529 -0.29565
vn -0.99891 -0.04008 -0.02404
vn -0.55329 0.245 0.79614
vn -0.84221 0.2456 0.47996
vn -0.49421 0.22909 -0.83862
vn -0.65318 0.0725 -0.75372
vn -0.7277 0.68589 0.0038
vn -0.51892 0.61414 -0.59461
vn -0.65318 0.0725 -0.75372
vn -0.99891 -0.04008 -0.02404
vn -0.84221 0.2456 0.47996
vn -0.24907 0.5243 0.81429
vn -0.51892 0.61414 -0.59461
vn -0.10659 0.97334 0.20311
vn 0.00957 0.88876 -0.45828
vn 0.29647 0.79768 0.52518
vn 0.4016 0.44881 0.7983
vn 0.72482 0.58488 0.36408
vn 0.32881 0.69549 0.63888
vn 0.30406 0.87865 0.36812
vn -0.84221 0.2456 0.47996
vn 0.10258 0.01211 0.99465
vn -0.24907 0.5243 0.81429
vn -0.55329 0.245 0.79614
vn -0.08499 0.34049 0.9364
vn 0.4108 -0.17188 0.89538
vn -0.12028 0.51677 0.84763
vn 0.29149 0.24119 0.92567
vn -0.65318 0.0725 -0.75372
vn 0.03459 -0.1141 -0.99287
vn -0.49421 0.22909 -0.83862
vn -0.1496 0.13369 -0.97967
vn 0.214 -0.30199 -0.92898
vn -0.51646 0.78069 -0.35183
vn 0.30884 -0.37023 -0.8761
vn -0.92744 -0.0791 -0.36552
vn -0.65318 0.0725 -0.75372
vn -0.51892 0.61414 -0.59461
vn 0.14011 0.75802 -0.637
vn 0.00957 0.88876 -0.45828
vn 0.25662 0.0116 0.96644
vn -0.24179 -0.0036 0.97032
vn -0.0263 0.0344 0.99906
vn 0.33281 0.04699 0.94182
vn 0.36954 0.17282 0.913
vn 0.47436 0.23559 0.84822
vn 0.10258 0.01211 0.99465
vn 0.85267 -0.12041 0.50839
vn -0.24907 0.5243 0.81429
vn 0.0417 -0.94831 0.31461
vn -0.2842 0.0327 -0.95821
vn -0.47909 0.11588 -0.87008
vn -0.30481 -0.36059 -0.88151
vn -0.94796 -0.10595 -0.30023
vn 0.13385 -0.14119 -0.98089
vn -0.30228 -0.21192 -0.92936
vn -0.17405 -0.09178 -0.98045
vn 0.30884 -0.37023 -0.8761
vn 0.12927 -0.43146 -0.89282
vn 0.32881 0.69549 0.63888
vn 0.00685 0.77437 0.6327
vn 0.0185 0.8055 0.59231
vn -0.26831 0.87553 0.40182
vn 0.30406 0.87865 0.36812
vn -0.30389 0.91421 0.2681
vn -0.2842 0.0327 -0.95821
vn 0.214 -0.30199 -0.92898
vn 0.02331 -0.0156 -0.99961
vn 0.07247 -0.54467 -0.83551
vn 0.30884 -0.37023 -0.8761
vn 0.12927 -0.43146 -0.89282
vn -0.0263 0.0344 0.99906
vn -0.24179 -0.0036 0.97032
vn -0.4061 0.2042 0.89072
vn -0.1541 0.10821 0.98211
vn 0.0417 -0.94831 0.31461
vn 0.29149 0.24119 0.92567
vn -0.24907 0.5243 0.81429
vn -0.91746 0.2183 -0.33259
vn -0.08499 0.34049 0.9364
vn -0.12028 0.51677 0.84763
vn 0.02192 0.97168 0.23528
vn -0.91746 0.2183 -0.33259
vn -0.60849 0.4181 0.67448
vn -0.27 0.2434 0.93159
vn -0.5852 0.30231 0.75243
vn -0.4061 0.2042 0.89072
vn -0.94796 -0.10595 -0.30023
vn -0.57007 -0.65531 -0.49557
vn -0.30481 -0.36059 -0.88151
vn -0.1932 -0.74032 -0.64389
vn 0.0417 -0.94831 0.31461
vn -0.30228 -0.21192 -0.92936
vn -0.91746 0.2183 -0.33259
vn -0.92744 -0.0791 -0.36552
vn 0.30884 -0.37023 -0.8761
vn -0.44949 0.82999 -0.33026
vn 0.02192 0.97168 0.23528
vn -0.91746 0.2183 -0.33259
vn -0.1496 0.13369 -0.97967
vn -0.92744 -0.0791 -0.36552
vn -0.2842 0.0327 -0.95821
vn -0.33935 0.38532 -0.85812
vn -0.47909 0.11588 -0.87008
vn 0.02331 -0.0156 -0.99961
vn -0.13923 0.32298 -0.93611
vn -0.24907 0.5243 0.81429
vn 0.29149 0.24119 0.92567
vn -0.10659 0.97334 0.20311
vn -0.27713 0.67327 0.68549
vn -0.26831 0.87553 0.40182
vn -0.52183 0.73002 0.44132
vn -0.30389 0.91421 0.2681
vn -0.32286 0.94631 -0.016
vn 0.00957 0.88876 -0.45828
vn -0.15621 0.96934 -0.18967
vn 0.14011 0.75802 -0.637
vn -0.10659 0.97334 0.20311
vn -0.27713 0.67327 0.68549
vn -0.1541 0.10821 0.98211
vn -0.0168 -0.30581 0.95194
vn 0.06741 0.17301 0.98261
vn -0.4061 0.2042 0.89072
vn -0.27 0.2434 0.93159
vn -0.2281 0.61407 0.75557
vn 0.00519 -0.03723 0.99929
vn -0.80595 -0.08523 0.58582
vn -0.73888 0.59936 0.30792
vn -0.78479 0.57349 -0.23499
vn -0.68127 0.64575 -0.34478
vn -0.7017 0.61407 0.3613
vn -0.5804 0.74518 0.32839
vn -0.98548 -0.15139 0.0769
vn -0.76651 0.57661 -0.28281
vn -0.37482 0.7128 0.59281
vn -0.2949 0.67297 0.67834
vn -0.23499 0.62828 0.74165
vn -0.52183 0.73002 0.44132
vn -0.38876 0.17321 0.90491
vn -0.74028 0.34511 0.57696
vn -0.4401 -0.28261 0.85232
vn -0.46318 -0.86356 0.1993
vn -0.80595 -0.08523 0.58582
vn -0.03641 -0.69582 0.71729
vn -0.16128 -0.96952 0.18442
vn 0.04521 -0.31989 0.94637
vn -0.4401 -0.28261 0.85232
vn -0.9841 -0.16079 -0.07551
vn -0.96132 -0.10495 -0.25464
vn -0.38682 0.02238 0.92189
vn -0.60593 -0.18435 0.77386
vn -0.37482 0.7128 0.59281
vn -0.76651 0.57661 -0.28281
vn 0.08151 0.89822 0.43193
vn 0.40338 0.8555 -0.32466
vn 0.4108 -0.17188 0.89538
vn 0.15909 -0.02335 0.98699
vn 0.2151 -0.02956 0.97614
vn -0.27713 0.67327 0.68549
vn 0.29149 0.24119 0.92567
vn -0.98548 -0.15139 0.0769
vn -0.37482 0.7128 0.59281
vn -0.11049 0.10259 0.98857
vn -0.3611 -0.46626 0.80759
vn -0.80595 -0.08523 0.58582
vn -0.68127 0.64575 -0.34478
vn -0.74028 0.34511 0.57696
vn -0.08379 0.75238 0.65337
vn 0.01939 0.88791 -0.45961
vn -0.1932 -0.74032 -0.64389
vn -0.38187 0.43586 -0.81498
vn -0.57007 -0.65531 -0.49557
vn -0.0501 -0.43468 -0.89919
vn -0.04638 -0.31967 -0.94639
vn -0.83045 0.42582 0.35922
vn -0.88705 -0.45512 0.07746
vn -0.79878 -0.35783 0.48364
vn -0.97977 0.10453 -0.17064
vn -0.98726 0.1579 -0.01969
vn -0.54101 0.11989 0.83243
vn 0.34439 0.16982 -0.92334
vn 0.09531 0.08888 -0.99147
vn 0.07213 -0.17432 -0.98204
vn -0.47909 0.11588 -0.87008
vn -0.33935 0.38532 -0.85812
vn -0.05789 0.02057 -0.99811
vn 0.0579 -0.30289 -0.95127
vn 0.07213 -0.17432 -0.98204
vn -0.15932 0.0394 -0.98644
vn 0.00499 -0.02541 -0.99966
vn -0.79878 -0.35783 0.48364
vn 0.053 0.12899 0.99023
vn -0.83045 0.42582 0.35922
vn 0.51582 0.75662 0.40182
vn -0.39641 0.8477 0.35251
vn 0.15422 0.92367 -0.35079
vn 0.15909 -0.02335 0.98699
vn -0.01252 0.08962 0.9959
vn 0.2151 -0.02956 0.97614
vn -0.43337 -0.12778 0.89211
vn -0.0035 0.11131 0.99378
vn -0.35009 0.19499 0.9162
vn -0.2281 0.61407 0.75557
vn 0.02331 -0.0156 -0.99961
vn 0.07247 -0.54467 -0.83551
vn -0.13923 0.32298 -0.93611
vn -0.2991 -0.33394 -0.89388
vn 0.03969 0.14598 -0.98849
vn -0.15715 0.39288 -0.90606
vn -0.3952 -0.0985 -0.9133
vn -0.15932 0.0394 -0.98644
vn -0.0997 -0.20383 -0.97392
vn 0.00499 -0.02541 -0.99966
vn -0.15932 0.0394 -0.98644
vn 0.00039 -0.1681 -0.98577
vn -0.04623 0.0109 -0.99887
vn 0.14739 -0.21877 -0.96458
vn 0.2437 -0.03061 -0.96937
vn -0.0418 -0.1563 -0.98682
vn 0.22631 0.41271 0.8823
vn -0.3611 -0.46626 0.80759
vn 0.14805 -0.5193 0.84167
vn -0.7017 0.61407 0.3613
vn 0.65438 0.74452 0.1322
vn 0.19329 0.55863 0.80658
vn 0.30664 0.94391 0.1225
vn -0.5804 0.74518 0.32839
vn -0.83045 0.42582 0.35922
vn -0.39641 0.8477 0.35251
vn -0.35054 0.40506 -0.84442
vn -0.97977 0.10453 -0.17064
vn -0.38892 0.59123 -0.70653
vn 0.07395 0.33407 0.93964
vn 0.21558 -0.67201 0.70846
vn 0.01051 0.30112 0.95353
vn -0.06216 0.2685 0.96127
vn -0.0454 0.2495 0.96731
vn 0.17979 0.082 0.98028
vn 0.3508 -0.63149 0.69149
vn -0.97977 0.10453 -0.17064
vn -0.17491 0.80957 0.56037
vn -0.98726 0.1579 -0.01969
vn -0.38892 0.59123 -0.70653
vn -0.52183 0.73002 0.44132
vn 0.01154 0.99046 -0.13734
vn -0.32286 0.94631 -0.016
vn -0.23499 0.62828 0.74165
vn 0.357 0.84102 0.40651
vn 0.33751 0.50435 0.7948
vn -0.38876 0.17321 0.90491
vn -0.04642 0.56267 0.82538
vn -0.27713 0.67327 0.68549
vn -0.79057 0.5373 0.29378
vn -0.15621 0.96934 -0.18967
vn -0.41227 0.26586 -0.87141
vn -0.83243 0.41422 -0.36809
vn -0.7973 0.35862 0.48549
vn 0.06741 0.17301 0.98261
vn -0.0168 -0.30581 0.95194
vn 0.00519 -0.03723 0.99929
vn 0.59564 -0.59482 -0.53982
vn -0.2281 0.61407 0.75557
vn -0.54101 0.11989 0.83243
vn -0.1631 -0.24968 0.95449
vn -0.88705 -0.45512 0.07746
vn -0.21085 -0.89342 0.39667
vn -0.38853 -0.91811 -0.07818
vn -0.79878 -0.35783 0.48364
vn 0.077 -0.9224 0.37849
vn 0.0918 0.0011 0.99578
vn 0.2151 -0.02956 0.97614
vn -0.43337 -0.12778 0.89211
vn -0.19359 -0.15953 0.96802
vn -0.15269 -0.05365 0.98682
vn -0.73888 0.59936 0.30792
vn 0.15181 0.97501 0.1622
vn -0.78479 0.57349 -0.23499
vn 0.68763 0.72599 0.01035
vn -0.0225 0.581 0.81359
vn 0.2151 -0.02956 0.97614
vn -0.19359 -0.15953 0.96802
vn -0.27713 0.67327 0.68549
vn -0.79057 0.5373 0.29378
vn -0.32286 0.94631 -0.016
vn 0.01154 0.99046 -0.13734
vn -0.02908 0.99609 0.08338
vn 0.15269 0.95371 0.25908
vn 0.54821 0.82592 0.13162
vn 0.357 0.84102 0.40651
vn -0.08379 0.75238 0.65337
vn -0.68127 0.64575 -0.34478
vn 0.45053 0.72711 -0.51801
vn 0.3714 0.69379 0.61702
vn -0.80595 -0.08523 0.58582
vn -0.03641 -0.69582 0.71729
vn 0.47161 -0.33369 0.81624
vn -0.0225 0.581 0.81359
vn -0.73888 0.59936 0.30792
vn 0.68763 0.72599 0.01035
vn 0.94409 0.06879 0.32244
vn -0.4401 -0.28261 0.85232
vn -0.20063 0.26931 0.94192
vn 0.04521 -0.31989 0.94637
vn 0.05089 0.24542 0.96808
vn 0.36242 -0.13801 0.92174
vn -0.3611 -0.46626 0.80759
vn 0.1952 -0.98049 0.02301
vn 0.14805 -0.5193 0.84167
vn 0.80517 -0.5926 -0.0227
vn 0.46561 -0.77839 -0.42109
vn 0.95654 -0.1363 -0.25778
vn -0.41227 0.26586 -0.87141
vn -0.1468 -0.30342 -0.94148
vn 0.12927 -0.43146 -0.89282
vn -0.83243 0.41422 -0.36809
vn 0.07247 -0.54467 -0.83551
vn 0.12927 -0.43146 -0.89282
vn -0.1468 -0.30342 -0.94148
vn -0.2991 -0.33394 -0.89388
vn -0.0997 -0.20383 -0.97392
vn -0.3611 -0.46626 0.80759
vn -0.11049 0.10259 0.98857
vn 0.1952 -0.98049 0.02301
vn 0.18559 0.16149 0.96926
vn 0.20872 -0.95244 0.22201
vn 0.19349 -0.97507 0.10865
vn 0.20291 -0.96355 0.17437
vn 0.1507 -0.97603 -0.157
vn 0.3508 -0.63149 0.69149
vn 0.21558 -0.67201 0.70846
vn -0.83243 0.41422 -0.36809
vn -0.7973 0.35862 0.48549
vn -0.8932 0.40068 0.2041
vn -0.4089 0.58549 -0.7
vn -0.45135 0.7303 0.51277
vn -0.8932 0.40068 0.2041
vn -0.7973 0.35862 0.48549
vn -0.45135 0.7303 0.51277
vn -0.19359 -0.15953 0.96802
vn 0.03969 0.14598 -0.98849
vn -0.15715 0.39288 -0.90606
vn -0.05789 0.02057 -0.99811
vn -0.15932 0.0394 -0.98644
vn -0.35054 0.40506 -0.84442
vn 0.62943 0.31513 -0.71029
vn -0.38892 0.59123 -0.70653
vn 0.15422 0.92367 -0.35079
vn 0.51735 0.52333 -0.67711
vn -0.17491 0.80957 0.56037
vn -0.38892 0.59123 -0.70653
vn 0.62943 0.31513 -0.71029
vn -0.0253 0.84873 0.52822
vn 0.053 0.12899 0.99023
vn 0.40875 -0.16583 0.89746
vn 0.51582 0.75662 0.40182
vn 0.89959 -0.11178 0.42219
vn -0.45135 0.7303 0.51277
vn -0.58421 0.64811 0.48853
vn -0.4089 0.58549 -0.7
vn -0.5867 0.33275 -0.73828
vn 0.04521 -0.31989 0.94637
vn 0.36242 -0.13801 0.92174
vn 0.67412 -0.64026 0.36829
vn -0.16128 -0.96952 0.18442
vn -0.03641 -0.69582 0.71729
vn 0.47161 -0.33369 0.81624
vn 0.94257 -0.27826 -0.18477
vn 0.94409 0.06879 0.32244
vn 0.36242 -0.13801 0.92174
vn 0.58002 0.28921 0.76154
vn 0.053 0.12899 0.99023
vn 0.30771 -0.77949 0.54563
vn 0.40875 -0.16583 0.89746
vn 0.72829 -0.61998 0.2919
vn 0.44484 0.68233 -0.58013
vn 0.30664 0.94391 0.1225
vn 0.59483 0.64052 -0.48571
vn 0.95654 -0.1363 -0.25778
vn 0.65438 0.74452 0.1322
vn 0.3714 0.69379 0.61702
vn 0.0918 0.0011 0.99578
vn -0.08379 0.75238 0.65337
vn -0.01461 0.33952 0.94048
vn 0.58002 0.28921 0.76154
vn 0.03711 0.38971 0.92019
vn 0.36242 -0.13801 0.92174
vn -0.48973 0.6197 0.6133
vn -0.15751 -0.0807 0.98422
vn 0.0537 -0.27999 0.9585
vn -0.1468 -0.30342 -0.94148
vn -0.4089 0.58549 -0.7
vn -0.0997 -0.20383 -0.97392
vn -0.5867 0.33275 -0.73828
vn 0.40338 0.8555 -0.32466
vn 0.86373 0.45903 -0.20801
vn 0.08151 0.89822 0.43193
vn 0.50951 0.71541 0.47811
vn 0.38077 0.87953 -0.28538
vn 0.50253 0.70579 -0.49932
vn 0.49309 0.83432 -0.24652
vn 0.69742 0.47673 -0.5351
vn 0.15181 0.97501 0.1622
vn 0.68763 0.72599 0.01035
vn 0.45053 0.72711 -0.51801
vn 0.94257 -0.27826 -0.18477
vn 0.94409 0.06879 0.32244
vn 0.45053 0.72711 -0.51801
vn 0.94257 -0.27826 -0.18477
vn 0.3714 0.69379 0.61702
vn 0.58002 0.28921 0.76154
vn -0.35009 0.19499 0.9162
vn -0.15269 -0.05365 0.98682
vn -0.43337 -0.12778 0.89211
vn -0.2281 0.61407 0.75557
vn 0.15422 0.92367 -0.35079
vn 0.51582 0.75662 0.40182
vn 0.51735 0.52333 -0.67711
vn 0.82646 -0.05276 -0.56051
vn 0.19329 0.55863 0.80658
vn 0.80517 -0.5926 -0.0227
vn 0.95654 -0.1363 -0.25778
vn 0.65438 0.74452 0.1322
vn 0.33751 0.50435 0.7948
vn 0.66789 0.57039 0.47809
vn 0.357 0.84102 0.40651
vn 0.54821 0.82592 0.13162
vn 0.69742 0.47673 -0.5351
vn 0.59449 0.3084 -0.74261
vn 0.84286 0.29558 -0.44969
vn 0.88253 0.33543 -0.32958
vn 0.59564 -0.59482 -0.53982
vn -0.18469 0.44251 0.87754
vn -0.2281 0.61407 0.75557
vn 0.0222 -0.0039 0.99975
vn 0.51735 0.52333 -0.67711
vn 0.82646 -0.05276 -0.56051
vn 0.62943 0.31513 -0.71029
vn 0.90543 -0.30339 -0.29689
vn -0.5867 0.33275 -0.73828
vn -0.58421 0.64811 0.48853
vn -0.63873 0.60094 0.48052
vn -0.82498 0.38672 -0.41213
vn 0.62943 0.31513 -0.71029
vn 0.90543 -0.30339 -0.29689
vn 0.99524 0.06847 0.06931
vn 0.99507 -0.04717 0.08721
vn 0.72829 -0.61998 0.2919
vn 0.90543 -0.30339 -0.29689
vn 0.89959 -0.11178 0.42219
vn 0.82646 -0.05276 -0.56051
vn -0.63873 0.60094 0.48052
vn -0.14329 0.96153 0.23435
vn -0.19885 0.86942 -0.45229
vn -0.82498 0.38672 -0.41213
vn -0.5867 0.33275 -0.73828
vn -0.82498 0.38672 -0.41213
vn -0.31123 0.22784 -0.92262
vn -0.04623 0.0109 -0.99887
vn -0.0997 -0.20383 -0.97392
vn -0.15269 -0.05365 0.98682
vn -0.2281 0.61407 0.75557
vn 0.0222 -0.0039 0.99975
vn -0.06636 0.09477 0.99328
vn -0.19359 -0.15953 0.96802
vn -0.45135 0.7303 0.51277
vn -0.22179 0.19203 0.956
vn -0.58421 0.64811 0.48853
vn -0.63873 0.60094 0.48052
vn -0.03623 0.26298 0.96412
vn 0.08219 -0.0136 0.99652
vn 0.23241 0.1433 0.962
vn -0.08409 0.00571 0.99644
vn 0.30391 0.22844 0.92491
vn 0.30663 0.73083 0.60981
vn 0.25298 0.51726 0.81758
vn 0.50886 0.16129 0.8456
vn 0.08219 -0.0136 0.99652
vn -0.02729 0.71326 0.70037
vn 0.08151 0.89822 0.43193
vn -0.05461 0.66134 0.7481
vn -0.0386 0.93244 0.35927
vn 0.50951 0.71541 0.47811
vn -0.2664 0.87482 0.40461
vn -0.34446 -0.57819 0.73962
vn 0.15269 0.95371 0.25908
vn 0.00042 0.86309 0.50506
vn -0.05458 0.99723 0.05059
vn -0.02908 0.99609 0.08338
vn -0.01229 0.94449 0.32831
vn -0.31123 0.22784 -0.92262
vn -0.19885 0.86942 -0.45229
vn 0.4773 0.58474 -0.65594
vn -0.04623 0.0109 -0.99887
vn 0.66033 0.2729 -0.69963
vn 0.14739 -0.21877 -0.96458
vn -0.63873 0.60094 0.48052
vn 0.59674 0.66339 0.45146
vn -0.14329 0.96153 0.23435
vn -0.03623 0.26298 0.96412
vn 0.25298 0.51726 0.81758
vn -0.06636 0.09477 0.99328
vn -0.0501 -0.43468 -0.89919
vn 0.00499 -0.02541 -0.99966
vn 0.30971 0.40738 -0.85914
vn -0.04638 -0.31967 -0.94639
vn 0.36242 -0.13801 0.92174
vn -0.03877 0.22368 0.97389
vn -0.0487 0.57335 0.81786
vn -0.4446 0.08379 0.8918
vn -0.48973 0.6197 0.6133
vn -0.12041 -0.1269 0.98458
vn 0.3456 0.65812 0.66891
vn -0.19885 0.86942 -0.45229
vn -0.14329 0.96153 0.23435
vn 0.4773 0.58474 -0.65594
vn 0.59674 0.66339 0.45146
vn 0.00499 -0.02541 -0.99966
vn 0.22631 0.41271 0.8823
vn 0.30971 0.40738 -0.85914
vn 0.2139 0.54437 0.81112
vn 0.0029 0.8731 0.48754
vn -0.36032 0.79852 0.48223
vn -0.58367 0.80698 -0.0901
vn -0.57351 -0.0252 0.81881
vn 0.4773 0.58474 -0.65594
vn 0.56028 0.82318 -0.092
vn 0.66033 0.2729 -0.69963
vn 0.59674 0.66339 0.45146
vn 0.25298 0.51726 0.81758
vn -0.36032 0.79852 0.48223
vn -0.58651 0.80908 0.03723
vn -0.58367 0.80698 -0.0901
vn -0.6894 0.31295 0.65329
vn -0.1644 0.8203 0.5478
vn -0.36041 0.4235 0.83111
vn 0.1562 0.63899 0.75319
vn 0.34798 0.93699 0.03093
vn -0.58651 0.80908 0.03723
vn 0.02447 0.98712 -0.15809
vn -0.78591 0.58974 0.18589
vn -0.56016 0.73578 -0.38059
vn -0.90294 -0.41894 0.0959
vn -0.82499 0.36538 -0.43115
vn -0.48973 0.6197 0.6133
vn -0.4446 0.08379 0.8918
vn 0.23241 0.1433 0.962
vn -0.08409 0.00571 0.99644
vn 0.09617 0.43513 0.89522
vn 0.08019 0.0956 0.99218
vn -0.0237 0.2662 0.96363
vn -0.4314 0.37361 0.82116
vn -0.10591 0.2115 0.97162
vn -0.41624 0.11162 0.90238
vn -0.72221 -0.57602 -0.38291
vn -0.80786 -0.52608 0.26571
vn -0.60663 -0.61223 0.50712
vn -0.2878 -0.94875 0.13051
vn -0.8226 -0.06131 -0.5653
vn -0.57409 0.35759 -0.73658
vn -0.82019 -0.07653 -0.56694
vn -0.50904 0.21279 -0.83403
vn 0.2437 -0.03061 -0.96937
vn 0.45679 -0.32957 -0.82627
vn 0.17379 -0.08843 -0.9808
vn 0.14739 -0.21877 -0.96458
vn -0.73758 -0.24872 -0.62778
vn -0.67678 -0.72598 -0.12218
vn -0.89916 -0.43587 -0.03911
vn -0.60662 -0.76012 -0.23286
vn -0.36032 0.79852 0.48223
vn -0.57351 -0.0252 0.81881
vn -0.6894 0.31295 0.65329
vn -0.36041 0.4235 0.83111
vn -0.90294 -0.41894 0.0959
vn -0.29722 -0.32359 0.8983
vn -0.47221 -0.13629 0.87089
vn -0.28654 -0.90183 0.32341
vn -0.35768 -0.90693 0.22257
vn -0.4446 0.08379 0.8918
vn -0.12041 -0.1269 0.98458
vn -0.01458 -0.92604 0.37715
vn -0.73758 -0.24872 -0.62778
vn -0.65623 0.15253 -0.73898
vn -0.58989 -0.10069 -0.80118
vn -0.67678 -0.72598 -0.12218
vn 0.56028 0.82318 -0.092
vn 0.32643 0.62207 -0.71167
vn -0.06698 0.56269 -0.82395
vn 0.30663 0.73083 0.60981
vn 0.25298 0.51726 0.81758
vn 0.77331 0.62632 -0.09856
vn -0.59121 -0.75102 0.294
vn -0.21592 -0.17588 0.96044
vn -0.52263 -0.33629 0.78343
vn -0.63538 -0.69528 0.33596
vn -0.52263 -0.33629 0.78343
vn -0.21592 -0.17588 0.96044
vn -0.13031 0.57873 0.80504
vn -0.01701 0.63677 0.77087
vn 0.41951 -0.71104 0.5643
vn -0.08409 0.00571 0.99644
vn -0.24683 0.56916 0.7843
vn 0.09617 0.43513 0.89522
vn -0.4314 0.37361 0.82116
vn -0.08409 0.00571 0.99644
vn 0.002 -0.09711 0.99527
vn -0.24683 0.56916 0.7843
vn -0.04261 -0.17368 0.98388
vn -0.04879 0.18756 0.98104
vn 0.48224 0.08823 0.87159
vn -0.0462 0.36348 0.93046
vn -0.58263 0.2992 -0.75566
vn -0.4109 0.40042 -0.81904
vn -0.41092 0.40041 -0.81903
vn -0.20412 0.49047 -0.84722
vn -0.12917 -0.87186 0.47241
vn -0.03831 -0.94587 0.32226
vn -0.2878 -0.94875 0.13051
vn 0.03162 -0.99931 -0.01972
vn 0.28358 -0.73062 0.62111
vn -0.60663 -0.61223 0.50712
vn 0.79375 -0.42368 -0.43641
vn 0.96984 -0.16222 -0.18193
vn -0.2664 0.87482 0.40461
vn -0.57409 0.35759 -0.73658
vn -0.0386 0.93244 0.35927
vn -0.01828 0.77665 -0.62967
vn 0.14739 -0.21877 -0.96458
vn 0.27837 -0.41716 -0.86515
vn 0.45679 -0.32957 -0.82627
vn 0.46531 0.41092 -0.78399
vn 0.50951 0.71541 0.47811
vn -0.133 -0.84051 0.52522
vn -0.34446 -0.57819 0.73962
vn 0.50325 -0.8391 0.20649
vn 0.02079 0.93352 0.35792
vn 0.61101 0.58484 0.5335
vn 0.56548 0.52949 0.63236
vn 0.1637 0.47179 0.86638
vn -0.78591 0.58974 0.18589
vn 0.19311 0.87187 -0.45005
vn -0.56016 0.73578 -0.38059
vn -0.07526 0.66577 0.74235
vn 0.56605 0.80366 0.18363
vn -0.04261 -0.17368 0.98388
vn 0.08181 0.3366 0.93809
vn -0.04879 0.18756 0.98104
vn 0.2998 0.05214 0.95258
vn 0.48224 0.08823 0.87159
vn -0.47221 -0.13629 0.87089
vn -0.07526 0.66577 0.74235
vn -0.78591 0.58974 0.18589
vn -0.29722 -0.32359 0.8983
vn 0.56605 0.80366 0.18363
vn -0.56016 0.73578 -0.38059
vn 0.55402 0.50718 -0.66017
vn -0.82499 0.36538 -0.43115
vn 0.19311 0.87187 -0.45005
vn -0.50904 0.21279 -0.83403
vn -0.01828 0.77665 -0.62967
vn -0.57409 0.35759 -0.73658
vn 0.21997 0.61989 -0.75323
vn 0.47542 0.68493 -0.55213
vn 0.55814 0.55273 -0.61884
vn 0.72236 0.36622 -0.58658
vn -0.60662 -0.76012 -0.23286
vn -0.33412 -0.93389 0.12731
vn -0.16404 -0.95342 -0.25314
vn -0.67678 -0.72598 -0.12218
vn -0.67678 -0.72598 -0.12218
vn -0.15751 -0.0807 0.98422
vn -0.33412 -0.93389 0.12731
vn 0.0537 -0.27999 0.9585
vn -0.0386 0.93244 0.35927
vn 0.22601 0.9139 0.33721
vn -0.05461 0.66134 0.7481
vn 0.0012 0.68851 0.72522
vn 0.2573 0.4706 0.844
vn -0.1488 0.84811 0.5085
vn 0.0104 0.61547 0.78809
vn -0.0087 0.92341 0.38371
vn -0.07926 0.84483 0.52913
vn -0.0217 0.84731 0.53065
vn 0.01128 0.7224 0.69138
vn 0.3558 0.85618 0.37465
vn 0.61529 0.50501 0.60529
vn 0.10491 0.71628 0.68988
vn 0.42308 0.5762 0.69929
vn 0.50599 0.49343 0.70746
vn 0.22911 0.72492 0.64961
vn 0.05864 0.50029 0.86387
vn 0.10691 0.53202 0.83995
vn 0.1142 0.87036 0.47898
vn 0.04241 0.8966 0.4408
vn 0.0011 0.89302 0.45001
vn -0.05854 0.87459 0.48131
vn -0.06698 0.56269 -0.82395
vn 0.32643 0.62207 -0.71167
vn 0.58661 0.44914 -0.67392
vn 0.14739 -0.21877 -0.96458
vn 0.46531 0.41092 -0.78399
vn -0.58367 0.80698 -0.0901
vn 0.02447 0.98712 -0.15809
vn -0.06407 0.93595 -0.34625
vn -0.58651 0.80908 0.03723
vn 0.20848 -0.60241 -0.77048
vn -0.13538 -0.21534 -0.96711
vn 0.07955 -0.6388 -0.76525
vn 0.69751 0.034 -0.71577
vn 0.34902 -0.79072 -0.50294
vn 0.28358 -0.73062 0.62111
vn 0.88431 0.35108 0.30781
vn -0.60663 -0.61223 0.50712
vn 0.0156 0.1741 0.98461
vn 0.62602 0.56609 0.53632
vn 0.17379 -0.08843 -0.9808
vn 0.45679 -0.32957 -0.82627
vn -0.3891 0.04717 -0.91999
vn -0.16839 -0.03361 -0.98515
vn 0.0914 -0.2339 -0.96796
vn 0.27837 -0.41716 -0.86515
vn -0.03974 -0.12663 -0.99115
vn -0.00106 0.35225 0.93591
vn -0.0007 0.49289 0.87009
vn -0.0147 0.56126 0.82751
vn 0.00051 0.67591 0.73698
vn -0.0023 0.6972 0.71687
vn 0.13808 0.92626 0.35069
vn 0.37701 0.92512 -0.045
vn 0.50886 0.16129 0.8456
vn 0.08219 -0.0136 0.99652
vn 0.18108 0.07131 0.98088
vn 0.22281 0.04022 0.97403
vn 0.32643 0.62207 -0.71167
vn 0.77331 0.62632 -0.09856
vn 0.58661 0.44914 -0.67392
vn 0.9264 0.35969 -0.1114
vn 0.46531 0.41092 -0.78399
vn 0.71069 0.66008 -0.24334
vn 0.50886 0.16129 0.8456
vn 0.30663 0.73083 0.60981
vn -0.0487 0.57335 0.81786
vn 0.07353 0.95501 -0.2873
vn 0.3456 0.65812 0.66891
vn 0.79945 0.55371 -0.23301
vn 0.46161 0.44991 0.76452
vn 0.01058 0.90742 0.4201
vn 0.00941 0.90496 0.42539
vn 0.26899 0.64388 0.71628
vn -0.27202 0.62013 0.73583
vn 0.35026 0.76245 0.54405
vn -0.2276 0.79401 0.5637
vn 0.2444 0.8944 0.3746
vn 0.01531 0.88071 0.47342
vn -0.06407 0.93595 -0.34625
vn 0.07955 -0.6388 -0.76525
vn -0.13538 -0.21534 -0.96711
vn -0.23051 0.0178 -0.97291
vn 0.45007 -0.32629 -0.83125
vn 0.69751 0.034 -0.71577
vn -0.21592 -0.17588 0.96044
vn 0.50325 -0.8391 0.20649
vn 0.41951 -0.71104 0.5643
vn 0.6148 -0.75481 0.22866
vn -0.133 -0.84051 0.52522
vn 0.65268 -0.75537 -0.05841
vn 0.78369 -0.53974 -0.30743
vn -0.01828 0.77665 -0.62967
vn 0.47542 0.68493 -0.55213
vn -0.0386 0.93244 0.35927
vn 0.22601 0.9139 0.33721
vn -0.12041 -0.1269 0.98458
vn 0.3456 0.65812 0.66891
vn 0.34659 0.1634 0.92367
vn -0.27989 -0.17049 0.94477
vn 0.46161 0.44991 0.76452
vn 0.0313 0.20646 0.97795
vn 0.32532 0.39312 0.86001
vn -0.49301 0.46771 0.73361
vn -0.01461 0.33952 0.94048
vn 0.0537 -0.27999 0.9585
vn -0.0118 0.11801 0.99294
vn -0.14047 0.82595 0.54595
vn 0.13581 0.24371 0.96029
vn 0.21361 0.75792 0.61638
vn 0.0064 0.59158 0.80622
vn -0.00599 0.617 0.78694
vn 0.02447 0.98712 -0.15809
vn 0.34798 0.93699 0.03093
vn -0.06407 0.93595 -0.34625
vn 0.2444 0.8944 0.3746
vn -0.4314 0.37361 0.82116
vn 0.002 -0.09711 0.99527
vn -0.0462 0.36348 0.93046
vn -0.0237 0.2662 0.96363
vn 0.4022 -0.84184 0.35991
vn 0.7517 -0.60466 0.26329
vn 0.33132 -0.23658 0.91337
vn 0.57401 0.10523 0.81206
vn 0.57916 -0.81166 -0.07602
vn 0.63672 -0.77019 -0.03718
vn 0.60041 -0.75651 -0.25923
vn 0.80693 -0.59027 0.02106
vn -0.5008 0.84768 -0.17502
vn -0.2338 0.9645 -0.12283
vn -0.56578 0.76311 -0.31234
vn -0.46419 0.8541 0.2346
vn 0.14799 0.98161 -0.12055
vn -0.2825 0.81619 0.50401
vn 0.28244 0.94411 -0.16993
vn 0.78504 0.45597 -0.41928
vn 0.32161 0.49464 -0.8074
vn 0.50761 0.84644 0.16085
vn -0.2825 0.81619 0.50401
vn 0.39756 0.48992 0.77584
vn 0.33132 -0.23658 0.91337
vn 0.57401 0.10523 0.81206
vn -0.29722 -0.32359 0.8983
vn 0.56605 0.80366 0.18363
vn 0.13808 0.92626 0.35069
vn 0.37701 0.92512 -0.045
vn 0.57113 0.4886 -0.65961
vn 0.73839 0.49796 -0.45477
vn 0.55402 0.50718 -0.66017
vn 0.99542 0.0487 -0.08221
vn 0.32532 0.39312 0.86001
vn 0.19311 0.87187 -0.45005
vn 0.56605 0.80366 0.18363
vn 0.26051 0.83118 0.49119
vn 0.57113 0.4886 -0.65961
vn 0.21361 0.75792 0.61638
vn 0.73839 0.49796 -0.45477
vn -0.3891 0.04717 -0.91999
vn -0.77286 0.19118 -0.60509
vn -0.77542 0.19534 -0.60047
vn -0.16839 -0.03361 -0.98515
vn -0.46419 0.8541 0.2346
vn -0.41624 0.11162 0.90238
vn -0.2825 0.81619 0.50401
vn -0.01888 0.19451 0.98072
vn 0.39756 0.48992 0.77584
vn -0.0512 -0.03111 0.9982
vn -0.10591 0.2115 0.97162
vn -0.2671 -0.09221 0.95925
vn -0.01123 -0.00794 0.99991
vn -0.01447 0.0383 0.99916
vn 0.26051 0.83118 0.49119
vn 0.21361 0.75792 0.61638
vn -0.01899 0.62733 0.77852
vn -0.00599 0.617 0.78694
vn 0.34659 0.1634 0.92367
vn 0.32532 0.39312 0.86001
vn 0.99542 0.0487 -0.08221
vn 0.7517 -0.60466 0.26329
vn 0.57401 0.10523 0.81206
vn 0.63672 -0.77019 -0.03718
vn 0.0537 -0.27999 0.9585
vn 0.13581 0.24371 0.96029
vn 0.80693 -0.59027 0.02106
vn 0.79945 0.55371 -0.23301
vn 0.96984 -0.16222 -0.18193
vn 0.46161 0.44991 0.76452
vn 0.79375 -0.42368 -0.43641
vn 0.88431 0.35108 0.30781
vn 0.62602 0.56609 0.53632
vn 0.79945 0.55371 -0.23301
vn 0.93516 0.35297 -0.02982
vn 0.88431 0.35108 0.30781
vn -0.0237 0.2662 0.96363
vn -0.0462 0.36348 0.93046
vn -0.10591 0.2115 0.97162
vn -0.01123 -0.00794 0.99991
vn 0.48224 0.08823 0.87159
vn 0.04193 -0.0287 0.99871
vn 0.2998 0.05214 0.95258
vn 0.1728 0.0483 0.98377
vn 0.08181 0.3366 0.93809
vn -0.1025 -0.29609 -0.94965
vn 0.05421 -0.47139 -0.88026
vn -0.00929 -0.17864 -0.98387
vn -0.3012 -0.1092 -0.94729
vn -0.21637 -0.38174 -0.89858
vn 0.1224 -0.42842 -0.89525
vn 0.32161 0.49464 -0.8074
vn -0.20103 -0.06592 -0.97736
vn 0.1304 -0.20639 -0.96974
vn 0.04106 -0.15063 -0.98774
vn -0.01888 0.19451 0.98072
vn -0.0512 -0.03111 0.9982
vn 0.71268 -0.69759 0.07379
vn 0.33141 0.93134 -0.15089
vn 0.3166 -0.94854 0.00631
vn 0.71729 0.00066 0.69678
vn 0.26899 0.64388 0.71628
vn 0.35026 0.76245 0.54405
vn 0.4287 0.13941 0.89263
vn 0.1562 0.63899 0.75319
vn 0.34798 0.93699 0.03093
vn 0.2444 0.8944 0.3746
vn 0.35026 0.76245 0.54405
vn 0.56203 -0.55559 -0.61273
vn 0.45007 -0.32629 -0.83125
vn 0.45159 -0.43241 -0.78044
vn 0.19672 -0.14227 -0.97008
vn 0.69751 0.034 -0.71577
vn 0.28127 0.1504 -0.94777
vn 0.66606 0.43206 -0.60802
vn 0.48932 0.3824 -0.7838
vn 0.69751 0.034 -0.71577
vn 0.28127 0.1504 -0.94777
vn 0.71268 -0.69759 0.07379
vn 0.3166 -0.94854 0.00631
vn -0.94325 0.01986 -0.33149
vn -0.4122 0.90831 0.0712
vn -0.0512 -0.03111 0.9982
vn -0.4122 0.90831 0.0712
vn -0.94325 0.01986 -0.33149
vn 0.33141 0.93134 -0.15089
vn -0.3012 -0.1092 -0.94729
vn 0.32161 0.49464 -0.8074
vn 0.00221 0.93656 0.35049
vn -0.01229 0.94449 0.32831
vn -0.80909 0.54651 0.21612
vn -0.05458 0.99723 0.05059
vn 0.16408 0.98627 0.01889
vn -0.16259 0.97848 0.12701
vn -0.03022 0.93825 0.34465
vn 0.015 0.99984 0.0101
vn -0.46491 0.75329 0.46521
vn 0.39019 0.87813 0.27682
vn 0.32349 0.74468 0.58379
vn 0.1142 0.87036 0.47898
vn 0.00066 0.29202 0.95641
vn -0.0182 0.22167 0.97495
vn 0.1728 0.0483 0.98377
vn -0.06111 0.0626 0.99617
vn 0.04193 -0.0287 0.99871
vn -0.2836 0.09759 0.95396
vn -0.01123 -0.00794 0.99991
vn -0.0512 -0.03111 0.9982
vn 0.64254 -0.02566 0.76583
vn 0.39756 0.48992 0.77584
vn 0.38731 -0.0062 0.92193
vn -0.2671 -0.09221 0.95925
vn -0.0005 0.04953 0.99877
vn -0.01447 0.0383 0.99916
vn 0.01539 0.08509 0.99625
vn -0.01058 0.05411 0.99848
vn 0.04771 -0.03767 0.99815
vn 0.29196 0.27916 0.91478
vn -0.06111 0.0626 0.99617
vn 0.1773 0.0057 0.98414
vn -0.06111 0.0626 0.99617
vn -0.00559 0.2578 0.96618
vn -0.01123 -0.00794 0.99991
vn -0.2836 0.09759 0.95396
vn -0.06111 0.0626 0.99617
vn 0.39756 0.48992 0.77584
vn 0.64254 -0.02566 0.76583
vn 0.50761 0.84644 0.16085
vn 0.98609 0.07996 0.14572
vn 0.78504 0.45597 -0.41928
vn 0.88711 -0.20156 -0.41522
vn -0.2276 0.79401 0.5637
vn -0.54886 0.33471 0.76598
vn -0.50991 0.7578 0.4071
vn -0.27202 0.62013 0.73583
vn 0.1224 -0.42842 -0.89525
vn 0.32161 0.49464 -0.8074
vn 0.88711 -0.20156 -0.41522
vn 0.78504 0.45597 -0.41928
vn -0.99336 0.07748 -0.08505
vn -0.7921 -0.26822 0.54831
vn -0.75761 0.63299 0.15925
vn -0.13532 0.55951 0.8177
vn -0.33122 -0.62612 0.70588
vn 0.09285 0.21418 0.97237
vn 0.1699 0.752 0.6369
vn 0.7727 -0.42709 0.4696
vn 0.27749 -0.85755 0.43313
vn 0.9508 0.27793 0.13691
vn 0.38731 -0.0062 0.92193
vn 0.91661 -0.39937 -0.01797
vn 0.64254 -0.02566 0.76583
vn 0.88711 -0.20156 -0.41522
vn 0.1224 -0.42842 -0.89525
vn 0.98609 0.07996 0.14572
vn -0.8037 0.38095 0.4571
vn -0.5662 0.82334 0.03917
vn -0.58119 0.76668 -0.27281
vn -0.49301 0.46771 0.73361
vn -0.14047 0.82595 0.54595
vn -0.1062 0.75229 -0.65022
vn 0.01881 0.95873 -0.28371
vn -0.5662 0.82334 0.03917
vn -0.99336 0.07748 -0.08505
vn -0.52437 0.55789 -0.64327
vn -0.85059 -0.47511 -0.22532
vn -0.75761 0.63299 0.15925
vn -0.38211 0.83031 -0.40567
vn -0.95763 -0.0529 -0.28311
vn -0.952 0.11148 -0.28507
vn -0.92994 0.30363 -0.20742
vn -0.98918 0.08928 -0.11642
vn -0.3734 0.87331 -0.31291
vn -0.7921 -0.26822 0.54831
vn -0.99336 0.07748 -0.08505
vn -0.85059 -0.47511 -0.22532
vn -0.23339 -0.97102 -0.0514
vn -0.33122 -0.62612 0.70588
vn 0.27749 -0.85755 0.43313
vn -0.0686 -0.39879 0.91447
vn -0.83207 -0.55156 -0.05871
vn -0.49301 0.46771 0.73361
vn -0.27989 -0.17049 0.94477
vn -0.8037 0.38095 0.4571
vn -0.50501 -0.8263 0.24939
vn -0.55527 -0.46896 0.68684
vn -0.95312 -0.27351 0.1294
vn -0.70245 0.35949 0.61427
vn -0.96403 0.2557 -0.0726
vn -0.91315 0.39298 -0.10831
vn -0.19356 0.74906 0.6336
vn -0.70245 0.35949 0.61427
vn -0.06489 0.985 -0.1599
vn -0.04409 0.63836 0.76847
vn -0.44269 -0.28436 0.85039
vn 0.27467 0.75996 0.58909
vn 0.38798 -0.20052 0.89959
vn 0.90367 -0.28613 0.3186
vn -0.27202 0.62013 0.73583
vn -0.12213 0.15383 0.98052
vn -0.54886 0.33471 0.76598
vn 0.2934 0.2244 0.92928
vn 0.17405 -0.04583 0.98367
vn 0.05458 0.88514 0.46211
vn -0.50991 0.7578 0.4071
vn 0.61161 0.50221 0.61133
vn -0.2022 0.97896 -0.0275
vn 0.18365 0.9731 -0.13909
vn 0.4456 0.8779 0.17529
vn 0.18365 0.9731 -0.13909
vn -0.05458 0.99723 0.05059
vn 0.16408 0.98627 0.01889
vn -0.75761 0.63299 0.15925
vn -0.13532 0.55951 0.8177
vn -0.38211 0.83031 -0.40567
vn 0.1699 0.752 0.6369
vn 0.32095 0.75616 -0.57027
vn -0.56468 -0.61121 0.55457
vn -0.44269 -0.28436 0.85039
vn -0.70245 0.35949 0.61427
vn -0.95312 -0.27351 0.1294
vn 0.096 0.93152 0.3508
vn -0.0118 0.11801 0.99294
vn -0.14047 0.82595 0.54595
vn 0.30687 -0.1302 0.9428
vn 0.2213 0.821 0.5263
vn 0.51641 0.3314 0.78962
vn 0.52475 0.31454 0.79101
vn -0.37432 0.1165 0.91995
vn -0.33377 0.75788 0.56055
vn 0.43133 0.76205 0.48294
vn 0.0104 0.61547 0.78809
vn 0.096 0.93152 0.3508
vn 0.2573 0.4706 0.844
vn 0.43661 -0.1659 0.88422
vn -0.56468 -0.61121 0.55457
vn -0.24565 0.82348 0.51141
vn 0.26275 -0.4905 0.83089
vn 0.12569 0.93398 0.3345
vn -0.50729 0.346 0.78927
vn -0.26116 -0.22419 0.9389
vn 0.16252 -0.31709 0.93436
vn -0.09011 0.56424 0.82068
vn 0.58755 -0.05541 0.80729
vn -0.50501 -0.8263 0.24939
vn 0.06232 -0.70222 0.70923
vn -0.55527 -0.46896 0.68684
vn 0.23739 -0.94291 0.23359
vn 0.16252 -0.31709 0.93436
vn -0.27989 -0.17049 0.94477
vn -0.52437 0.55789 -0.64327
vn -0.38211 0.83031 -0.40567
vn 0.0568 0.73129 -0.6797
vn 0.32095 0.75616 -0.57027
vn -0.13018 0.95613 -0.26241
vn -0.52437 0.55789 -0.64327
vn 0.0568 0.73129 -0.6797
vn -0.08502 0.95704 -0.27721
vn -0.00754 0.99144 -0.13034
vn -0.00766 0.99138 -0.13078
vn 0.60531 0.78909 -0.10458
vn -0.0002 0.62823 -0.77803
vn -0.17388 0.85549 -0.48775
vn -0.11829 0.459 -0.88052
vn 0.77132 0.54565 -0.32761
vn 0.08977 0.2104 0.97348
vn 0.16252 -0.31709 0.93436
vn -0.27989 -0.17049 0.94477
vn 0.58755 -0.05541 0.80729
vn -0.0592 0.61797 0.78397
vn 0.35461 0.76986 0.53062
vn -0.03579 0.99934 0.0055
vn 0.0281 0.48941 0.8716
vn 0.35338 0.43723 0.82701
vn 0.19126 0.1262 0.97339
vn -0.92994 0.30363 -0.20742
vn -0.0168 0.82148 -0.56999
vn -0.3734 0.87331 -0.31291
vn 0.096 0.93152 0.3508
vn 0.63229 0.60451 -0.48454
vn 0.43133 0.76205 0.48294
vn 0.15965 -0.89061 0.42582
vn -0.0118 0.11801 0.99294
vn 0.30687 -0.1302 0.9428
vn 0.90895 -0.32439 0.26187
vn 0.52475 0.31454 0.79101
vn -0.06111 0.0626 0.99617
vn 0.06228 -0.16725 0.98395
vn 0.04771 -0.03767 0.99815
vn 0.0245 -0.00229 0.9997
vn 0.01539 0.08509 0.99625
vn -0.18229 0.92885 -0.32249
vn -0.11201 0.84512 -0.52271
vn -0.13119 0.94253 -0.3073
vn 0.28551 0.49221 -0.82232
vn 0.04106 -0.15063 -0.98774
vn 0.39303 0.25136 -0.8845
vn 0.14762 0.02719 -0.98867
vn -0.16327 -0.35697 -0.91973
vn 0.1304 -0.20639 -0.96974
vn 0.39303 0.25136 -0.8845
vn 0.60159 -0.35986 -0.71316
vn -0.0126 -0.21869 -0.97571
vn -0.005 -0.16542 -0.98621
vn 0.45159 -0.43241 -0.78044
vn -0.13723 -0.11848 -0.98343
vn -0.20103 -0.06592 -0.97736
vn 0.19672 -0.14227 -0.97008
vn -0.32715 -0.02611 -0.94461
vn 0.28127 0.1504 -0.94777
vn -0.2344 -0.4548 -0.85919
vn 0.21419 -0.56349 -0.79787
vn 0.35173 -0.54522 -0.76094
vn 0.29318 -0.82332 -0.486
vn 0.6227 -0.63666 -0.45487
vn 0.3378 -0.92661 -0.1652
vn 0.8493 -0.52179 -0.0802
vn 0.87251 -0.3554 -0.33528
vn -0.55527 -0.46896 0.68684
vn 0.06232 -0.70222 0.70923
vn 0.25479 0.29181 0.92192
vn 0.00198 0.47141 0.88191
vn -0.8037 0.38095 0.4571
vn -0.5662 0.82334 0.03917
vn 0.09241 0.6341 0.76771
vn 0.01881 0.95873 -0.28371
vn -0.11201 0.84512 -0.52271
vn -0.06489 0.985 -0.1599
vn 0.28551 0.49221 -0.82232
vn 0.29133 0.81604 -0.4992
vn -0.14047 0.82595 0.54595
vn -0.1062 0.75229 -0.65022
vn 0.2213 0.821 0.5263
vn 0.68919 0.48396 -0.53927
vn 0.51641 0.3314 0.78962
vn 0.95679 -0.19577 0.21499
vn -0.44269 -0.28436 0.85039
vn -0.56468 -0.61121 0.55457
vn 0.38798 -0.20052 0.89959
vn 0.43661 -0.1659 0.88422
vn 0.1224 -0.42842 -0.89525
vn -0.34652 -0.47162 -0.81086
vn 0.1304 -0.20639 -0.96974
vn -0.16327 -0.35697 -0.91973
vn -0.41039 -0.65325 -0.63628
vn -0.0686 -0.39879 0.91447
vn -0.00848 -0.02411 0.99967
vn 0.40009 0.04859 0.91519
vn -0.42012 0.25503 0.8709
vn 0.6287 0.774 -0.07523
vn 0.62812 0.77453 -0.07467
vn 0.62805 0.77459 -0.0746
vn 0.62722 0.77533 -0.07382
vn -0.23339 -0.97102 -0.0514
vn -0.0686 -0.39879 0.91447
vn 0.80808 -0.56778 -0.15698
vn 0.58755 -0.05541 0.80729
vn 0.0822 -0.99661 -0.0044
vn 0.08566 -0.99605 0.02344
vn 0.0822 -0.99661 -0.00451
vn 0.0738 -0.99478 -0.07048
vn -0.06489 0.985 -0.1599
vn 0.27467 0.75996 0.58909
vn 0.29133 0.81604 -0.4992
vn 0.79753 0.44663 -0.40554
vn 0.00174 0.98877 -0.14944
vn -0.04603 0.98013 -0.19292
vn 0.37721 0.92347 -0.07013
vn 0.1241 0.86192 -0.49163
vn -0.03579 0.99934 0.0055
vn 0.35461 0.76986 0.53062
vn 0.1817 0.7639 -0.61923
vn 0.76389 0.64358 -0.04759
vn -0.23339 -0.97102 -0.0514
vn 0.80808 -0.56778 -0.15698
vn 0.27749 -0.85755 0.43313
vn 0.7727 -0.42709 0.4696
vn 0.01881 0.95873 -0.28371
vn 0.66097 0.26066 -0.70369
vn -0.1062 0.75229 -0.65022
vn 0.68919 0.48396 -0.53927
vn -0.03579 0.99934 0.0055
vn 0.1817 0.7639 -0.61923
vn 0.63229 0.60451 -0.48454
vn -0.0168 0.82148 -0.56999
vn 0.43661 -0.1659 0.88422
vn 0.83656 -0.5416 0.08268
vn 0.38798 -0.20052 0.89959
vn 0.2573 0.4706 0.844
vn 0.90521 -0.2906 -0.31008
vn 0.00198 0.47141 0.88191
vn 0.25479 0.29181 0.92192
vn 0.09241 0.6341 0.76771
vn 0.7795 0.37427 0.5023
vn -0.16327 -0.35697 -0.91973
vn 0.40691 -0.30968 -0.85937
vn 0.60159 -0.35986 -0.71316
vn -0.005 -0.16542 -0.98621
vn 0.0568 0.73129 -0.6797
vn 0.32095 0.75616 -0.57027
vn 0.88924 0.09381 -0.44772
vn 0.9508 0.27793 0.13691
vn 0.16252 -0.31709 0.93436
vn 0.95679 -0.19577 0.21499
vn 0.23739 -0.94291 0.23359
vn 0.51641 0.3314 0.78962
vn -0.005 -0.16542 -0.98621
vn 0.40691 -0.30968 -0.85937
vn -0.41039 -0.65325 -0.63628
vn -0.16327 -0.35697 -0.91973
vn 0.29133 0.81604 -0.4992
vn 0.79753 0.44663 -0.40554
vn 0.28551 0.49221 -0.82232
vn 0.90521 -0.2906 -0.31008
vn 0.90367 -0.28613 0.3186
vn 0.18365 0.9731 -0.13909
vn 0.4456 0.8779 0.17529
vn 0.16408 0.98627 0.01889
vn -0.03022 0.93825 0.34465
vn 0.08977 0.2104 0.97348
vn 0.88924 0.09381 -0.44772
vn 0.58755 -0.05541 0.80729
vn 0.80808 -0.56778 -0.15698
vn 0.17405 -0.04583 0.98367
vn 0.74629 -0.06808 0.66213
vn 0.2934 0.2244 0.92928
vn 0.61161 0.50221 0.61133
vn -0.03022 0.93825 0.34465
vn 0.88924 0.09381 -0.44772
vn 0.9508 0.27793 0.13691
vn 0.80808 -0.56778 -0.15698
vn 0.7727 -0.42709 0.4696
vn 0.90895 -0.32439 0.26187
vn 0.52475 0.31454 0.79101
vn 0.63229 0.60451 -0.48454
vn 0.43133 0.76205 0.48294
vn 0.58755 -0.05541 0.80729
vn -0.0686 -0.39879 0.91447
vn 0.40009 0.04859 0.91519
vn 0.2334 -0.2288 0.94508
vn 0.31858 0.03089 0.94739
vn 0.09749 0.1818 0.97849
vn 0.2443 0.12229 0.96196
vn 0.46509 0.1873 0.86522
vn 0.40009 0.04859 0.91519
vn -0.42012 0.25503 0.8709
vn -0.80697 0.13989 0.57378
vn -0.42012 0.25503 0.8709
vn -0.90019 0.06815 0.43012
vn 0.83656 -0.5416 0.08268
vn 0.90521 -0.2906 -0.31008
vn 0.90367 -0.28613 0.3186
vn 0.38798 -0.20052 0.89959
vn 0.68919 0.48396 -0.53927
vn 0.66097 0.26066 -0.70369
vn 0.95679 -0.19577 0.21499
vn 0.7795 0.37427 0.5023
vn 0.25479 0.29181 0.92192
vn 0.75409 -0.00829 0.65672
vn 0.7795 0.37427 0.5023
vn 0.95679 -0.19577 0.21499
vn 0.35338 0.43723 0.82701
vn 0.79671 0.4212 0.43341
vn 0.35461 0.76986 0.53062
vn 0.76389 0.64358 -0.04759
vn -0.04735 -0.09036 -0.99478
vn 0.08058 -0.03391 -0.99617
vn 0.03091 -0.00541 -0.99951
vn 0.05654 0.72662 -0.68471
vn -0.2046 0.6181 -0.759
vn 0.42341 -0.2362 -0.87461
vn -0.4978 -0.13168 -0.85724
vn -0.51891 -0.22041 -0.82593
vn -0.52509 -0.3016 -0.79582
vn 0.30606 0.33187 -0.89229
vn 0.05098 0.33688 0.94017
vn 0.02418 0.54633 0.83722
vn 0.0245 -0.00229 0.9997
vn 0.13803 0.60949 0.78068
vn 0.01539 0.08509 0.99625
vn 0.39315 0.60257 0.69451
vn -0.1967 0.75543 0.62501
vn -0.05272 0.46088 0.8859
vn 0.30902 0.0151 0.95094
vn -0.60038 0.70394 0.37949
vn -0.16537 0.7849 0.59715
vn -0.60182 0.79674 -0.05504
vn -0.30326 0.61775 -0.72554
vn -0.47889 0.3732 -0.7946
vn -0.71581 0.2863 0.6369
vn -0.59349 0.63966 0.48847
vn -0.03022 0.93825 0.34465
vn -0.35922 0.46541 0.80892
vn -0.10251 0.78621 0.6094
vn 0.31368 0.40599 0.85836
vn 0.23483 0.87206 0.42938
vn 0.69933 0.29286 0.65205
vn -0.28668 0.95695 -0.04532
vn -0.59349 0.63966 0.48847
vn -0.03022 0.93825 0.34465
vn -0.16259 0.97848 0.12701
vn 0.16418 0.97788 -0.12961
vn 0.70068 0.70639 0.10029
vn 0.015 0.99984 0.0101
vn 0.39019 0.87813 0.27682
vn 0.39019 0.87813 0.27682
vn 0.32349 0.74468 0.58379
vn 0.4227 0.81032 0.40584
vn 0.02418 0.54633 0.83722
vn 0.05098 0.33688 0.94017
vn -0.05272 0.46088 0.8859
vn 0.65253 0.51825 0.55284
vn 0.05628 -0.10196 -0.9932
vn 0.02304 -0.23787 -0.97102
vn -0.47889 0.3732 -0.7946
vn 0.37451 0.63354 -0.67703
vn -0.30326 0.61775 -0.72554
vn 0.89961 0.0078 -0.43662
vn 0.92312 -0.3746 0.08681
vn 0.37241 -0.90103 0.2224
vn -0.16537 0.7849 0.59715
vn -0.24154 -0.96954 0.0405
vn 0.37241 -0.90103 0.2224
vn -0.40519 -0.51368 0.75628
vn -0.16537 0.7849 0.59715
vn 0.16517 -0.80664 0.5675
vn -0.16537 0.7849 0.59715
vn -0.40519 -0.51368 0.75628
vn 0.26923 0.66219 0.6993
vn 0.16517 -0.80664 0.5675
vn 0.81316 0.03497 0.58099
vn -0.92866 -0.04141 0.36862
vn -0.76854 -0.26898 0.58051
vn -0.79837 0.56946 0.19578
vn -0.03954 0.23679 0.97076
vn 0.07585 -0.69042 0.71942
vn -0.15888 0.72133 0.67412
vn 0.67094 -0.49329 0.55362
vn 0.0922 0.40826 0.9082
vn -0.96795 0.07139 0.24078
vn -0.67252 -0.58753 0.45003
vn -0.63338 0.47414 0.61157
vn -0.3002 0.3654 0.88111
vn -0.86939 -0.32709 0.37038
vn -0.49781 -0.3489 0.79401
vn -0.37107 0.67832 0.63418
vn -0.10327 0.72541 0.68053
vn 0.0439 0.61511 0.78722
vn -0.96795 0.07139 0.24078
vn -0.63338 0.47414 0.61157
vn -0.58642 0.80454 -0.09401
vn -0.78964 0.54737 -0.27724
vn -0.33377 0.75788 0.56055
vn -0.21423 0.5378 -0.8154
vn 0.12811 0.9435 0.30562
vn 0.28843 0.62284 -0.72724
vn 0.22911 0.72492 0.64961
vn 0.87659 -0.18259 -0.44526
vn -0.76854 -0.26898 0.58051
vn -0.77553 -0.63123 0.00999
vn -0.75248 -0.63941 -0.1579
vn -0.92866 -0.04141 0.36862
vn -0.75135 -0.65469 0.08279
vn -0.16537 0.7849 0.59715
vn 0.26923 0.66219 0.6993
vn -0.30326 0.61775 -0.72554
vn 0.37451 0.63354 -0.67703
vn -0.16259 0.97848 0.12701
vn -0.28668 0.95695 -0.04532
vn 0.16418 0.97788 -0.12961
vn 0.015 0.99984 0.0101
vn -0.37432 0.1165 0.91995
vn -0.96795 0.07139 0.24078
vn -0.33377 0.75788 0.56055
vn -0.67252 -0.58753 0.45003
vn -0.89778 0.31601 0.30679
vn -0.58005 -0.07703 0.81093
vn -0.33003 0.6497 0.68481
vn -0.08898 0.7088 0.69978
vn 0.0398 0.99296 -0.11159
vn 0.42688 0.89875 -0.10012
vn 0.24745 0.63434 0.73238
vn -0.86939 -0.32709 0.37038
vn -0.44848 -0.82803 -0.3365
vn -0.2486 -0.9632 -0.10219
vn -0.49781 -0.3489 0.79401
vn 0.14033 -0.98839 -0.05828
vn -0.89778 0.31601 0.30679
vn -0.7357 -0.63017 0.24824
vn -0.58005 -0.07703 0.81093
vn -0.26116 -0.22419 0.9389
vn -0.50729 0.346 0.78927
vn -0.24154 -0.96954 0.0405
vn 0.3422 -0.9376 0.0617
vn 0.37241 -0.90103 0.2224
vn 0.16517 -0.80664 0.5675
vn -0.37107 0.67832 0.63418
vn -0.10327 0.72541 0.68053
vn -0.1461 0.9707 -0.1908
vn 0.20897 0.97723 -0.03672
vn 0.0439 0.61511 0.78722
vn 0.85813 0.36059 0.36551
vn 0.88345 0.41369 -0.21996
vn 0.48219 0.62813 -0.61069
vn 0.39315 0.60257 0.69451
vn 0.13803 0.60949 0.78068
vn 0.5729 0.817 -0.0656
vn 0.05654 0.72662 -0.68471
vn -0.2046 0.6181 -0.759
vn -0.1967 0.75543 0.62501
vn 0.0104 0.61547 0.78809
vn -0.33377 0.75788 0.56055
vn 0.02158 0.58793 0.80863
vn 0.05864 0.50029 0.86387
vn 0.12811 0.9435 0.30562
vn 0.22911 0.72492 0.64961
vn -0.89778 0.31601 0.30679
vn -0.19878 0.86346 -0.46359
vn -0.50729 0.346 0.78927
vn -0.24565 0.82348 0.51141
vn -0.79837 0.56946 0.19578
vn -0.30888 0.64749 -0.69667
vn -0.92866 -0.04141 0.36862
vn -0.31727 0.88981 -0.32799
vn -0.79635 0.58353 -0.1591
vn -0.35869 0.83649 -0.41427
vn -0.1488 0.84811 0.5085
vn -0.0087 0.92341 0.38371
vn 0.37349 0.7105 -0.5964
vn 0.3558 0.85618 0.37465
vn 0.9305 -0.08022 -0.3574
vn 0.61529 0.50501 0.60529
vn -0.63338 0.47414 0.61157
vn 0.26008 0.95519 0.14129
vn -0.58642 0.80454 -0.09401
vn -0.3002 0.3654 0.88111
vn 0.24368 0.6538 0.71636
vn -0.79837 0.56946 0.19578
vn -0.15888 0.72133 0.67412
vn -0.31727 0.88981 -0.32799
vn 0.28296 0.91642 -0.28302
vn 0.0922 0.40826 0.9082
vn 0.26923 0.66219 0.6993
vn 0.81316 0.03497 0.58099
vn 0.37451 0.63354 -0.67703
vn 0.89961 0.0078 -0.43662
vn -0.7357 -0.63017 0.24824
vn -0.11597 -0.51565 0.84891
vn -0.58005 -0.07703 0.81093
vn -0.26116 -0.22419 0.9389
vn -0.78964 0.54737 -0.27724
vn -0.58642 0.80454 -0.09401
vn -0.0513 0.45157 -0.89076
vn -0.21423 0.5378 -0.8154
vn 0.28843 0.62284 -0.72724
vn 0.6907 0.62114 -0.37029
vn 0.26008 0.95519 0.14129
vn 0.87659 -0.18259 -0.44526
vn 0.96099 0.27506 -0.02901
vn 0.3422 -0.9376 0.0617
vn 0.89961 0.0078 -0.43662
vn 0.16517 -0.80664 0.5675
vn 0.81316 0.03497 0.58099
vn -0.09011 0.56424 0.82068
vn -0.30888 0.64749 -0.69667
vn -0.00081 0.62051 0.7842
vn 0.2882 0.5932 -0.7517
vn -0.37432 0.1165 0.91995
vn 0.29571 -0.95521 0.01155
vn -0.67252 -0.58753 0.45003
vn 0.26275 -0.4905 0.83089
vn -0.67252 -0.58753 0.45003
vn 0.29571 -0.95521 0.01155
vn -0.01351 -0.95126 -0.30811
vn 0.4786 -0.79072 -0.38172
vn 0.07758 -0.97969 -0.18489
vn 0.54124 -0.84073 -0.01519
vn 0.07585 -0.69042 0.71942
vn 0.67094 -0.49329 0.55362
vn 0.20897 0.97723 -0.03672
vn 0.48219 0.62813 -0.61069
vn -0.1461 0.9707 -0.1908
vn -0.35869 0.83649 -0.41427
vn 0.37349 0.7105 -0.5964
vn -0.26116 -0.22419 0.9389
vn -0.09011 0.56424 0.82068
vn 0.0613 -0.24257 0.9682
vn -0.00081 0.62051 0.7842
vn 0.3767 0.199 0.90471
vn 0.0613 -0.24257 0.9682
vn -0.11597 -0.51565 0.84891
vn -0.26116 -0.22419 0.9389
vn 0.70925 -0.70157 0.06909
vn 0.75739 -0.56139 0.33347
vn -0.2486 -0.9632 -0.10219
vn 0.53551 -0.81181 -0.23281
vn 0.14033 -0.98839 -0.05828
vn 0.53226 -0.76748 -0.35732
vn 0.42497 -0.86543 0.26539
vn -0.31727 0.88981 -0.32799
vn 0.28296 0.91642 -0.28302
vn -0.30888 0.64749 -0.69667
vn 0.2882 0.5932 -0.7517
vn 0.49364 0.44275 -0.74853
vn -0.19878 0.86346 -0.46359
vn 0.66669 0.40809 -0.62369
vn 0.12569 0.93398 0.3345
vn -0.24565 0.82348 0.51141
vn 0.0813 0.00151 -0.99669
vn 0.00652 -0.0003 -0.99998
vn -0.05559 -0.02298 -0.99819
vn 0.75063 -0.00019 -0.66072
vn 0.5622 0.15078 -0.81314
vn 0.07822 0.22298 -0.97168
vn 0.16889 0.1281 -0.97727
vn 0.68839 0.48826 -0.5364
vn 0.31368 0.40599 0.85836
vn 0.1142 0.87036 0.47898
vn 0.69933 0.29286 0.65205
vn 0.32349 0.74468 0.58379
vn -0.19878 0.86346 -0.46359
vn 0.0398 0.99296 -0.11159
vn 0.66669 0.40809 -0.62369
vn 0.42688 0.89875 -0.10012
vn 0.77543 -0.12711 -0.61851
vn -0.11597 -0.51565 0.84891
vn 0.89794 -0.33231 0.28858
vn -0.58005 -0.07703 0.81093
vn 0.75739 -0.56139 0.33347
vn 0.26275 -0.4905 0.83089
vn 0.76252 -0.57424 0.29802
vn 0.29571 -0.95521 0.01155
vn 0.87659 -0.18259 -0.44526
vn 0.26008 0.95519 0.14129
vn 0.24368 0.6538 0.71636
vn 0.6907 0.62114 -0.37029
vn 0.96099 0.27506 -0.02901
vn 0.9305 -0.08022 -0.3574
vn 0.37349 0.7105 -0.5964
vn 0.48219 0.62813 -0.61069
vn 0.88345 0.41369 -0.21996
vn 0.54124 -0.84073 -0.01519
vn 0.2334 -0.2288 0.94508
vn 0.83575 -0.52879 -0.14799
vn 0.2443 0.12229 0.96196
vn 0.54124 -0.84073 -0.01519
vn 0.83575 -0.52879 -0.14799
vn 0.67094 -0.49329 0.55362
vn 0.88901 -0.34326 -0.30304
vn 0.05864 0.50029 0.86387
vn 0.61529 0.50501 0.60529
vn 0.53551 -0.81181 -0.23281
vn 0.9305 -0.08022 -0.3574
vn 0.70925 -0.70157 0.06909
vn 0.0613 -0.24257 0.9682
vn 0.3767 0.199 0.90471
vn 0.66669 0.40809 -0.62369
vn 0.87659 -0.18259 -0.44526
vn 0.4786 -0.79072 -0.38172
vn 0.29571 -0.95521 0.01155
vn 0.96099 0.27506 -0.02901
vn 0.53551 -0.81181 -0.23281
vn 0.9305 -0.08022 -0.3574
vn 0.88345 0.41369 -0.21996
vn 0.53226 -0.76748 -0.35732
vn 0.85813 0.36059 0.36551
vn 0.66669 0.40809 -0.62369
vn 0.77543 -0.12711 -0.61851
vn 0.70925 -0.70157 0.06909
vn 0.89794 -0.33231 0.28858
vn 0.75739 -0.56139 0.33347
vn -0.00081 0.62051 0.7842
vn 0.2443 0.12229 0.96196
vn 0.3767 0.199 0.90471
vn 0.03739 0.19419 0.98025
vn 0.09749 0.1818 0.97849
vn 0.11638 0.37081 0.92139
vn -0.35208 0.11853 0.92843
vn -0.18629 0.35689 0.91538
vn 0.02273 0.47918 0.87742
vn -0.75522 0.3025 0.5815
vn -0.80697 0.13989 0.57378
vn -0.1967 0.75543 0.62501
vn -0.8279 0.5461 -0.1279
vn -0.2046 0.6181 -0.759
vn -0.79679 0.47998 0.36709
vn -0.78747 0.19264 0.58547
vn -0.62799 0.2113 0.74899
vn 0.00078 0.24435 0.96969
vn -0.7159 0.13052 0.68589
vn -0.77548 0.13045 0.61775
vn 0.1142 0.87036 0.47898
vn 0.04241 0.8966 0.4408
vn -0.46491 0.75329 0.46521
vn -0.62812 0.53509 0.56493
vn 0.11532 0.77192 0.62518
vn 0.53527 0.52715 0.66
vn 0.10691 0.53202 0.83995
vn -0.75522 0.3025 0.5815
vn 0.02273 0.47918 0.87742
vn 0.03091 -0.00541 -0.99951
vn 0.42341 -0.2362 -0.87461
vn -0.0002 0.62823 -0.77803
vn -0.11829 0.459 -0.88052
vn -0.8743 0.10939 0.4729
vn -0.47874 0.87791 -0.00903
vn -0.99702 0.06324 -0.04422
vn -0.26177 0.95212 -0.1579
vn -0.99702 0.06324 -0.04422
vn -0.52509 -0.3016 -0.79582
vn -0.4978 -0.13168 -0.85724
vn -0.8743 0.10939 0.4729
vn -0.79679 0.47998 0.36709
vn -0.8279 0.5461 -0.1279
vn 0.22911 0.72492 0.64961
vn 0.3767 0.199 0.90471
vn 0.10691 0.53202 0.83995
vn 0.11638 0.37081 0.92139
vn 0.02273 0.47918 0.87742
vn 0.42341 -0.2362 -0.87461
vn 0.34304 -0.2351 -0.90942
vn -0.11829 0.459 -0.88052
vn -0.51891 -0.22041 -0.82593
vn -0.8743 0.10939 0.4729
vn 0.30902 0.0151 0.95094
vn -0.06923 0.00661 0.99758
vn -0.79679 0.47998 0.36709
vn -0.47874 0.87791 -0.00903
vn 0.34211 0.8232 0.45311
vn -0.26177 0.95212 -0.1579
vn 0.49981 0.79459 -0.3447
vn 0.30606 0.33187 -0.89229
vn 0.69466 0.60015 0.39656
vn -0.05272 0.46088 0.8859
vn -0.25941 0.04012 0.96493
vn 0.30902 0.0151 0.95094
vn 0.24279 0.0867 0.9662
vn -0.06923 0.00661 0.99758
vn 0.34304 -0.2351 -0.90942
vn -0.53469 0.24389 -0.80909
vn -0.11829 0.459 -0.88052
vn -0.51891 -0.22041 -0.82593
vn 0.50599 0.49343 0.70746
vn 0.10691 0.53202 0.83995
vn 0.53527 0.52715 0.66
vn 0.42308 0.5762 0.69929
vn 0.10491 0.71628 0.68988
vn -0.56831 0.2016 0.79774
vn -0.77548 0.13045 0.61775
vn -0.7159 0.13052 0.68589
vn -0.59423 0.19321 0.78074
vn -0.62799 0.2113 0.74899
vn -0.78747 0.19264 0.58547
vn -0.17388 0.85549 -0.48775
vn -0.11829 0.459 -0.88052
vn -0.53469 0.24389 -0.80909
vn -0.52629 0.25136 -0.81231
vn -0.51891 -0.22041 -0.82593
vn 0.30606 0.33187 -0.89229
vn 0.23755 0.31006 0.92056
vn 0.7693 0.26578 0.58098
vn 0.34211 0.8232 0.45311
vn 0.69466 0.60015 0.39656
vn -0.05272 0.46088 0.8859
vn 0.65253 0.51825 0.55284
vn -0.39669 0.07309 0.91504
vn -0.33131 0.2818 0.90046
vn 0.7693 0.26578 0.58098
vn -0.55998 0.08849 0.82377
vn -0.69311 0.43422 0.57538
vn -0.39669 0.07309 0.91504
vn -0.33131 0.2818 0.90046
vn -0.25941 0.04012 0.96493
vn -0.55998 0.08849 0.82377
vn 0.24279 0.0867 0.9662
vn -0.56831 0.2016 0.79774
vn 0.621 0.45698 0.63681
vn -0.04865 0.18074 0.98233
vn 0.50646 0.15159 0.84884
vn 0.4325 0.28695 0.85476
vn -0.59423 0.19321 0.78074
vn 0.24461 -0.46353 0.85165
vn 0.09749 0.1818 0.97849
vn -0.80697 0.13989 0.57378
vn -0.18629 0.35689 0.91538
vn -0.35208 0.11853 0.92843
vn 0.00854 -0.76893 0.63928
vn -0.71207 -0.55986 0.42369
vn 0.24461 -0.46353 0.85165
vn -0.59168 0.00798 0.80613
vn -0.17388 0.85549 -0.48775
vn -0.52629 0.25136 -0.81231
vn 0.77132 0.54565 -0.32761
vn 0.774 0.08202 -0.62786
vn 0.30606 0.33187 -0.89229
vn 0.30606 0.33187 -0.89229
vn 0.49981 0.79459 -0.3447
vn 0.774 0.08202 -0.62786
vn 0.69466 0.60015 0.39656
vn 0.7693 0.26578 0.58098
vn 0.77132 0.54565 -0.32761
vn 0.65253 0.51825 0.55284
vn 0.4227 0.81032 0.40584
vn 0.39512 0.32311 0.85993
vn 0.56548 0.52949 0.63236
vn 0.1637 0.47179 0.86638
vn -0.02808 0.67803 0.7345
vn 0.61101 0.58484 0.5335
vn 0.61361 0.48743 0.6212
vn 0.60531 0.78909 -0.10458
vn 0.77132 0.54565 -0.32761
vn 0.91741 0.3979 -0.0053
vn 0.91973 0.39256 -0.00048
vn -0.71207 -0.55986 0.42369
vn -0.98773 0.1352 0.07821
vn -0.59168 0.00798 0.80613
vn -0.80909 0.54651 0.21612
vn -0.46491 0.75329 0.46521
vn -0.63702 0.74622 0.19328
vn -0.72182 0.69012 0.0521
vn -0.02808 0.67803 0.7345
vn -0.52709 0.81199 0.25069
vn -0.90019 0.06815 0.43012
vn -0.42012 0.25503 0.8709
vn -0.73029 0.50759 0.4572
vn -0.79095 0.20519 0.57644
vn -0.81547 -0.08518 0.5725
vn -0.80697 0.13989 0.57378
vn -0.67614 -0.11285 0.72808
vn -0.66982 0.32907 0.66562
vn -0.75522 0.3025 0.5815
vn -0.66727 0.14422 0.73072
vn 0.24461 -0.46353 0.85165
vn -0.59168 0.00798 0.80613
vn 0.50646 0.15159 0.84884
vn 0.41439 0.24497 0.87651
vn 0.4325 0.28695 0.85476
vn 0.54419 0.20719 0.81297
vn 0.621 0.45698 0.63681
vn 0.55427 0.30429 0.77472
vn 0.16694 0.37251 0.91289
vn -0.46491 0.75329 0.46521
vn -0.62812 0.53509 0.56493
vn -0.68791 0.61102 0.39171
vn -0.75522 0.3025 0.5815
vn -0.66982 0.32907 0.66562
vn -0.68342 0.49482 0.53674
vn -0.73759 0.54379 0.40031
vn -0.73759 0.54379 0.40031
vn -0.68342 0.49482 0.53674
vn 0.32802 0.74629 0.57918
vn -0.68791 0.61102 0.39171
vn 0.03872 0.85369 0.51935
vn -0.59168 0.00798 0.80613
vn -0.63702 0.74622 0.19328
vn 0.83598 0.38916 0.3869
vn 0.92294 0.37381 0.0919
vn 0.8075 0.37295 0.45701
vn 0.16694 0.37251 0.91289
vn 0.55427 0.30429 0.77472
vn 0.67884 0.42848 0.59631
vn 0.70948 0.17446 0.68279
vn 0.54419 0.20719 0.81297
vn 0.41439 0.24497 0.87651
vn 0.83598 0.38916 0.3869
vn -0.59168 0.00798 0.80613
vn -0.68342 0.49482 0.53674
vn 0.65371 0.46691 0.59553
vn 0.32802 0.74629 0.57918
vn -0.66982 0.32907 0.66562
vn 0.67755 0.27148 0.68354
vn -0.66727 0.14422 0.73072
vn 0.63664 -0.06834 0.76812
vn -0.67614 -0.11285 0.72808
vn -0.81547 -0.08518 0.5725
vn 0.74349 -0.10598 0.66029
vn -0.79095 0.20519 0.57644
vn 0.78594 0.13259 0.60392
vn 0.68504 0.60811 0.40115
vn 0.78594 0.13259 0.60392
vn -0.79095 0.20519 0.57644
vn -0.73029 0.50759 0.4572
vn -0.52709 0.81199 0.25069
vn -0.02808 0.67803 0.7345
vn 0.61361 0.48743 0.6212
vn 0.1241 0.86192 -0.49163
vn 0.37721 0.92347 -0.07013
vn 0.42232 0.64693 -0.63492
vn 0.62039 0.77187 -0.13903
vn 0.74924 0.51105 -0.42128
vn 0.17063 0.98533 0.00232
vn 0.75206 0.65738 0.04746
vn 0.1241 0.86192 -0.49163
vn 0.42232 0.64693 -0.63492
vn 0.21419 -0.56349 -0.79787
vn 0.35173 -0.54522 -0.76094
vn 0.68839 0.48826 -0.5364
vn 0.97591 0.2071 -0.06859
vn 0.5622 0.15078 -0.81314
vn 0.75063 -0.00019 -0.66072
vn 0.68839 0.48826 -0.5364
vn 0.8075 0.37295 0.45701
vn 0.67884 0.42848 0.59631
vn 0.97591 0.2071 -0.06859
vn 0.9946 0.09659 0.03789
vn 0.70948 0.17446 0.68279
vn 0.83598 0.38916 0.3869
vn 0.98944 0.07843 0.12188
vn 0.99938 -0.02909 0.01984
vn 0.86091 0.27783 0.4262
vn 0.35711 -0.23063 0.90514
vn 0.96552 0.2149 0.14695
vn 0.93788 0.3466 -0.01604
vn 0.9965 0.08329 -0.00712
vn 0.99227 0.12018 0.03078
vn 0.99975 -0.01713 0.0142
vn 0.75206 0.65738 0.04746
vn 0.99998 0.0052 -0.0022
vn 0.37721 0.92347 -0.07013
vn 0.99998 -0.00332 -0.00544
vn 0.99785 -0.0476 -0.04502
vn 0.99331 -0.0404 -0.10817
vn 0.95918 0.20907 0.19041
vn 0.99513 0.08158 -0.05529
vn 0.95338 0.209 0.21769
vn 0.95327 0.2455 0.17609
vn 0.99399 -0.0014 0.10947
vn 0.99878 -0.03978 0.02931
vn 0.93295 0.1356 0.33348
vn 0.99516 0.01149 -0.0976
vn 0.99662 0.0606 0.0555
vn 0.99896 -0.0414 -0.01921
vn 1 0.00091 0.00211
vn 0.99951 0.0115 -0.029
vn 0.999 0.00561 -0.04443
vn 0.96757 0.06595 -0.24385
vn 0.75063 -0.00019 -0.66072
vn 0.99975 0.00088 -0.02222
vn 0.99785 -0.0476 -0.04502
vn 0.37721 0.92347 -0.07013
vn 0.95822 0.19718 0.2072
vn 0.95338 0.209 0.21769
vn 0.89399 0.31609 0.31761
vn 0.95327 0.2455 0.17609
vn 0.99962 0.02651 -0.00787
vn 0.98909 0.14378 -0.03197
vn 0.98671 0.14751 0.06821
vn 0.99331 -0.0404 -0.10817
vn 0.91114 0.41052 0.03601
vn 0.98793 -0.1312 -0.0824
vn 0.99896 0.00724 0.04507
vn 0.61101 0.58484 0.5335
vn 0.99127 -0.0818 0.10341
vn 0.68504 0.60811 0.40115
vn 0.61361 0.48743 0.6212
vn 0.99984 -0.00251 0.01771
vn 0.78594 0.13259 0.60392
vn 0.74349 -0.10598 0.66029
vn 0.67755 0.27148 0.68354
vn 0.63664 -0.06834 0.76812
vn 0.99986 0.00063 0.01689
vn 0.99987 0.00967 0.01301
vn 0.65371 0.46691 0.59553
vn 0.32802 0.74629 0.57918
vn 0.9991 -0.04238 -0.00112
vn 0.99127 -0.0818 0.10341
vn 0.61101 0.58484 0.5335
vn 0.75206 0.65738 0.04746
vn 0.99975 -0.01713 0.0142
vn 0.99791 -0.0643 0.0067
vn 0.97463 -0.21829 0.04946
vn 0.99988 -0.00507 0.01469
vn 0.99971 -0.02098 0.01218
vn 0.9999 0.01007 -0.00972
vn 0.98793 -0.1312 -0.0824
vn 0.98839 -0.14719 0.03778
vn 0.99992 0.01238 -0.00259
vn 0.99954 -0.02903 -0.0093
vn 0.99998 -0.00118 0.0056
vn 0.99991 0.0081 -0.01072
vn 0.99493 -0.09931 0.01599
vn 0.9682 -0.21186 0.13308
vn 0.96912 -0.2232 -0.10482
vn 0.9845 -0.16316 -0.0643
vn 0.96727 -0.11419 -0.22659
vn 0.98944 0.07843 0.12188
vn 0.83598 0.38916 0.3869
vn 0.92294 0.37381 0.0919
vn 0.97718 0.1375 0.16188
vn 0.99938 -0.02909 0.01984
vn 0.96552 0.2149 0.14695
vn 0.9965 0.08329 -0.00712
vn 0.99988 -0.0098 0.0121
vn 0.88472 -0.20229 -0.41993
vn 0.99998 0.00519 -0.0031
vn 0.75063 -0.00019 -0.66072
vn 0.999 0.00561 -0.04443
vn 0.99991 0.0082 -0.01028
vn 0.99951 0.01602 -0.02673
vn 0.93788 0.3466 -0.01604
vn 0.98243 -0.0695 0.17322
vn 0.97802 -0.06551 0.19798
vn 0.95366 -0.12139 0.2753
vn 0.99662 0.0606 0.0555
vn 0.99896 -0.0414 -0.01921
vn 0.99998 -0.00257 -0.005
vn 0.99979 -0.0135 -0.0156
vn 0.99984 -0.01 0.01491
vn 0.99953 -0.02693 0.01461
vn 0.97735 -0.19911 0.0717
vn 0.96879 -0.24769 0.00941
vn 0.99227 0.12018 0.03078
vn 0.88472 -0.20229 -0.41993
vn 0.75063 -0.00019 -0.66072
vn 0.97591 0.2071 -0.06859
vn 0.85399 0.2055 -0.47798
vn 0.9946 0.09659 0.03789
vn 0.86091 0.27783 0.4262
vn 0.99995 0.00911 0.00462
vn 0.92294 0.37381 0.0919
vn 0.99984 0.00901 -0.01546
vn 0.99971 -0.00102 0.0239
vn 0.97718 0.1375 0.16188
vn 0.99227 0.12018 0.03078
vn 0.9973 -0.07322 -0.0051
vn 0.96879 -0.24769 0.00941
vn 0.97735 -0.19911 0.0717
vn 0.99964 0.02361 -0.01262
vn 0.99707 -0.06705 -0.0368
vn 0.99893 -0.0007 -0.0463
vn 0.98492 -0.09259 -0.14618
vn 0.98909 0.14378 -0.03197
vn 0.98839 -0.14719 0.03778
vn 0.98793 -0.1312 -0.0824
vn 0.99962 0.02651 -0.00787
vn 0.95822 0.19718 0.2072
vn 0.99792 -0.04982 -0.04081
vn 0.99545 -0.04447 -0.08422
vn 0.99983 0.01772 -0.00491
vn 0.89399 0.31609 0.31761
vn 0.93086 0.21422 0.29598
vn 0.99938 0.0239 0.02571
vn 0.99992 0.01238 -0.00259
vn 0.99991 0.0081 -0.01072
vn 0.99994 -0.00733 0.00855
vn 0.93295 0.1356 0.33348
vn 0.99878 -0.03978 0.02931
vn 1 0.00091 0.00211
vn 0.99995 -0.00608 -0.0075
vn 0.96727 -0.11419 -0.22659
vn 0.99986 -0.0017 -0.0164
vn 0.98319 0.0907 -0.15849
vn 0.94326 0.1107 -0.31306
vn 0.96512 0.21288 -0.15238
vn 0.98692 0.1522 -0.0531
vn 0.93657 0.32613 -0.12838
vn 0.99399 -0.0014 0.10947
vn 0.93295 0.1356 0.33348
vn 0.99513 0.08158 -0.05529
vn 0.95918 0.20907 0.19041
vn 0.93086 0.21422 0.29598
vn 0.89399 0.31609 0.31761
vn 0.95338 0.209 0.21769
vn 0.90169 -0.367 -0.22862
vn 0.99707 -0.06705 -0.0368
vn 0.87739 -0.39039 -0.27889
vn 0.99893 -0.0007 -0.0463
vn 0.99445 0.05336 0.09069
vn 0.99914 -0.0088 0.0406
vn 0.98084 -0.0216 0.19359
vn 0.99999 0.00131 0.00312
vn 0.99984 -0.00072 0.018
vn 0.9997 -0.0168 0.018
vn 0.99996 0.00389 -0.00797
vn 0.98789 0.08919 -0.127
vn 0.95179 -0.07861 -0.2965
vn 0.9764 0.02161 -0.21488
vn 0.99988 -0.00048 0.01541
vn 0.98865 -0.0058 -0.1501
vn 0.99626 -0.04921 -0.07098
vn 0.99986 -0.00242 -0.01677
vn 0.99996 0.00491 0.0071
vn 0.99893 -0.0007 -0.0463
vn 0.87739 -0.39039 -0.27889
vn 0.99933 0.028 0.02371
vn 0.90169 -0.367 -0.22862
vn 0.9993 -0.03312 -0.01712
vn 0.99977 -0.0159 0.0146
vn 0.99962 0.0228 0.0153
vn 0.99707 -0.06705 -0.0368
vn 0.99964 0.02361 -0.01262
vn 0.99836 0.0342 0.04597
vn 0.99955 -0.00261 0.03
vn 0.99804 0.03088 0.0545
vn 0.97595 0.21081 -0.05559
vn 0.99622 0.03471 0.07961
vn 0.99706 0.07599 0.00971
vn 0.99022 0.11849 -0.07369
vn 0.99921 0.0375 0.013
vn 0.99706 0.07599 0.00971
vn 1 0.00091 0.00211
vn 0.99979 -0.0135 -0.0156
vn 0.98427 0.0251 -0.17489
vn 0.96727 -0.11419 -0.22659
vn 0.99979 -0.0135 -0.0156
vn 0.9896 0.0795 -0.1199
vn 0.98427 0.0251 -0.17489
vn 0.99991 -0.0102 0.0083
vn 0.99998 -0.00257 -0.005
vn 0.99636 0.0723 -0.0451
vn 0.99973 0.0233 0.0005
vn 0.96917 0.19299 -0.15319
vn 0.95877 0.12069 -0.25728
vn 0.98318 0.17179 -0.06199
vn 0.97595 0.21081 -0.05559
vn 0.99836 0.0342 0.04597
vn 0.99964 0.02361 -0.01262
vn 0.99976 -0.002 0.02201
vn 0.99984 -0.01 0.01491
vn 0.97735 -0.19911 0.0717
vn 0.61101 0.58484 0.5335
vn 0.49421 0.86927 0.0114
vn 0.75206 0.65738 0.04746
vn 0.17063 0.98533 0.00232
vn 0.92665 -0.17289 -0.3338
vn 0.99795 0.0267 0.05821
vn 0.99871 -0.04559 0.02238
vn 0.99641 -0.0822 -0.0203
vn 0.98084 -0.0216 0.19359
vn 0.95943 -0.19727 0.20146
vn 0.99445 0.05336 0.09069
vn 0.99022 0.11849 -0.07369
vn 0.99795 0.0267 0.05821
vn 0.98084 -0.0216 0.19359
vn 0.94447 -0.26391 0.1958
vn 0.99623 0.02925 -0.08171
vn 0.6865 -0.54549 0.4808
vn 0.99446 0.1038 -0.0164
vn 0.98492 -0.09259 -0.14618
vn 0.99626 -0.04921 -0.07098
vn 0.99893 -0.0007 -0.0463
vn 0.98865 -0.0058 -0.1501
vn 0.98946 -0.0524 -0.135
vn 0.98449 -0.0602 -0.16481
vn 0.95179 -0.07861 -0.2965
vn 0.99622 0.0166 0.08531
vn 0.9764 0.02161 -0.21488
vn 0.97164 -0.234 -0.0342
vn 0.99706 0.07599 0.00971
vn 0.99921 0.0375 0.013
vn 0.99446 0.1038 -0.0164
vn 0.99773 0.04119 0.05326
vn 0.98604 -0.0222 0.16501
vn 0.89304 0.37769 0.24459
vn 0.99708 -0.0481 -0.05923
vn 0.97748 0.19638 0.0773
vn 0.9901 0.11909 -0.07429
vn 0.99623 0.02925 -0.08171
vn 0.99445 0.01301 0.10441
vn 0.99217 -0.10929 0.0604
vn 0.9573 0.21059 -0.19807
vn 0.99871 -0.04559 0.02238
vn 0.92665 -0.17289 -0.3338
vn 0.97314 0.19229 -0.12659
vn 0.95261 0.29941 -0.0537
vn 0.99678 0.0055 -0.07999
vn 0.97748 0.19638 0.0773
vn 0.89304 0.37769 0.24459
vn 0.99214 0.1187 0.03969
vn 0.99773 0.04119 0.05326
vn 0.98789 0.08919 -0.127
vn 0.9764 0.02161 -0.21488
vn 0.97981 0.03302 -0.19718
vn 0.9991 0.02051 -0.03714
vn 0.99995 0.0095 -0.00331
vn 0.99996 0.00389 -0.00797
vn 0.99986 -0.0017 -0.0164
vn 0.99896 0.00724 0.04507
vn 0.99998 0.00012 0.00591
vn 0.99914 -0.0088 0.0406
vn 0.98084 -0.0216 0.19359
vn 0.99979 0.01776 0.01052
vn 0.99989 0.01442 -0.0047
vn 0.99968 -0.0239 0.00868
vn 0.98692 0.1522 -0.0531
vn 0.94326 0.1107 -0.31306
vn 0.98319 0.0907 -0.15849
vn 0.99127 -0.0818 0.10341
vn 0.96512 0.21288 -0.15238
vn 0.99623 0.02925 -0.08171
vn 0.98604 -0.0222 0.16501
vn 0.98313 0.09678 -0.15521
vn 0.99214 0.1187 0.03969
vn 0.85399 0.2055 -0.47798
vn -0.77772 0.30271 -0.55092
vn 0.88472 -0.20229 -0.41993
vn -0.64319 -0.47476 -0.60076
vn 0.85399 0.2055 -0.47798
vn -0.06799 0.97202 -0.22483
vn -0.77772 0.30271 -0.55092
vn -0.80729 0.58462 0.08058
vn 0.99921 0.0375 0.013
vn 0.99022 0.11849 -0.07369
vn 0.93291 -0.1092 -0.34315
vn 0.92665 -0.17289 -0.3338
vn 0.99795 0.0267 0.05821
vn 0.93291 -0.1092 -0.34315
vn 0.92665 -0.17289 -0.3338
vn 0.99445 0.01301 0.10441
vn 0.99921 0.0375 0.013
vn 0.97164 -0.234 -0.0342
vn 0.9901 0.11909 -0.07429
vn 0.99446 0.1038 -0.0164
vn 0.94447 -0.26391 0.1958
vn 0.99623 0.02925 -0.08171
vn 0.99493 -0.09931 0.01599
vn 0.99678 0.0055 -0.07999
vn 0.95261 0.29941 -0.0537
vn 0.96912 -0.2232 -0.10482
vn 0.9845 -0.16316 -0.0643
vn 0.99214 0.1187 0.03969
vn 0.96727 -0.11419 -0.22659
vn 0.98313 0.09678 -0.15521
vn 0.98427 0.0251 -0.17489
vn 0.95877 0.12069 -0.25728
vn 0.9896 0.0795 -0.1199
vn 0.96917 0.19299 -0.15319
vn 0.98084 -0.0216 0.19359
vn 0.99641 -0.0822 -0.0203
vn 0.99795 0.0267 0.05821
vn 0.99182 -0.0745 0.1036
vn 0.99979 0.01776 0.01052
vn 0.95997 -0.23219 0.15668
vn 0.93512 -0.29899 0.19017
vn 0.9682 -0.21186 0.13308
vn 0.93512 -0.29899 0.19017
vn 0.99996 0.00668 -0.00598
vn 0.9682 -0.21186 0.13308
vn 0.99998 -0.00118 0.0056
vn 0.99999 -0.0018 0.003
vn 0.98692 0.1522 -0.0531
vn 0.99971 -0.02098 0.01218
vn 0.99976 -0.02171 0.00179
vn 0.97428 -0.18902 0.12271
vn 0.9991 -0.04238 -0.00112
vn -0.06799 0.97202 -0.22483
vn 0.86091 0.27783 0.4262
vn -0.80729 0.58462 0.08058
vn -0.00608 0.45891 0.88846
vn 0.35173 -0.54522 -0.76094
vn 0.42232 0.64693 -0.63492
vn 0.6227 -0.63666 -0.45487
vn 0.87251 -0.3554 -0.33528
vn 0.74924 0.51105 -0.42128
vn 0.04416 -0.97162 0.23238
vn 0.01369 -0.92611 -0.37701
vn -0.33952 -0.80471 0.487
vn -0.61777 -0.77137 -0.15282
vn 0.88472 -0.20229 -0.41993
vn -0.64319 -0.47476 -0.60076
vn 0.01369 -0.92611 -0.37701
vn -0.61777 -0.77137 -0.15282
vn 0.04416 -0.97162 0.23238
vn -0.33952 -0.80471 0.487
vn 0.35711 -0.23063 0.90514
vn 0.05739 -0.13499 0.98918
vn 0.86091 0.27783 0.4262
vn -0.00608 0.45891 0.88846
vn 0.62039 0.77187 -0.13903
vn 0.17063 0.98533 0.00232
vn 0.9458 0.32421 0.01881
vn 0.87251 -0.3554 -0.33528
vn 0.74924 0.51105 -0.42128
vn 0.8493 -0.52179 -0.0802
vn -0.61777 -0.77137 -0.15282
vn -0.59609 -0.79318 0.12469
vn -0.33952 -0.80471 0.487
vn -0.64319 -0.47476 -0.60076
vn -0.62842 -0.76355 -0.14859
vn 0.15716 -0.97777 -0.13883
vn 0.1486 -0.80671 -0.57196
vn -0.93515 -0.13582 -0.32719
vn -0.77772 0.30271 -0.55092
vn -0.96471 0.17301 -0.19849
vn -0.87283 0.02666 -0.48729
vn -0.80729 0.58462 0.08058
vn -0.28521 0.95771 -0.03815
vn 0.09293 0.8631 -0.49642
vn -0.59237 0.60519 0.53183
vn 0.08708 0.94779 0.30678
vn -0.99389 0.0104 0.10991
vn -0.81486 0.01402 0.57949
vn -0.94925 -0.11162 0.29404
vn -0.64225 -0.66263 0.38527
vn -0.59609 -0.79318 0.12469
vn 0.0499 -0.64592 0.76177
vn -0.7613 -0.0645 0.64518
vn 0.04369 0.39961 0.91564
vn -0.59237 0.60519 0.53183
vn -0.93515 -0.13582 -0.32719
vn 0.1486 -0.80671 -0.57196
vn -0.62842 -0.76355 -0.14859
vn 0.0953 -0.54543 -0.83272
vn 0.04369 0.39961 0.91564
vn 0.64397 0.53201 0.54978
vn -0.59237 0.60519 0.53183
vn 0.08708 0.94779 0.30678
vn -0.64225 -0.66263 0.38527
vn 0.61672 -0.74476 0.25491
vn 0.0499 -0.64592 0.76177
vn -0.59609 -0.79318 0.12469
vn 0.15716 -0.97777 -0.13883
vn 0.04369 0.39961 0.91564
vn 0.94368 0.14479 0.29749
vn 0.64397 0.53201 0.54978
vn 0.99926 -0.0219 0.0316
vn 0.9941 0.0564 0.09271
vn 0.97673 -0.14804 0.1552
vn 0.61672 -0.74476 0.25491
vn 0.0499 -0.64592 0.76177
vn 0.99909 -0.03511 -0.02419
vn 0.99765 0.05406 -0.04199
vn 0.94236 0.33421 0.01606
vn 0.08708 0.94779 0.30678
vn -0.28521 0.95771 -0.03815
vn 0.09293 0.8631 -0.49642
vn 0.15716 -0.97777 -0.13883
vn 0.1486 -0.80671 -0.57196
vn 0.61672 -0.74476 0.25491
vn 0.76711 -0.3859 -0.51247
vn 0.0953 -0.54543 -0.83272
vn 0.97871 0.03118 -0.20285
vn 0.98543 0.01719 0.16919
vn 0.97673 -0.14804 0.1552
vn 0.99504 0.09148 -0.03903
vn 0.97332 0.07961 -0.21521
vn 0.97871 0.03118 -0.20285
vn 0.09293 0.8631 -0.49642
vn 0.94236 0.33421 0.01606
vn 0.99909 -0.03511 -0.02419
vn 0.96231 0.01377 0.2716
vn 0.88844 0.10169 0.44758
vn 0.99504 0.09148 -0.03903
vn 0.98543 0.01719 0.16919
vn 0.95831 -0.25399 0.13089
vn 0.9941 0.0564 0.09271
vn 0.9782 0.18648 0.09141
vn 0.99765 0.05406 -0.04199
vn 0.94115 -0.22762 0.24984
vn 0.97673 -0.14804 0.1552
vn 0.95831 -0.25399 0.13089
vn 0.94115 -0.22762 0.24984
vn 0.97673 -0.14804 0.1552
vn 0.88844 0.10169 0.44758
vn 0.9782 0.18648 0.09141
vt 0.99181 0.14357
vt 0.99637 0.14725
vt 0.98862 0.14725
vt 0.72356 0.47121
vt 0.72356 0.45516
vt 0.72701 0.46162
vt 0.99435 0.00836
vt 0.99698 0.01009
vt 0.98862 0.01009
vt 0.07431 0.42955
vt 0.07501 0.44037
vt 0.07431 0.44236
vt 0.3617 0.05962
vt 0.3617 0.0499
vt 0.3635 0.05754
vt 0.98862 0.50198
vt 0.99044 0.50054
vt 0.99473 0.50198
vt 0.99608 0.21616
vt 0.98862 0.21616
vt 0.99275 0.21512
vt 0.34805 0.27878
vt 0.35004 0.27591
vt 0.35004 0.28465
vt 0.98862 0.30821
vt 0.9956 0.30821
vt 0.99265 0.30936
vt 0.00829 0.27628
vt 0.01539 0.47851
vt 0.00829 0.4789
vt 0.99331 0.25195
vt 0.99574 0.25478
vt 0.98862 0.25478
vt 0.08655 0.35263
vt 0.08655 0.38081
vt 0.07976 0.37282
vt 0.28218 0.34043
vt 0.43001 0.33533
vt 0.43082 0.34043
vt 0.05578 0.24994
vt 0.05578 0.27311
vt 0.05434 0.25963
vt 0.20721 0.53853
vt 0.20721 0.52718
vt 0.20772 0.53304
vt 0.49099 0.73131
vt 0.49621 0.73643
vt 0.49099 0.74624
vt 0.98862 0.24933
vt 0.99576 0.24933
vt 0.9932 0.2519
vt 0.04231 0.44813
vt 0.04134 0.44578
vt 0.04231 0.43428
vt 0.46929 0.0123
vt 0.46786 0.02693
vt 0.46786 0.00121
vt 0.44564 0.39034
vt 0.44621 0.39798
vt 0.44564 0.40389
vt 0.40774 0.05044
vt 0.4056 0.06347
vt 0.4056 0.04723
vt 0.00577 0.23272
vt 0.00419 0.21609
vt 0.00577 0.20393
vt 0.09368 0.61915
vt 0.09424 0.62702
vt 0.09368 0.63661
vt 0.01923 0.67867
vt 0.01923 0.69431
vt 0.01866 0.68671
vt 0.06539 0.03077
vt 0.06032 0.01204
vt 0.06539 0.00041
vt 0.34812 0.07309
vt 0.34748 0.06214
vt 0.34812 0.0492
vt 0.06029 0.63277
vt 0.06029 0.61475
vt 0.06155 0.62119
vt 0.25934 0.48985
vt 0.26157 0.47974
vt 0.26157 0.50198
vt 0.11991 0.60776
vt 0.11962 0.58836
vt 0.13079 0.58836
vt 0.99462 0.55131
vt 0.98862 0.55131
vt 0.99298 0.5505
vt 0.98862 0.99012
vt 0.98862 0.98689
vt 0.99234 0.98845
vt 0.3473 0.1634
vt 0.34812 0.16174
vt 0.34812 0.17117
vt 0.06807 0.66739
vt 0.06807 0.65291
vt 0.06924 0.66426
vt 0.22118 0.11564
vt 0.22118 0.13271
vt 0.22059 0.12487
vt 0.25195 0.64492
vt 0.25195 0.66162
vt 0.25006 0.66003
vt 0.22503 0.60923
vt 0.22503 0.62123
vt 0.22442 0.61408
vt 0.99412 0.66985
vt 0.99239 0.67049
vt 0.98862 0.66985
vt 0.07693 0.42329
vt 0.07693 0.44236
vt 0.07621 0.43791
vt 0.38658 0.27311
vt 0.38495 0.26226
vt 0.38658 0.25915
vt 0.72124 0.27474
vt 0.72124 0.28657
vt 0.71808 0.27637
vt 0.53801 0.01597
vt 0.54045 0.00458
vt 0.54045 0.025
vt 0.01346 0.34722
vt 0.01346 0.3635
vt 0.01257 0.35063
vt 0.06732 0.71643
vt 0.06645 0.72124
vt 0.06645 0.71021
vt 0.4274 0.09209
vt 0.4289 0.07718
vt 0.4289 0.10001
vt 0.00419 0.02798
vt 0.00577 0.02202
vt 0.00577 0.0577
vt 0.21156 0.67609
vt 0.20963 0.68085
vt 0.20963 0.66983
vt 0.44791 0.68085
vt 0.44791 0.57917
vt 0.45775 0.63155
vt 0.55584 0.27898
vt 0.55208 0.29042
vt 0.36992 0.27898
vt 0.34884 0.01176
vt 0.35389 0.01866
vt 0.34884 0.025
vt 0.98862 0.25842
vt 0.9958 0.25842
vt 0.99387 0.25972
vt 0.04112 0.67994
vt 0.04231 0.67192
vt 0.04231 0.68854
vt 0.44428 0.73086
vt 0.4328 0.71704
vt 0.44428 0.71628
vt 0.99113 0.87688
vt 0.99294 0.88114
vt 0.98862 0.88114
vt 0.98862 0.56798
vt 0.99269 0.56617
vt 0.99448 0.56798
vt 0.32312 0.45198
vt 0.32033 0.44625
vt 0.32312 0.43841
vt 0.98862 0.3358
vt 0.99546 0.3358
vt 0.9908 0.33732
vt 0.98862 0.01014
vt 0.99694 0.01014
vt 0.99165 0.01236
vt 0.11759 0.32225
vt 0.11925 0.32651
vt 0.11759 0.33081
vt 0.99499 0.42063
vt 0.99422 0.42312
vt 0.98862 0.42063
vt 0.13063 0.23314
vt 0.13271 0.22737
vt 0.13271 0.23849
vt 0.00577 0.24661
vt 0.00577 0.25772
vt 0.00413 0.25147
vt 0.98862 0.91158
vt 0.99296 0.91011
vt 0.99296 0.91177
vt 0.99117 0.9909
vt 0.98862 0.99016
vt 0.99246 0.99016
vt 0.98993 0.54111
vt 0.99452 0.54442
vt 0.98862 0.54442
vt 0.99341 0.80537
vt 0.99341 0.80913
vt 0.98862 0.80847
vt 0.98862 0.85652
vt 0.99323 0.85652
vt 0.99001 0.85774
vt 0.99278 0.10345
vt 0.98862 0.10044
vt 0.99655 0.10044
vt 0.05563 0.99929
vt 0.0546 0.99632
vt 0.05645 0.99632
vt 0.98862 0.48661
vt 0.99486 0.48661
vt 0.99171 0.48721
vt 0.30096 0.29398
vt 0.30196 0.29243
vt 0.30196 0.30581
vt 0.9936 0.77966
vt 0.98862 0.78047
vt 0.98862 0.77841
vt 0.11925 0.29042
vt 0.11558 0.29042
vt 0.11632 0.27933
vt 0.00192 0.25978
vt 0.00096 0.27311
vt 0.00096 0.25482
vt 0.98862 0.2405
vt 0.99399 0.2389
vt 0.99585 0.2405
vt 0.05064 0.99632
vt 0.04837 0.99941
vt 0.0477 0.99632
vt 0.45005 0.40582
vt 0.44725 0.39349
vt 0.45005 0.39202
vt 0.43851 0.32504
vt 0.4362 0.31261
vt 0.43851 0.31121
vt 0.99025 0.83719
vt 0.99332 0.83903
vt 0.98862 0.83903
vt 0.71355 0.2231
vt 0.71283 0.21998
vt 0.71355 0.21302
vt 0.32727 0.21551
vt 0.32889 0.2139
vt 0.32889 0.2231
vt 0.06685 0.9989
vt 0.06529 0.99632
vt 0.06772 0.99632
vt 0.48827 0.3135
vt 0.48827 0.30049
vt 0.49429 0.31057
vt 0.99592 0.23338
vt 0.98862 0.23338
vt 0.99307 0.23238
vt 0.35774 0.29306
vt 0.3563 0.30196
vt 0.35589 0.29306
vt 0.98862 0.48097
vt 0.98984 0.47979
vt 0.99489 0.48097
vt 0.98862 0.61043
vt 0.9943 0.61043
vt 0.99087 0.61259
vt 0.99322 0.85779
vt 0.9897 0.8587
vt 0.98862 0.85779
vt 0.20772 0.68085
vt 0.20457 0.67524
vt 0.20772 0.66659
vt 0.99291 0.49271
vt 0.98862 0.49115
vt 0.99477 0.49115
vt 0.14232 0.03539
vt 0.14232 0.06539
vt 0.14026 0.05468
vt 0.99652 0.11666
vt 0.9935 0.11937
vt 0.98862 0.11666
vt 0.61024 0.13621
vt 0.61161 0.11919
vt 0.61161 0.13656
vt 0.16167 0.24439
vt 0.16348 0.25729
vt 0.16167 0.25772
vt 0.61546 0.26926
vt 0.60902 0.25679
vt 0.61546 0.11114
vt 0.99286 0.60832
vt 0.99431 0.61038
vt 0.98862 0.61038
vt 0.98862 0.61264
vt 0.99431 0.61264
vt 0.9921 0.61373
vt 0.98862 0.73541
vt 0.99172 0.73487
vt 0.99383 0.73541
vt 0.45678 0.22304
vt 0.45967 0.22373
vt 0.45678 0.23657
vt 0.06278 0.99632
vt 0.06525 0.99632
vt 0.06327 0.99891
vt 0.99473 0.50685
vt 0.99191 0.50799
vt 0.98862 0.50685
vt 0.08078 0.38916
vt 0.07846 0.39043
vt 0.07846 0.37579
vt 0.13654 0.30553
vt 0.14232 0.2949
vt 0.14232 0.30581
vt 0.24811 0.66442
vt 0.247 0.66739
vt 0.247 0.6243
vt 0.5943 0.24476
vt 0.5943 0.2558
vt 0.59185 0.24711
vt 0.04598 0.99954
vt 0.04333 0.99632
vt 0.04623 0.99632
vt 0.99663 0.11942
vt 0.99178 0.11964
vt 0.98862 0.11942
vt 0.98862 0.93539
vt 0.98997 0.93336
vt 0.9928 0.93539
vt 0.99075 0.82608
vt 0.99336 0.82883
vt 0.98862 0.82883
vt 0.98862 0.88623
vt 0.99303 0.88623
vt 0.99056 0.88776
vt 0.04732 0.36238
vt 0.05001 0.34776
vt 0.05001 0.3635
vt 0.98862 0.86866
vt 0.9931 0.86866
vt 0.99102 0.87088
vt 0.74312 0.40389
vt 0.74312 0.38873
vt 0.74624 0.38956
vt 0.99009 0.94147
vt 0.98862 0.94028
vt 0.99282 0.94028
vt 0.2937 0.59975
vt 0.29811 0.5977
vt 0.29811 0.61546
vt 0.99367 0.78501
vt 0.98997 0.78559
vt 0.98862 0.78501
vt 0.02041 0.99632
vt 0.02041 0.99986
vt 0.01874 0.99827
vt 0.10578 0.31927
vt 0.10309 0.31886
vt 0.10578 0.30353
vt 0.0616 0.99632
vt 0.06274 0.99899
vt 0.06042 0.99899
vt 0.98862 0.59744
vt 0.99441 0.59744
vt 0.9921 0.59868
vt 0.99035 0.87683
vt 0.98862 0.87544
vt 0.99312 0.87544
vt 0.99628 0.17307
vt 0.98862 0.17307
vt 0.9933 0.17115
vt 0.99358 0.2871
vt 0.98862 0.28611
vt 0.99567 0.28611
vt 0.98862 0.58229
vt 0.99438 0.58107
vt 0.99438 0.58402
vt 0.99697 0.00625
vt 0.99236 0.00832
vt 0.98862 0.00625
vt 0.80435 0.41736
vt 0.80435 0.28012
vt 0.81163 0.28085
vt 0.71971 0.38349
vt 0.72509 0.40004
vt 0.71785 0.40005
vt 0.98862 0.36479
vt 0.99539 0.36479
vt 0.99188 0.366
vt 0.99567 0.26739
vt 0.98862 0.26739
vt 0.98897 0.26465
vt 0.68707 0.55968
vt 0.68707 0.54302
vt 0.69431 0.55691
vt 0.99047 0.72644
vt 0.99374 0.72965
vt 0.98862 0.72965
vt 0.99414 0.65193
vt 0.98862 0.65193
vt 0.99022 0.65024
vt 0.99398 0.68669
vt 0.98862 0.68669
vt 0.99178 0.685
vt 0.98862 0.54854
vt 0.99456 0.54854
vt 0.99041 0.55046
vt 0.73278 0.15386
vt 0.72964 0.15386
vt 0.73004 0.13796
vt 0.99197 0.71808
vt 0.99384 0.7197
vt 0.98862 0.7197
vt 0.99286 0.92824
vt 0.98862 0.92824
vt 0.98992 0.9265
vt 0.02621 0.99632
vt 0.02801 0.99779
vt 0.02621 0.99984
vt 0.3134 0.35197
vt 0.3134 0.34262
vt 0.31542 0.34647
vt 0.46294 0.42044
vt 0.46544 0.43615
vt 0.46294 0.43851
vt 0.62315 0.3376
vt 0.61802 0.34043
vt 0.61802 0.322
vt 0.72109 0.3772
vt 0.72509 0.37609
vt 0.72509 0.39235
vt 0.05248 0.99632
vt 0.05248 0.99939
vt 0.05068 0.99752
vt 0.61098 0.3442
vt 0.61546 0.34316
vt 0.61546 0.36158
vt 0.3164 0.62892
vt 0.3164 0.61085
vt 0.32119 0.62553
vt 0.9907 0.65019
vt 0.98862 0.64842
vt 0.99415 0.64842
vt 0.24561 0.68662
vt 0.24561 0.67515
vt 0.24618 0.68129
vt 0.9925 0.9666
vt 0.98862 0.9666
vt 0.99178 0.9638
vt 0.99202 0.43428
vt 0.98862 0.43373
vt 0.99504 0.43373
vt 0.99415 0.65584
vt 0.99169 0.65701
vt 0.98862 0.65584
vt 0.01446 0.16346
vt 0.01539 0.16016
vt 0.01539 0.16925
vt 0.3962 0.69536
vt 0.3962 0.71162
vt 0.3917 0.69751
vt 0.99011 0.78884
vt 0.99342 0.79323
vt 0.98862 0.79323
vt 0.99298 0.81994
vt 0.99341 0.82207
vt 0.98862 0.82207
vt 0.98862 0.1347
vt 0.99048 0.13179
vt 0.99643 0.1347
vt 0.98862 0.90136
vt 0.99289 0.90136
vt 0.99119 0.90438
vt 0.98862 0.40858
vt 0.99143 0.40543
vt 0.99504 0.40858
vt 0.98862 0.9849
vt 0.99242 0.98554
vt 0.98862 0.98684
vt 0.99304 0.09307
vt 0.99663 0.09539
vt 0.98862 0.09539
vt 0.24609 0.7424
vt 0.23616 0.69004
vt 0.39428 0.69004
vt 0.98862 0.7167
vt 0.98954 0.71405
vt 0.9938 0.7167
vt 0.72316 0.14094
vt 0.72316 0.15579
vt 0.72005 0.14177
vt 0.18465 0.19409
vt 0.18656 0.18847
vt 0.18656 0.20195
vt 0.02806 0.99708
vt 0.03148 0.99632
vt 0.03148 0.99975
vt 0.00686 0.06493
vt 0.00769 0.05147
vt 0.00769 0.06924
vt 0.64238 0.57377
vt 0.63957 0.57699
vt 0.63957 0.559
vt 0.00028 0.28435
vt 0.00385 0.28576
vt 0.00028 0.40389
vt 0.35061 0.17694
vt 0.35061 0.16804
vt 0.35197 0.17331
vt 0.79608 0.309
vt 0.80009 0.27927
vt 0.80009 0.41159
vt 0.98862 0.34845
vt 0.99536 0.34845
vt 0.99274 0.35133
vt 0.99271 0.27422
vt 0.98862 0.2722
vt 0.99565 0.2722
vt 0.35398 0.13933
vt 0.35581 0.1508
vt 0.35398 0.15386
vt 0.55391 0.28974
vt 0.55391 0.30773
vt 0.54947 0.30657
vt 0.40005 0.54814
vt 0.39845 0.5337
vt 0.40005 0.52758
vt 0.14617 0.26349
vt 0.1426 0.24325
vt 0.14616 0.23663
vt 0.99691 0.03173
vt 0.98862 0.03173
vt 0.99367 0.03101
vt 0.98862 0.46139
vt 0.99162 0.4597
vt 0.99494 0.46139
vt 0.46124 0.27119
vt 0.46124 0.15158
vt 0.46544 0.27077
vt 0.98862 0.76764
vt 0.98862 0.76502
vt 0.99359 0.7658
vt 0.98862 0.67054
vt 0.99407 0.67054
vt 0.99133 0.67207
vt 0.36642 0.0827
vt 0.36642 0.06873
vt 0.36927 0.07126
vt 0.98862 0.50486
vt 0.99456 0.50203
vt 0.99456 0.50681
vt 0.27696 0.07227
vt 0.27696 0.08078
vt 0.27558 0.07835
vt 0.59236 0.07629
vt 0.59622 0.13509
vt 0.59236 0.21349
vt 0.34235 0.44242
vt 0.34122 0.45967
vt 0.34122 0.43248
vt 0.993 0.88984
vt 0.98862 0.88984
vt 0.99053 0.88781
vt 0.33263 0.23272
vt 0.33263 0.22212
vt 0.33466 0.2268
vt 0.73855 0.3712
vt 0.73445 0.32038
vt 0.73855 0.22574
vt 0.4212 0.26844
vt 0.4212 0.27696
vt 0.41675 0.27621
vt 0.38438 0.33081
vt 0.38438 0.32246
vt 0.38658 0.32405
vt 0.98862 0.84401
vt 0.98985 0.84074
vt 0.99322 0.84401
vt 0.57891 0.09009
vt 0.57664 0.10771
vt 0.57664 0.08721
vt 0.0417 0.56332
vt 0.04424 0.57314
vt 0.03945 0.57314
vt 0.99213 0.33736
vt 0.99543 0.33944
vt 0.98862 0.33944
vt 0.02617 0.9998
vt 0.02358 0.99889
vt 0.02617 0.99632
vt 0.99239 0.98339
vt 0.98862 0.98339
vt 0.9901 0.98058
vt 0.99252 0.95322
vt 0.99088 0.95629
vt 0.98862 0.95322
vt 0.03268 0.99971
vt 0.03495 0.99632
vt 0.03543 0.99971
vt 0.32696 0.10417
vt 0.32461 0.10578
vt 0.32461 0.09533
vt 0.98862 0.95317
vt 0.99043 0.95188
vt 0.99263 0.95317
vt 0.98862 0.3905
vt 0.99523 0.3905
vt 0.99187 0.39154
vt 0.1404 0.25388
vt 0.1364 0.23914
vt 0.1404 0.2378
vt 0.32902 0.46461
vt 0.33081 0.47102
vt 0.32902 0.47506
vt 0.97512 0.62892
vt 0.96521 0.61191
vt 0.97512 0.58581
vt 0.99348 0.78496
vt 0.98862 0.78496
vt 0.99062 0.78052
vt 0.31542 0.04736
vt 0.31542 0.06347
vt 0.31144 0.04771
vt 0.98862 0.69849
vt 0.99393 0.69849
vt 0.99229 0.70059
vt 0.99085 0.2646
vt 0.98862 0.2615
vt 0.99569 0.2615
vt 0.66386 0.81548
vt 0.66386 0.72167
vt 0.66931 0.76715
vt 0.98862 0.27215
vt 0.9931 0.27056
vt 0.99569 0.27215
vt 0.99375 0.73267
vt 0.99141 0.73483
vt 0.98862 0.73267
vt 0.99548 0.3094
vt 0.99548 0.31283
vt 0.98862 0.31174
vt 0.38466 0.0486
vt 0.38199 0.05578
vt 0.38199 0.04688
vt 0.98862 0.82604
vt 0.99171 0.82349
vt 0.99337 0.82604
vt 0.99495 0.45311
vt 0.98862 0.45311
vt 0.9933 0.45136
vt 0.57891 0.74624
vt 0.57167 0.74624
vt 0.57867 0.73098
vt 0.73003 0.60007
vt 0.73003 0.58487
vt 0.73278 0.59292
vt 0.9944 0.5937
vt 0.99216 0.59524
vt 0.98862 0.5937
vt 0.98862 0.24647
vt 0.98942 0.24373
vt 0.99578 0.24647
vt 0.99555 0.31539
vt 0.99192 0.31668
vt 0.98862 0.31539
vt 0.99338 0.80917
vt 0.99043 0.81303
vt 0.98862 0.80917
vt 0.43851 0.65636
vt 0.43851 0.67316
vt 0.43458 0.65786
vt 0.18271 0.08847
vt 0.18143 0.08463
vt 0.18271 0.07944
vt 0.98862 0.76498
vt 0.98863 0.76283
vt 0.99362 0.76498
vt 0.99371 0.75616
vt 0.98862 0.75616
vt 0.98912 0.75486
vt 0.98945 0.33949
vt 0.99543 0.34143
vt 0.98862 0.34143
vt 0.22165 0.15194
vt 0.22165 0.14291
vt 0.2231 0.14515
vt 0.3664 0.58062
vt 0.36734 0.57528
vt 0.36735 0.58661
vt 0.00092 0.45955
vt 0.00385 0.46829
vt 0.00092 0.47313
vt 0.26195 0.36593
vt 0.40774 0.36593
vt 0.27302 0.37312
vt 0.25231 0.34806
vt 0.25388 0.34324
vt 0.25388 0.35197
vt 0.10001 0.4395
vt 0.09636 0.45967
vt 0.09636 0.42827
vt 0.99253 0.82211
vt 0.99345 0.82345
vt 0.98862 0.82345
vt 0.98862 0.39579
vt 0.99508 0.39579
vt 0.99089 0.39893
vt 0.45885 0.17117
vt 0.45885 0.15936
vt 0.45967 0.16476
vt 0.99662 0.07446
vt 0.99118 0.07745
vt 0.98862 0.07446
vt 0.24618 0.13848
vt 0.24456 0.12429
vt 0.24618 0.12232
vt 0.05909 0.99861
vt 0.05649 0.99925
vt 0.05649 0.99632
vt 0.99177 0.09543
vt 0.99662 0.0977
vt 0.98862 0.09769
vt 0.99423 0.6379
vt 0.98862 0.6379
vt 0.99115 0.63676
vt 0.55171 0.27208
vt 0.55584 0.25538
vt 0.55584 0.27503
vt 0.28273 0.0827
vt 0.27793 0.06934
vt 0.28273 0.06663
vt 0.98862 0.8199
vt 0.98862 0.81717
vt 0.99339 0.81815
vt 0.15771 0.59815
vt 0.14882 0.5916
vt 0.15771 0.57849
vt 0.71314 0.42922
vt 0.71355 0.44428
vt 0.7088 0.44428
vt 0.98862 0.78564
vt 0.99349 0.78564
vt 0.99 0.78879
vt 0.03152 0.99982
vt 0.03152 0.99632
vt 0.03264 0.99681
vt 0.22412 0.11477
vt 0.22887 0.12082
vt 0.22412 0.13079
vt 0.99368 0.72229
vt 0.98862 0.72442
vt 0.98862 0.71975
vt 0.72507 0.29212
vt 0.73086 0.28217
vt 0.73086 0.41159
vt 0.31315 0.77851
vt 0.31927 0.79532
vt 0.3131 0.87318
vt 0.33543 0.4568
vt 0.3385 0.44937
vt 0.3385 0.46159
vt 0.28273 0.33779
vt 0.28 0.3385
vt 0.28 0.32377
vt 0.99442 0.58406
vt 0.99005 0.58581
vt 0.98862 0.58406
vt 0.98862 0.87254
vt 0.99049 0.87092
vt 0.99312 0.87254
vt 0.99292 0.92645
vt 0.98862 0.92645
vt 0.99163 0.92521
vt 0.99175 0.22608
vt 0.99595 0.22817
vt 0.98862 0.22817
vt 0.82317 0.41351
vt 0.81966 0.29402
vt 0.82317 0.28575
vt 0.86549 0.61568
vt 0.86157 0.7347
vt 0.83992 0.61568
vt 0.00925 0.65739
vt 0.01154 0.66146
vt 0.00925 0.66931
vt 0.99261 0.99398
vt 0.99589 0.99563
vt 0.99231 0.99563
vt 0.67316 0.53059
vt 0.67316 0.57507
vt 0.64735 0.53278
vt 0.12808 0.47398
vt 0.13079 0.46334
vt 0.13079 0.47506
vt 0.34555 0.42992
vt 0.35197 0.43861
vt 0.34555 0.45582
vt 0.02978 0.48449
vt 0.0327 0.48805
vt 0.02978 0.49621
vt 0.05216 0.19127
vt 0.05385 0.19284
vt 0.05216 0.20964
vt 0.48451 0.50391
vt 0.48451 0.41933
vt 0.48852 0.48865
vt 0.80833 0.70008
vt 0.80833 0.56287
vt 0.81548 0.57086
vt 0.99108 0.4894
vt 0.98862 0.48725
vt 0.99478 0.48725
vt 0.99262 0.95184
vt 0.98862 0.95184
vt 0.98879 0.95029
vt 0.9924 0.76279
vt 0.98862 0.76078
vt 0.99365 0.76078
vt 0.109 0.33666
vt 0.11155 0.32946
vt 0.11155 0.3385
vt 0.98979 0.64837
vt 0.98862 0.64583
vt 0.99412 0.64583
vt 0.04097 0.9996
vt 0.04097 0.99632
vt 0.04329 0.99656
vt 0.99214 0.58829
vt 0.98862 0.58586
vt 0.99437 0.58586
vt 0.38401 0.29042
vt 0.38401 0.28167
vt 0.38658 0.28205
vt 0.37531 0.52832
vt 0.39043 0.52832
vt 0.38897 0.55007
vt 0.54179 0.18247
vt 0.5443 0.18438
vt 0.54179 0.19425
vt 0.98862 0.39159
vt 0.99515 0.39159
vt 0.9937 0.39389
vt 0.00127 0.25195
vt 0.00127 0.20556
vt 0.00385 0.24363
vt 0.09813 0.36735
vt 0.09813 0.3404
vt 0.10194 0.34196
vt 0.04616 0.21156
vt 0.0424 0.20518
vt 0.04616 0.18193
vt 0.7424 0.20195
vt 0.73812 0.20035
vt 0.7424 0.18649
vt 0.99437 0.59529
vt 0.99131 0.59739
vt 0.98862 0.59529
vt 0.81149 0.13463
vt 0.81149 0.00039
vt 0.81548 0.13266
vt 0.22698 0.69352
vt 0.22887 0.70274
vt 0.22698 0.70393
vt 0.56576 0.71924
vt 0.57122 0.72251
vt 0.56576 0.7347
vt 0.99297 0.40062
vt 0.98862 0.39898
vt 0.99513 0.39898
vt 0.46159 0.67619
vt 0.45753 0.677
vt 0.45753 0.66164
vt 0.57121 0.71162
vt 0.56688 0.71005
vt 0.57122 0.69582
vt 0.65071 0.7189
vt 0.65585 0.72007
vt 0.65071 0.7347
vt 0.67316 0.57507
vt 0.64782 0.53839
vt 0.64735 0.53278
vt 0.28047 0.37649
vt 0.28273 0.38186
vt 0.28047 0.40005
vt 0.03993 0.99632
vt 0.04092 0.99718
vt 0.03993 0.99968
vt 0.01923 0.72509
vt 0.01819 0.71834
vt 0.01923 0.7136
vt 0.99619 0.18434
vt 0.98862 0.18434
vt 0.99491 0.18185
vt 0.99094 0.93881
vt 0.99282 0.94023
vt 0.98862 0.94023
vt 0.8193 0.13463
vt 0.8193 0.00132
vt 0.82317 0.12737
vt 0.17165 0.19041
vt 0.17165 0.17137
vt 0.17502 0.17295
vt 0.63661 0.01502
vt 0.62989 0.01731
vt 0.62989 0.00006
vt 0.42427 0.27503
vt 0.42427 0.25953
vt 0.43274 0.27397
vt 0.98862 0.39393
vt 0.99517 0.39393
vt 0.99119 0.39575
vt 0.35966 0.06347
vt 0.35601 0.06347
vt 0.35821 0.04817
vt 0.43082 0.62321
vt 0.43082 0.64046
vt 0.42711 0.62398
vt 0.2796 0.6193
vt 0.2796 0.60122
vt 0.28273 0.61594
vt 0.47715 0.49429
vt 0.47715 0.40971
vt 0.48275 0.41584
vt 0.99556 0.0175
vt 0.98862 0.01529
vt 0.99693 0.01529
vt 0.993 0.3703
vt 0.99536 0.3716
vt 0.98862 0.3716
vt 0.98862 0.36082
vt 0.99536 0.35852
vt 0.99536 0.36086
vt 0.99493 0.43368
vt 0.98862 0.43368
vt 0.99093 0.43089
vt 0.36158 0.32635
vt 0.36158 0.33466
vt 0.35835 0.32819
vt 0.99417 0.64376
vt 0.991 0.64578
vt 0.98862 0.64376
vt 0.99539 0.3624
vt 0.98862 0.3624
vt 0.98926 0.3609
vt 0.76579 0.48433
vt 0.77317 0.35104
vt 0.77317 0.48852
vt 0.00769 0.64253
vt 0.00769 0.65969
vt 0.00619 0.6452
vt 0.98862 0.23045
vt 0.98882 0.22822
vt 0.99591 0.23045
vt 0.98862 0.99095
vt 0.99233 0.99095
vt 0.99123 0.99394
vt 0.43082 0.62123
vt 0.42587 0.62123
vt 0.4263 0.60275
vt 0.99125 0.45966
vt 0.98862 0.45726
vt 0.99491 0.45726
vt 0.39761 0.0479
vt 0.40389 0.0479
vt 0.40377 0.06347
vt 0.99042 0.55319
vt 0.98862 0.55135
vt 0.99455 0.55135
vt 0.9959 0.22603
vt 0.98862 0.22603
vt 0.99328 0.22279
vt 0.01098 0.99632
vt 0.01402 0.9983
vt 0.01098 0.99986
vt 0.33081 0.10021
vt 0.33081 0.10963
vt 0.32867 0.107
vt 0.99541 0.35303
vt 0.98862 0.35303
vt 0.99374 0.35137
vt 0.99261 0.94764
vt 0.98862 0.94764
vt 0.99037 0.94588
vt 0.99648 0.13781
vt 0.99648 0.13935
vt 0.98862 0.13786
vt 0.99668 0.06706
vt 0.98862 0.06706
vt 0.99236 0.06501
vt 0.98862 0.15387
vt 0.98862 0.15101
vt 0.99632 0.1517
vt 0.98862 0.1035
vt 0.99636 0.1035
vt 0.98885 0.11032
vt 0.98862 0.26146
vt 0.99264 0.25977
vt 0.99576 0.26146
vt 0.43851 0.12309
vt 0.43473 0.10033
vt 0.43851 0.09672
vt 0.98862 0.1936
vt 0.99424 0.19184
vt 0.99616 0.1936
vt 0.10578 0.32113
vt 0.09896 0.33658
vt 0.09771 0.32113
vt 0.66224 0.17187
vt 0.66739 0.17077
vt 0.66739 0.18079
vt 0.30876 0.73278
vt 0.30876 0.72275
vt 0.31158 0.7266
vt 0.25591 0.33274
vt 0.26734 0.34616
vt 0.25591 0.35581
vt 0.04695 0.66257
vt 0.04808 0.65908
vt 0.04808 0.66931
vt 0.98862 0.65959
vt 0.99411 0.65959
vt 0.9919 0.66094
vt 0.13284 0.46326
vt 0.13463 0.46944
vt 0.13284 0.47313
vt 0.47338 0.27503
vt 0.47338 0.13568
vt 0.48083 0.27228
vt 0.33273 0.61514
vt 0.32851 0.61738
vt 0.32851 0.60195
vt 0.9965 0.08897
vt 0.98862 0.08897
vt 0.99306 0.08373
vt 0.06956 0.99891
vt 0.06777 0.99891
vt 0.06831 0.99632
vt 0.33923 0.25482
vt 0.3462 0.25191
vt 0.3462 0.26734
vt 0.03919 0.22503
vt 0.03919 0.1707
vt 0.04231 0.17559
vt 0.99319 0.84848
vt 0.98862 0.84708
vt 0.99319 0.84522
vt 0.9932 0.85405
vt 0.98862 0.85405
vt 0.99057 0.85216
vt 0.33944 0.07389
vt 0.34043 0.08847
vt 0.33727 0.08847
vt 0.01406 0.9998
vt 0.01406 0.99632
vt 0.01722 0.99772
vt 0.98862 0.6698
vt 0.98981 0.66671
vt 0.99401 0.6698
vt 0.99069 0.37025
vt 0.98862 0.3685
vt 0.99534 0.3685
vt 0.98862 0.83592
vt 0.9934 0.83592
vt 0.99174 0.83714
vt 0.99305 0.88277
vt 0.99092 0.88424
vt 0.98862 0.88277
vt 0.99087 0.37434
vt 0.99525 0.37668
vt 0.98862 0.37668
vt 0.99241 0.98054
vt 0.98862 0.98054
vt 0.98939 0.97792
vt 0.90011 0.17618
vt 0.90011 0.26926
vt 0.89285 0.20314
vt 0.98862 0.37672
vt 0.99513 0.37703
vt 0.98862 0.38116
vt 0.59238 0.47019
vt 0.5866 0.47506
vt 0.5866 0.4634
vt 0.46929 0.27311
vt 0.46187 0.13583
vt 0.46929 0.13315
vt 0.49237 0.75009
vt 0.3352 0.75009
vt 0.36112 0.70328
vt 0.01443 0.24736
vt 0.01731 0.2558
vt 0.01428 0.2558
vt 0.99052 0.49855
vt 0.98862 0.49599
vt 0.99471 0.49599
vt 0.15771 0.44313
vt 0.15495 0.45582
vt 0.15495 0.43744
vt 0.99408 0.48386
vt 0.99479 0.48657
vt 0.98862 0.48657
vt 0.12594 0.35389
vt 0.12594 0.3449
vt 0.12694 0.34978
vt 0.99633 0.1548
vt 0.99347 0.15678
vt 0.98862 0.1548
vt 0.27888 0.59018
vt 0.27246 0.6847
vt 0.27246 0.58711
vt 0.99271 0.67961
vt 0.98862 0.67455
vt 0.99386 0.67455
vt 0.815 0.28196
vt 0.81933 0.36048
vt 0.815 0.41543
vt 0.00013 0.76163
vt 0.00013 0.62493
vt 0.01923 0.75479
vt 0.70585 0.18271
vt 0.5564 0.03793
vt 0.70585 0.0002
vt 0.9948 0.48944
vt 0.99246 0.49111
vt 0.98862 0.48944
vt 0.03462 0.67099
vt 0.03462 0.80779
vt 0.02539 0.80489
vt 0.58072 0.70778
vt 0.58072 0.69277
vt 0.58276 0.70272
vt 0.21349 0.29364
vt 0.21349 0.30581
vt 0.206 0.30235
vt 0.99569 0.26743
vt 0.99316 0.26954
vt 0.98862 0.26743
vt 0.13083 0.34106
vt 0.13271 0.34694
vt 0.13083 0.35004
vt 0.99461 0.52772
vt 0.99093 0.52948
vt 0.98862 0.52772
vt 0.36083 0.57404
vt 0.36543 0.57583
vt 0.36083 0.59238
vt 0.23955 0.61353
vt 0.23955 0.59441
vt 0.24234 0.59541
vt 0.71363 0.00142
vt 0.71739 0.00255
vt 0.71363 0.01731
vt 0.98862 0.17857
vt 0.98862 0.17311
vt 0.99606 0.17366
vt 0.6517 0.56738
vt 0.64957 0.55034
vt 0.65392 0.55034
vt 0.06418 0.60388
vt 0.06732 0.6041
vt 0.06418 0.72316
vt 0.55391 0.23468
vt 0.55391 0.2558
vt 0.5532 0.23826
vt 0.17383 0.22887
vt 0.17383 0.21142
vt 0.18079 0.21619
vt 0.98862 0.95025
vt 0.98899 0.94769
vt 0.99257 0.95025
vt 0.36735 0.34297
vt 0.36735 0.35389
vt 0.3599 0.35021
vt 0.99363 0.77081
vt 0.98962 0.77249
vt 0.98862 0.77081
vt 0.05385 0.6947
vt 0.05339 0.69816
vt 0.05339 0.68255
vt 0.98862 0.01889
vt 0.99126 0.01754
vt 0.99693 0.01889
vt 0.36799 0.41806
vt 0.36927 0.42376
vt 0.36799 0.43082
vt 0.99593 0.23885
vt 0.98862 0.23885
vt 0.99111 0.23831
vt 0.21926 0.652
vt 0.21721 0.63758
vt 0.21926 0.63484
vt 0.99555 0.31812
vt 0.98862 0.31812
vt 0.99296 0.31673
vt 0.98862 0.60358
vt 0.99435 0.60358
vt 0.99045 0.60584
vt 0.98862 0.85409
vt 0.99317 0.85409
vt 0.99232 0.85648
vt 0.45372 0.27503
vt 0.45372 0.13346
vt 0.45775 0.14898
vt 0.60148 0.2341
vt 0.60199 0.22414
vt 0.60199 0.24234
vt 0.98974 0.84069
vt 0.98862 0.83908
vt 0.99331 0.83908
vt 0.02214 0.24618
vt 0.02214 0.14352
vt 0.025 0.17487
vt 0.05192 0.25901
vt 0.05385 0.27709
vt 0.05192 0.2885
vt 0.98862 0.23049
vt 0.99596 0.23049
vt 0.99277 0.23139
vt 0.5443 0.25654
vt 0.54289 0.27119
vt 0.54289 0.2527
vt 0.22215 0.65777
vt 0.22215 0.64022
vt 0.2231 0.6533
vt 0.2231 0.62123
vt 0.22061 0.60653
vt 0.2231 0.60267
vt 0.9966 0.10039
vt 0.98862 0.10039
vt 0.99155 0.09774
vt 0.3635 0.08847
vt 0.35836 0.08792
vt 0.3635 0.07276
vt 0.9932 0.86242
vt 0.9899 0.86357
vt 0.98862 0.86242
vt 0.99382 0.70435
vt 0.98862 0.70435
vt 0.99236 0.70063
vt 0.99467 0.51266
vt 0.98862 0.51266
vt 0.98972 0.5111
vt 0.06155 0.70828
vt 0.06155 0.72316
vt 0.05755 0.72088
vt 0.55584 0.86356
vt 0.55258 0.79712
vt 0.55584 0.78506
vt 0.98862 0.93332
vt 0.99069 0.93185
vt 0.99283 0.93332
vt 0.98862 0.71042
vt 0.99389 0.71042
vt 0.99274 0.71158
vt 0.00002 0.99998
vt 0.00002 0.99632
vt 0.00251 0.99904
vt 0.72594 0.49044
vt 0.72594 0.47556
vt 0.72893 0.48917
vt 0.98897 0.74068
vt 0.98862 0.73721
vt 0.99367 0.73721
vt 0.01788 0.71162
vt 0.01788 0.69714
vt 0.01923 0.69905
vt 0.98889 0.99398
vt 0.99227 0.99544
vt 0.98862 0.99544
vt 0.08375 0.43467
vt 0.0836 0.42074
vt 0.08655 0.42074
vt 0.99296 0.90593
vt 0.98862 0.90593
vt 0.99214 0.90442
vt 0.98862 0.96226
vt 0.99257 0.96226
vt 0.99074 0.96376
vt 0.99228 0.95634
vt 0.99253 0.95898
vt 0.98862 0.95898
vt 0.98862 0.56612
vt 0.9932 0.56398
vt 0.99449 0.56612
vt 0.99037 0.86362
vt 0.99318 0.8652
vt 0.98862 0.8652
vt 0.98862 0.76769
vt 0.99356 0.76769
vt 0.99085 0.77076
vt 0.99197 0.63465
vt 0.98862 0.63367
vt 0.99427 0.63367
vt 0.59685 0.4032
vt 0.59815 0.39878
vt 0.59815 0.40966
vt 0.09456 0.42262
vt 0.24426 0.42262
vt 0.10482 0.43467
vt 0.56843 0.45923
vt 0.57122 0.4469
vt 0.57122 0.45967
vt 0.72893 0.41159
vt 0.72381 0.404
vt 0.72893 0.4007
vt 0.98907 0.68332
vt 0.98862 0.67965
vt 0.99389 0.67965
vt 0.47158 0.29848
vt 0.4789 0.30544
vt 0.47158 0.32119
vt 0.43851 0.31012
vt 0.28701 0.3385
vt 0.27717 0.31012
vt 0.34794 0.25844
vt 0.35197 0.27166
vt 0.34794 0.27311
vt 0.11227 0.28164
vt 0.11348 0.28633
vt 0.11227 0.29234
vt 0.98862 0.89895
vt 0.99293 0.89895
vt 0.99127 0.90131
vt 0.991 0.97169
vt 0.99244 0.97419
vt 0.98862 0.97419
vt 0.72509 0.35004
vt 0.72151 0.34856
vt 0.72509 0.33521
vt 0.14617 0.59815
vt 0.13759 0.59815
vt 0.14587 0.5824
vt 0.61017 0.09419
vt 0.61161 0.10158
vt 0.61017 0.11155
vt 0.99358 0.77507
vt 0.98862 0.77507
vt 0.99072 0.77254
vt 0.03963 0.26857
vt 0.04424 0.25555
vt 0.04424 0.27119
vt 0.30238 0.48562
vt 0.30773 0.48835
vt 0.30238 0.50391
vt 0.98862 0.20289
vt 0.99607 0.20289
vt 0.99275 0.20582
vt 0.43659 0.01539
vt 0.43123 0.01213
vt 0.43659 0.00104
vt 0.99243 0.36475
vt 0.98862 0.36244
vt 0.99534 0.36244
vt 0.99066 0.63184
vt 0.99424 0.63362
vt 0.98862 0.63362
vt 0.99302 0.88429
vt 0.98878 0.88618
vt 0.98862 0.88429
vt 0.99443 0.5784
vt 0.98862 0.5784
vt 0.99059 0.57614
vt 0.48083 0.24041
vt 0.47764 0.14389
vt 0.48083 0.14284
vt 0.26349 0.13822
vt 0.26349 0.15386
vt 0.26016 0.1524
vt 0.99154 0.88119
vt 0.99307 0.88273
vt 0.98862 0.88273
vt 0.5906 0.42592
vt 0.5943 0.40851
vt 0.5943 0.4289
vt 0.99488 0.47975
vt 0.98862 0.47975
vt 0.99073 0.47822
vt 0.99305 0.86862
vt 0.98862 0.86862
vt 0.99153 0.86525
vt 0.00758 0.99968
vt 0.01093 0.99632
vt 0.01093 0.99987
vt 0.99198 0.3142
vt 0.99557 0.31534
vt 0.98862 0.31534
vt 0.11925 0.73047
vt 0.11925 0.74624
vt 0.11469 0.74431
vt 0.03886 0.01049
vt 0.05001 0.00006
vt 0.05001 0.02308
vt 0.48467 0.17316
vt 0.48467 0.19618
vt 0.48215 0.19339
vt 0.31158 0.30637
vt 0.3038 0.30773
vt 0.3038 0.29265
vt 0.98862 0.18872
vt 0.99489 0.18758
vt 0.99625 0.18872
vt 0.12076 0.34806
vt 0.12309 0.35039
vt 0.12077 0.35773
vt 0.32312 0.10578
vt 0.32209 0.09982
vt 0.32312 0.09639
vt 0.85779 0.26157
vt 0.85444 0.14349
vt 0.85779 0.14339
vt 0.27947 0.63277
vt 0.27947 0.62194
vt 0.28273 0.62755
vt 0.65585 0.51385
vt 0.65185 0.52891
vt 0.65185 0.51205
vt 0.22156 0.69431
vt 0.22156 0.67768
vt 0.22503 0.69341
vt 0.9937 0.74576
vt 0.99043 0.74785
vt 0.98862 0.74576
vt 0.99632 0.15908
vt 0.99078 0.16098
vt 0.98862 0.15908
vt 0.68428 0.57891
vt 0.68428 0.56206
vt 0.68854 0.5633
vt 0.99465 0.52008
vt 0.99207 0.52161
vt 0.98862 0.52008
vt 0.02046 0.99658
vt 0.02353 0.99632
vt 0.02353 0.99978
vt 0.16348 0.2885
vt 0.15889 0.27464
vt 0.16348 0.27291
vt 0.3433 0.02342
vt 0.3462 0.01449
vt 0.3462 0.025
vt 0.98862 0.98344
vt 0.99244 0.98344
vt 0.99111 0.98486
vt 0.98862 0.47175
vt 0.99187 0.46984
vt 0.9949 0.47175
vt 0.06732 0.69536
vt 0.06666 0.70585
vt 0.06666 0.6905
vt 0.99334 0.83587
vt 0.98862 0.83587
vt 0.98878 0.83312
vt 0.98862 0.3743
vt 0.99168 0.37407
vt 0.99537 0.3743
vt 0.9925 0.68831
vt 0.99403 0.6891
vt 0.98862 0.6891
vt 0.07195 0.99781
vt 0.06961 0.9987
vt 0.06961 0.99632
vt 0.07199 0.99702
vt 0.07345 0.99632
vt 0.07345 0.99871
vt 0.45198 0.17117
vt 0.45032 0.16898
vt 0.45198 0.15798
vt 0.99423 0.62654
vt 0.98862 0.62654
vt 0.9902 0.62435
vt 0.20195 0.55007
vt 0.19971 0.54606
vt 0.20195 0.53923
vt 0.00753 0.99994
vt 0.00514 0.99994
vt 0.00558 0.99632
vt 0.0736 0.65969
vt 0.0736 0.64835
vt 0.07501 0.65064
vt 0.98862 0.714
vt 0.98887 0.71163
vt 0.99382 0.714
vt 0.30388 0.35197
vt 0.30196 0.34708
vt 0.30388 0.34253
vt 0.9903 0.67211
vt 0.99408 0.67326
vt 0.98862 0.67326
vt 0.98862 0.33095
vt 0.99396 0.32977
vt 0.99552 0.33095
vt 0.99356 0.80012
vt 0.99092 0.80134
vt 0.98862 0.80012
vt 0.98862 0.84406
vt 0.99332 0.84406
vt 0.99024 0.84518
vt 0.34042 0.23949
vt 0.34235 0.25166
vt 0.34042 0.25195
vt 0.04578 0.25875
vt 0.05001 0.25005
vt 0.05001 0.27888
vt 0.54759 0.29579
vt 0.54814 0.30773
vt 0.54094 0.30773
vt 0.99285 0.92517
vt 0.98862 0.92367
vt 0.99285 0.92242
vt 0.5134 0.61954
vt 0.52314 0.62913
vt 0.5134 0.63469
vt 0.85202 0.87416
vt 0.84528 0.90972
vt 0.84528 0.85984
vt 0.43708 0.63181
vt 0.44621 0.57909
vt 0.44621 0.68085
vt 0.82888 0.70434
vt 0.83856 0.62794
vt 0.83856 0.73278
vt 0.98862 0.20918
vt 0.99607 0.21069
vt 0.98862 0.21142
vt 0.99383 0.73086
vt 0.98862 0.73086
vt 0.99226 0.72969
vt 0.677 0.19041
vt 0.67611 0.17977
vt 0.677 0.1735
vt 0.64046 0.14617
vt 0.63961 0.1413
vt 0.64046 0.13426
vt 0.25743 0.62774
vt 0.26926 0.59288
vt 0.26926 0.63661
vt 0.29925 0.48482
vt 0.30004 0.49281
vt 0.29925 0.50583
vt 0.55761 0.84241
vt 0.55761 0.80735
vt 0.55968 0.83038
vt 0.59815 0.66546
vt 0.59584 0.65855
vt 0.59815 0.6555
vt 0.73259 0.37147
vt 0.74432 0.38273
vt 0.73259 0.40582
vt 0.21019 0.14425
vt 0.21019 0.11554
vt 0.21156 0.12841
vt 0.98862 0.15475
vt 0.99099 0.15391
vt 0.99642 0.15475
vt 0.11059 0.45967
vt 0.11059 0.43534
vt 0.11155 0.45197
vt 0.15676 0.27113
vt 0.15771 0.28297
vt 0.15676 0.29427
vt 0.04039 0.44044
vt 0.03967 0.43408
vt 0.04039 0.42584
vt 0.63118 0.17671
vt 0.63277 0.17057
vt 0.63277 0.18848
vt 0.9914 0.60354
vt 0.98862 0.59873
vt 0.99422 0.59873
vt 0.08078 0.44621
vt 0.08001 0.44192
vt 0.08078 0.42313
vt 0.2231 0.63408
vt 0.22198 0.64623
vt 0.22198 0.62926
vt 0.44882 0.26298
vt 0.45005 0.25
vt 0.45005 0.26926
vt 0.11631 0.60969
vt 0.11631 0.59214
vt 0.11732 0.6075
vt 0.23758 0.68114
vt 0.23849 0.67047
vt 0.23849 0.68662
vt 0.62594 0.12482
vt 0.627 0.12015
vt 0.627 0.13463
vt 0.31927 0.05069
vt 0.31819 0.0577
vt 0.31819 0.04648
vt 0.26734 0.11351
vt 0.26324 0.11732
vt 0.26324 0.09736
vt 0.66529 0.37889
vt 0.66529 0.36299
vt 0.66739 0.37317
vt 0.20579 0.12198
vt 0.20579 0.1404
vt 0.20471 0.13295
vt 0.18848 0.15276
vt 0.18848 0.17117
vt 0.18774 0.16288
vt 0.98862 0.00268
vt 0.9969 0.00268
vt 0.9902 0.0062
vt 0.04808 0.47574
vt 0.04808 0.49621
vt 0.04715 0.48755
vt 0.45011 0.15963
vt 0.45011 0.13426
vt 0.45198 0.15055
vt 0.72124 0.47506
vt 0.71805 0.46668
vt 0.72124 0.45923
vt 0.55036 0.1432
vt 0.55198 0.1404
vt 0.55199 0.16156
vt 0.6031 0.21995
vt 0.60392 0.20927
vt 0.60392 0.22887
vt 0.08078 0.02034
vt 0.07927 0.03462
vt 0.07927 0.0113
vt 0.61829 0.28465
vt 0.61829 0.26727
vt 0.62315 0.27758
vt 0.51321 0.05099
vt 0.51545 0.04809
vt 0.51545 0.06732
vt 0.60387 0.23449
vt 0.60576 0.24249
vt 0.60387 0.25372
vt 0.00673 0.27732
vt 0.00673 0.47313
vt 0.0018 0.45046
vt 0.60576 0.24249
vt 0.60584 0.25388
vt 0.60387 0.25372
vt 0.02885 0.09411
vt 0.02885 0.11732
vt 0.02352 0.11055
vt 0.25965 0.35874
vt 0.25965 0.36735
vt 0.25771 0.3617
vt 0.99229 0.51766
vt 0.99461 0.52004
vt 0.98862 0.52004
vt 0.27581 0.4847
vt 0.27696 0.47873
vt 0.27696 0.49044
vt 0.18464 0.18715
vt 0.18318 0.19425
vt 0.18318 0.18475
vt 0.99422 0.23737
vt 0.99592 0.23826
vt 0.98862 0.23826
vt 0.98862 0.47818
vt 0.99069 0.47731
vt 0.99492 0.47818
vt 0.27696 0.28707
vt 0.2758 0.29427
vt 0.2758 0.28516
vt 0.99299 0.51271
vt 0.9947 0.51357
vt 0.98862 0.51357
vt 0.18187 0.20822
vt 0.18271 0.21278
vt 0.18187 0.21733
vt 0.99352 0.27052
vt 0.98862 0.26959
vt 0.99572 0.26959
vt 0.99323 0.19544
vt 0.98862 0.19365
vt 0.99616 0.19365
vt 0.99612 0.19179
vt 0.98862 0.19179
vt 0.99186 0.18877
vt 0.99337 0.02827
vt 0.99509 0.02389
vt 0.99676 0.02657
vt 0.99137 0.02389
vt 0.98862 0.0272
vt 0.98864 0.54106
vt 0.98862 0.53727
vt 0.99437 0.53895
vt 0.9945 0.54106
vt 0.34678 0.72124
vt 0.34678 0.70843
vt 0.35311 0.70601
vt 0.35389 0.71205
vt 0.56353 0.07236
vt 0.56858 0.07807
vt 0.56161 0.07886
vt 0.57032 0.05782
vt 0.57699 0.06711
vt 0.57576 0.07398
vt 0.57148 0.07834
vt 0.57346 0.05805
vt 0.56857 0.0548
vt 0.56161 0.05473
vt 0.121 0.43771
vt 0.11831 0.44388
vt 0.11348 0.43729
vt 0.12635 0.44568
vt 0.12729 0.44008
vt 0.12886 0.44402
vt 0.11916 0.44842
vt 0.12441 0.4532
vt 0.11768 0.45164
vt 0.11767 0.45568
vt 0.11348 0.45967
vt 0.71352 0.25634
vt 0.71224 0.2448
vt 0.71547 0.24915
vt 0.71507 0.25659
vt 0.71224 0.26157
vt 0.06924 0.00744
vt 0.0676 0.00962
vt 0.06924 0.00047
vt 0.06717 0.00585
vt 0.03462 0.23395
vt 0.03332 0.23657
vt 0.03265 0.23029
vt 0.03462 0.22694
vt 0.52289 0.13603
vt 0.52506 0.14425
vt 0.5231 0.14301
vt 0.52506 0.13434
vt 0.25975 0.60631
vt 0.26157 0.60693
vt 0.25975 0.61161
vt 0.26108 0.60075
vt 0.06008 0.69233
vt 0.06155 0.69421
vt 0.06071 0.69816
vt 0.06155 0.68676
vt 0.63791 0.71865
vt 0.63813 0.72384
vt 0.63284 0.71551
vt 0.63262 0.72387
vt 0.62773 0.71519
vt 0.62843 0.7206
vt 0.62537 0.71885
vt 0.63237 0.73014
vt 0.64291 0.73179
vt 0.63285 0.73797
vt 0.6419 0.74192
vt 0.64431 0.73893
vt 0.63336 0.74261
vt 0.63773 0.74725
vt 0.63256 0.75012
vt 0.6356 0.75012
vt 0.62881 0.74925
vt 0.62698 0.75394
vt 0.62537 0.75088
vt 0.06155 0.67907
vt 0.06037 0.68277
vt 0.05962 0.67517
vt 0.06155 0.67297
vt 0.05997 0.66779
vt 0.33107 0.02657
vt 0.33658 0.02165
vt 0.33038 0.03077
vt 0.33658 0.02875
vt 0.43274 0.93088
vt 0.42548 0.92727
vt 0.42555 0.92598
vt 0.32312 0.79186
vt 0.32209 0.80134
vt 0.32047 0.79953
vt 0.18271 0.7764
vt 0.17915 0.77702
vt 0.18271 0.76781
vt 0.17788 0.76758
vt 0.174 0.77683
vt 0.17329 0.76729
vt 0.35774 0.75168
vt 0.35774 0.76163
vt 0.35317 0.7539
vt 0.3496 0.7545
vt 0.99058 0.06178
vt 0.99549 0.06496
vt 0.98862 0.06496
vt 0.99663 0.06353
vt 0.02005 0.75894
vt 0.01477 0.76776
vt 0.01477 0.7582
vt 0.02308 0.76932
vt 0.38786 0.35183
vt 0.38786 0.34346
vt 0.39234 0.35197
vt 0.3962 0.3428
vt 0.25161 0.42224
vt 0.25195 0.43082
vt 0.24847 0.42253
vt 0.24558 0.43082
vt 0.60025 0.72318
vt 0.62315 0.71144
vt 0.62315 0.73956
vt 0.59723 0.74073
vt 0.60315 0.75156
vt 0.61941 0.75699
vt 0.58703 0.73017
vt 0.58872 0.71931
vt 0.59146 0.74621
vt 0.58847 0.74165
vt 0.59289 0.75496
vt 0.59709 0.75839
vt 0.60149 0.76126
vt 0.614 0.76244
vt 0.60148 0.76527
vt 0.59813 0.76411
vt 0.61488 0.76652
vt 0.60694 0.77547
vt 0.59733 0.77491
vt 0.61526 0.77681
vt 0.60465 0.7924
vt 0.95197 0.79794
vt 0.95237 0.80926
vt 0.94503 0.81768
vt 0.95462 0.79247
vt 0.96465 0.78984
vt 0.9545 0.78053
vt 0.96622 0.80706
vt 0.96088 0.82125
vt 0.96698 0.81074
vt 0.96686 0.80627
vt 0.96798 0.80086
vt 0.97393 0.79028
vt 0.96042 0.7794
vt 0.96588 0.78201
vt 0.95243 0.77205
vt 0.9513 0.77602
vt 0.94503 0.76469
vt 0.96251 0.77202
vt 0.95294 0.76309
vt 0.9687 0.76669
vt 0.97298 0.78218
vt 0.98089 0.78153
vt 0.97604 0.77731
vt 0.97973 0.77089
vt 0.25058 0.48336
vt 0.25396 0.49546
vt 0.24848 0.49009
vt 0.25772 0.50006
vt 0.25772 0.47876
vt 0.25138 0.47511
vt 0.04616 0.47645
vt 0.04496 0.48499
vt 0.04254 0.48137
vt 0.0427 0.49385
vt 0.04616 0.49814
vt 0.52098 0.00578
vt 0.52314 0.00071
vt 0.52259 0.00646
vt 0.52314 0.01346
vt 0.72509 0.61738
vt 0.72392 0.6137
vt 0.72509 0.60298
vt 0.72381 0.60807
vt 0.26745 0.37249
vt 0.26926 0.37563
vt 0.26741 0.38484
vt 0.26926 0.38658
vt 0.56353 0.27027
vt 0.56267 0.26584
vt 0.56353 0.2576
vt 0.5629 0.27696
vt 0.00577 0.62276
vt 0.00476 0.6332
vt 0.00323 0.63222
vt 0.00576 0.64046
vt 0.38274 0.00915
vt 0.37858 0.00962
vt 0.38274 0.00078
vt 0.38001 0.00096
vt 0.54814 0.94376
vt 0.53593 0.94351
vt 0.54159 0.93779
vt 0.52048 0.93328
vt 0.53299 0.92896
vt 0.52266 0.94658
vt 0.52629 0.94967
vt 0.52368 0.95397
vt 0.51709 0.958
vt 0.52133 0.96274
vt 0.52366 0.97127
vt 0.50276 0.9528
vt 0.50395 0.96668
vt 0.49553 0.95797
vt 0.49309 0.96549
vt 0.48692 0.96171
vt 0.49215 0.97127
vt 0.50088 0.9414
vt 0.4989 0.95276
vt 0.49812 0.92015
vt 0.51324 0.91711
vt 0.50466 0.91804
vt 0.51524 0.91355
vt 0.52996 0.90376
vt 0.53514 0.9072
vt 0.53739 0.90239
vt 0.52727 0.91393
vt 0.53729 0.91161
vt 0.5414 0.91653
vt 0.54691 0.916
vt 0.94769 0.49309
vt 0.93825 0.47455
vt 0.94558 0.4816
vt 0.94399 0.4891
vt 0.94519 0.50131
vt 0.94405 0.5136
vt 0.94819 0.50544
vt 0.94533 0.5205
vt 0.93988 0.52621
vt 0.93825 0.53468
vt 0.01831 0.50944
vt 0.02127 0.51044
vt 0.01829 0.51929
vt 0.01982 0.49704
vt 0.02308 0.48958
vt 0.01829 0.48003
vt 0.01982 0.47354
vt 0.05193 0.43341
vt 0.04788 0.44188
vt 0.04788 0.42442
vt 0.05115 0.44236
vt 0.04905 0.45198
vt 0.95204 0.71932
vt 0.9485 0.70023
vt 0.95037 0.70303
vt 0.94797 0.69128
vt 0.95063 0.6821
vt 0.9487 0.68057
vt 0.95034 0.67265
vt 0.95204 0.67286
vt 0.32671 0.46352
vt 0.3385 0.44387
vt 0.33242 0.45893
vt 0.32671 0.44006
vt 0.33511 0.43171
vt 0.33792 0.43827
vt 0.55654 0.87126
vt 0.55951 0.8548
vt 0.55946 0.86043
vt 0.56316 0.84047
vt 0.56131 0.83503
vt 0.56444 0.82558
vt 0.56689 0.82728
vt 0.56336 0.81652
vt 0.56575 0.81858
vt 0.5683 0.81372
vt 0.57427 0.80593
vt 0.56739 0.80732
vt 0.57699 0.80426
vt 0.56528 0.80152
vt 0.56328 0.79668
vt 0.5632 0.79604
vt 0.55987 0.78787
vt 0.56012 0.78887
vt 0.55654 0.77951
vt 0.85975 0.03012
vt 0.87335 0.02285
vt 0.8775 0.04877
vt 0.87834 0.03156
vt 0.88692 0.0575
vt 0.88033 0.07741
vt 0.87994 0.0203
vt 0.87443 0.00774
vt 0.86926 0.01148
vt 0.87156 0.06748
vt 0.87434 0.05203
vt 0.8692 0.04125
vt 0.86919 0.04832
vt 0.87048 0.06092
vt 0.87852 0.01012
vt 0.87924 0.00488
vt 0.87209 0.00153
vt 0.88778 0.01626
vt 0.89583 0.02079
vt 0.88772 0.02487
vt 0.89161 0.02426
vt 0.90549 0.03759
vt 0.90039 0.02636
vt 0.90116 0.03682
vt 0.88755 0.02966
vt 0.90311 0.04742
vt 0.90725 0.04937
vt 0.9078 0.05225
vt 0.88302 0.04208
vt 0.8986 0.03994
vt 0.88774 0.05339
vt 0.89567 0.05198
vt 0.90473 0.05689
vt 0.90599 0.0674
vt 0.90374 0.06552
vt 0.90362 0.07353
vt 0.90078 0.07445
vt 0.89968 0.08265
vt 0.89385 0.09074
vt 0.89908 0.0584
vt 0.89038 0.05959
vt 0.8995 0.06353
vt 0.88857 0.06404
vt 0.88583 0.07073
vt 0.88769 0.08109
vt 0.87083 0.091
vt 0.86941 0.07954
vt 0.86591 0.07592
vt 0.8816 0.0869
vt 0.89271 0.08564
vt 0.88823 0.09125
vt 0.88499 0.10021
vt 0.87684 0.09921
vt 0.8736 0.1083
vt 0.85975 0.11155
vt 0.94819 0.15963
vt 0.93924 0.142
vt 0.94163 0.13783
vt 0.93872 0.12912
vt 0.94167 0.12781
vt 0.94206 0.12154
vt 0.94093 0.11341
vt 0.94819 0.09789
vt 0.87608 0.92212
vt 0.88003 0.93151
vt 0.87702 0.92628
vt 0.88122 0.93688
vt 0.88446 0.92815
vt 0.88948 0.92656
vt 0.88725 0.9345
vt 0.89202 0.93919
vt 0.89446 0.92825
vt 0.88801 0.94693
vt 0.89745 0.94146
vt 0.89109 0.95541
vt 0.87578 0.95404
vt 0.87438 0.95122
vt 0.86906 0.95431
vt 0.87799 0.95611
vt 0.87233 0.9614
vt 0.88661 0.95729
vt 0.88035 0.96148
vt 0.86906 0.97202
vt 0.89252 0.96322
vt 0.90588 0.97896
vt 0.8841 0.97086
vt 0.88056 0.96926
vt 0.87651 0.97542
vt 0.8716 0.97724
vt 0.66701 0.73006
vt 0.67013 0.72416
vt 0.67086 0.72848
vt 0.67165 0.739
vt 0.67477 0.75778
vt 0.67506 0.75101
vt 0.67503 0.73622
vt 0.68085 0.72594
vt 0.67959 0.74185
vt 0.68085 0.74084
vt 0.96813 0.41437
vt 0.96384 0.41736
vt 0.96908 0.40013
vt 0.97127 0.40392
vt 0.96822 0.37866
vt 0.96992 0.37418
vt 0.96735 0.36686
vt 0.96384 0.36696
vt 0.50006 0.46929
vt 0.49751 0.46457
vt 0.49947 0.46067
vt 0.49757 0.46167
vt 0.50006 0.44741
vt 0.53024 0.72813
vt 0.53132 0.72301
vt 0.53468 0.73473
vt 0.53243 0.73923
vt 0.53402 0.75505
vt 0.53024 0.75778
vt 0.33755 0.60007
vt 0.33783 0.59117
vt 0.3385 0.58761
vt 0.33755 0.57981
vt 0.25709 0.14908
vt 0.25379 0.15579
vt 0.25119 0.14559
vt 0.25965 0.15645
vt 0.9138 0.52881
vt 0.91456 0.53395
vt 0.91208 0.53853
vt 0.91742 0.51773
vt 0.91517 0.5192
vt 0.9174 0.50775
vt 0.91561 0.50336
vt 0.91701 0.49869
vt 0.91425 0.4881
vt 0.9159 0.48896
vt 0.91256 0.47585
vt 0.914 0.47473
vt 0.91208 0.46418
vt 0.60007 0.26349
vt 0.59813 0.25828
vt 0.59919 0.25062
vt 0.59777 0.25378
vt 0.59695 0.23691
vt 0.59855 0.23478
vt 0.59711 0.23157
vt 0.60007 0.2177
vt 0.59762 0.22519
vt 0.45804 0.65008
vt 0.45804 0.64232
vt 0.45967 0.64414
vt 0.45906 0.63451
vt 0.71229 0.16045
vt 0.71355 0.16972
vt 0.71157 0.18192
vt 0.71314 0.17972
vt 0.71303 0.1858
vt 0.71355 0.19425
vt 0.02537 0.50775
vt 0.02482 0.49932
vt 0.02693 0.49785
vt 0.02519 0.49426
vt 0.02523 0.49145
vt 0.02484 0.47518
vt 0.41471 0.06772
vt 0.41543 0.07886
vt 0.41298 0.07117
vt 0.41348 0.06035
vt 0.41543 0.05177
vt 0.424 0.55776
vt 0.424 0.53577
vt 0.42778 0.54779
vt 0.42599 0.53756
vt 0.43216 0.54154
vt 0.42457 0.52708
vt 0.43688 0.55009
vt 0.43901 0.53895
vt 0.44298 0.54507
vt 0.44737 0.55467
vt 0.44917 0.545
vt 0.45152 0.54759
vt 0.45198 0.54299
vt 0.93862 0.69523
vt 0.9405 0.71547
vt 0.938 0.70961
vt 0.93698 0.6976
vt 0.93722 0.68784
vt 0.93916 0.68216
vt 0.93844 0.67592
vt 0.9405 0.6695
vt 0.93889 0.66762
vt 0.71739 0.24042
vt 0.71736 0.2484
vt 0.71651 0.24177
vt 0.71739 0.25195
vt 0.52487 0.11291
vt 0.52184 0.12117
vt 0.52699 0.08804
vt 0.52414 0.07436
vt 0.52184 0.06929
vt 0.3558 0.43509
vt 0.35581 0.44407
vt 0.35411 0.44428
vt 0.35411 0.43238
vt 0.35468 0.42531
vt 0.03077 0.2152
vt 0.03032 0.22746
vt 0.02705 0.19615
vt 0.02705 0.24234
vt 0.44813 0.35983
vt 0.44548 0.35371
vt 0.44638 0.34865
vt 0.44632 0.36473
vt 0.44546 0.37504
vt 0.03857 0.66812
vt 0.04039 0.66532
vt 0.03964 0.67762
vt 0.03816 0.68045
vt 0.03972 0.6851
vt 0.03842 0.69272
vt 0.04039 0.70008
vt 0.01346 0.30299
vt 0.01167 0.29985
vt 0.01167 0.2844
vt 0.01116 0.31542
vt 0.34125 0.94923
vt 0.33987 0.95986
vt 0.33929 0.95319
vt 0.34858 0.94854
vt 0.34496 0.94455
vt 0.34475 0.93611
vt 0.34831 0.93765
vt 0.35225 0.92912
vt 0.35529 0.93257
vt 0.35625 0.94383
vt 0.35821 0.94132
vt 0.36058 0.9524
vt 0.34665 0.9648
vt 0.33929 0.97512
vt 0.34988 0.9694
vt 0.35508 0.94994
vt 0.35864 0.96567
vt 0.35563 0.95623
vt 0.35318 0.96192
vt 0.35433 0.97393
vt 0.36008 0.97068
vt 0.36158 0.96123
vt 0.36065 0.95769
vt 0.09617 0.24736
vt 0.09592 0.26157
vt 0.09456 0.24874
vt 0.09456 0.24593
vt 0.0948 0.24086
vt 0.09568 0.23246
vt 0.62342 0.10652
vt 0.62507 0.1088
vt 0.62475 0.117
vt 0.62342 0.11872
vt 0.62438 0.12502
vt 0.44428 0.3577
vt 0.44299 0.36537
vt 0.44284 0.35528
vt 0.4442 0.36861
vt 0.44284 0.37889
vt 0.87797 0.79132
vt 0.88648 0.75667
vt 0.88277 0.78213
vt 0.8972 0.81933
vt 0.87665 0.79418
vt 0.90803 0.78669
vt 0.90547 0.80715
vt 0.90755 0.77687
vt 0.91315 0.77004
vt 0.94627 0.72209
vt 0.88501 0.74714
vt 0.88268 0.73567
vt 0.88319 0.741
vt 0.88113 0.73608
vt 0.87166 0.72209
vt 0.88613 0.51307
vt 0.89241 0.51818
vt 0.87819 0.60776
vt 0.87819 0.5042
vt 0.00018 0.00437
vt 0.00848 0.13207
vt 0.00018 0.20772
vt 0.01145 0.1425
vt 0.01635 0.14891
vt 0.03765 0.91432
vt 0.03114 0.86859
vt 0.0456 0.84843
vt 0.04983 0.84785
vt 0.06924 0.89917
vt 0.0356 0.92304
vt 0.03114 0.9328
vt 0.17983 0.57018
vt 0.07023 0.56894
vt 0.07637 0.5654
vt 0.06024 0.57287
vt 0.00052 0.6193
vt 0.04612 0.57542
vt 0.03632 0.57547
vt 0.02736 0.57414
vt 0.01781 0.57123
vt 0.00412 0.56207
vt 0.00052 0.55831
vt 0.9287 0.40891
vt 0.9655 0.42471
vt 0.93403 0.43274
vt 0.96032 0.41605
vt 0.95779 0.40825
vt 0.92843 0.3907
vt 0.95602 0.40042
vt 0.95588 0.38836
vt 0.94075 0.35827
vt 0.93234 0.37377
vt 0.95776 0.37879
vt 0.96203 0.3676
vt 0.9655 0.36004
vt 0.48467 0.02106
vt 0.48434 0.03462
vt 0.48051 0.03241
vt 0.47968 0.02106
vt 0.15902 0.92013
vt 0.21555 0.95781
vt 0.12528 0.95781
vt 0.20606 0.94821
vt 0.16734 0.92037
vt 0.169 0.9182
vt 0.16977 0.87324
vt 0.16795 0.91194
vt 0.16173 0.90973
vt 0.2103 0.94701
vt 0.13401 0.8699
vt 0.15738 0.91115
vt 0.15675 0.91954
vt 0.17371 0.86358
vt 0.21926 0.95394
vt 0.17304 0.87231
vt 0.96358 0.05962
vt 0.94714 0.01456
vt 0.95741 0.00804
vt 0.96358 0.00135
vt 0.00338 0.76233
vt 0.01079 0.81869
vt 0.00338 0.85587
vt 0.01276 0.81604
vt 0.02116 0.8064
vt 0.93249 0.18716
vt 0.92094 0.16956
vt 0.9328 0.16952
vt 0.92142 0.18865
vt 0.93233 0.20453
vt 0.92133 0.20659
vt 0.92095 0.2332
vt 0.93225 0.22274
vt 0.93185 0.24716
vt 0.92094 0.24811
vt 0.57357 0.0159
vt 0.57355 0.00374
vt 0.58468 0.0109
vt 0.58459 0.02229
vt 0.57355 0.025
vt 0.90586 0.63277
vt 0.91165 0.62256
vt 0.91059 0.62862
vt 0.90302 0.62808
vt 0.90302 0.57145
vt 0.67073 0.93857
vt 0.66907 0.93781
vt 0.67123 0.93079
vt 0.66807 0.93174
vt 0.66807 0.8799
vt 0.172 0.71753
vt 0.18188 0.76523
vt 0.17333 0.76548
vt 0.18881 0.71737
vt 0.18848 0.75753
vt 0.18997 0.75922
vt 0.19179 0.71751
vt 0.32119 0.76548
vt 0.31811 0.75923
vt 0.18628 0.57156
vt 0.1981 0.57054
vt 0.18657 0.57583
vt 0.19598 0.57739
vt 0.1981 0.60584
vt 0.40966 0.76548
vt 0.40084 0.76505
vt 0.39874 0.75387
vt 0.40966 0.75428
vt 0.26143 0.13165
vt 0.26157 0.14148
vt 0.2504 0.14232
vt 0.25092 0.12186
vt 0.26106 0.11103
vt 0.25038 0.10782
vt 0.26157 0.09633
vt 0.25066 0.09725
vt 0.56545 0.63469
vt 0.56545 0.67508
vt 0.55654 0.64361
vt 0.55255 0.64021
vt 0.03692 0.69212
vt 0.04355 0.72851
vt 0.03692 0.7424
vt 0.19233 0.71191
vt 0.70946 0.03847
vt 0.71009 0.00631
vt 0.71162 0.00582
vt 0.70946 0.00105
vt 0.7675 0.28476
vt 0.79473 0.27629
vt 0.80009 0.27701
vt 0.78304 0.28268
vt 0.77139 0.29478
vt 0.79661 0.28799
vt 0.76451 0.28914
vt 0.80009 0.41928
vt 0.57351 0.26082
vt 0.57005 0.24998
vt 0.5757 0.25658
vt 0.58084 0.26777
vt 0.57005 0.27119
vt 0.9405 0.49774
vt 0.93852 0.52429
vt 0.93716 0.48012
vt 0.93256 0.50212
vt 0.93288 0.48921
vt 0.9315 0.48046
vt 0.93152 0.51096
vt 0.9283 0.524
vt 0.9252 0.53118
vt 0.93412 0.53853
vt 0.92794 0.46339
vt 0.9252 0.46411
vt 0.92615 0.46263
vt 0.9302 0.46283
vt 0.01492 0.5079
vt 0.01279 0.48361
vt 0.01539 0.49386
vt 0.0041 0.5051
vt 0.00655 0.52659
vt 0.00128 0.5366
vt 0.00336 0.49259
vt 0.00128 0.48454
vt 0.26926 0.67893
vt 0.26274 0.67441
vt 0.26926 0.64194
vt 0.26206 0.64641
vt 0.26089 0.65089
vt 0.26084 0.66887
vt 0.19291 0.51575
vt 0.19263 0.48413
vt 0.19966 0.50316
vt 0.20069 0.50992
vt 0.20099 0.51466
vt 0.20387 0.51577
vt 0.20347 0.52762
vt 0.19263 0.52829
vt 0.19278 0.5366
vt 0.20274 0.53271
vt 0.35966 0.57583
vt 0.35682 0.58865
vt 0.34168 0.57583
vt 0.34191 0.58838
vt 0.35442 0.59202
vt 0.34213 0.59359
vt 0.35542 0.59622
vt 0.21751 0.16134
vt 0.21801 0.14619
vt 0.21926 0.16156
vt 0.21926 0.14328
vt 0.9927 0.24652
vt 0.99577 0.24929
vt 0.98862 0.24797
vt 0.98945 0.24929
vt 0.19788 0.55379
vt 0.19633 0.54456
vt 0.20387 0.55584
vt 0.1902 0.54314
vt 0.19841 0.53783
vt 0.18948 0.5407
vt 0.20387 0.53476
vt 0.33139 0.58042
vt 0.32805 0.58434
vt 0.32713 0.57971
vt 0.33219 0.59092
vt 0.33466 0.59253
vt 0.33232 0.59488
vt 0.33408 0.59772
vt 0.32959 0.60007
vt 0.32713 0.59714
vt 0.03127 0.10773
vt 0.03462 0.11311
vt 0.03258 0.1154
vt 0.03462 0.10584
vt 0.03169 0.1038
vt 0.1287 0.93603
vt 0.12969 0.91777
vt 0.13271 0.93665
vt 0.13271 0.87773
vt 0.24811 0.32636
vt 0.24605 0.33081
vt 0.24429 0.32937
vt 0.24429 0.3216
vt 0.69624 0.5716
vt 0.69136 0.57699
vt 0.69473 0.57201
vt 0.69578 0.56622
vt 0.69136 0.56106
vt 0.16698 0.75578
vt 0.16733 0.76932
vt 0.16194 0.75524
vt 0.16194 0.76904
vt 0.81087 0.55912
vt 0.82245 0.42245
vt 0.82317 0.55969
vt 0.79444 0.56161
vt 0.80112 0.42245
vt 0.99139 0.35714
vt 0.98862 0.35307
vt 0.99522 0.35438
vt 0.98862 0.35847
vt 0.99404 0.62161
vt 0.99421 0.62315
vt 0.98865 0.62161
vt 0.98862 0.62431
vt 0.11093 0.35566
vt 0.10789 0.36217
vt 0.10621 0.35616
vt 0.11106 0.3605
vt 0.11348 0.35489
vt 0.11034 0.36689
vt 0.10621 0.36927
vt 0.50775 0.74984
vt 0.50653 0.75575
vt 0.50247 0.74611
vt 0.49971 0.75281
vt 0.495 0.75778
vt 0.50086 0.74739
vt 0.495 0.74346
vt 0.13486 0.30397
vt 0.13656 0.30974
vt 0.13202 0.30627
vt 0.13202 0.3135
vt 0.462 0.02404
vt 0.46544 0.02693
vt 0.46128 0.02624
vt 0.46544 0.00081
vt 0.46161 0.00063
vt 0.46115 0.02619
vt 0.83182 0.89945
vt 0.84251 0.89956
vt 0.83979 0.90962
vt 0.82888 0.9067
vt 0.82394 0.91919
vt 0.83506 0.9212
vt 0.83126 0.93086
vt 0.82873 0.93071
vt 0.82064 0.92745
vt 0.82736 0.93916
vt 0.81577 0.93942
vt 0.81258 0.94768
vt 0.8306 0.94725
vt 0.83503 0.94369
vt 0.83587 0.95725
vt 0.83989 0.96671
vt 0.8062 0.964
vt 0.82039 0.96935
vt 0.84016 0.9566
vt 0.84627 0.96011
vt 0.84552 0.95415
vt 0.85319 0.96441
vt 0.86549 0.96935
vt 0.86252 0.96516
vt 0.85954 0.96224
vt 0.03988 0.99632
vt 0.03988 0.99885
vt 0.03861 0.99738
vt 0.03907 0.99971
vt 0.11646 0.35106
vt 0.11552 0.35828
vt 0.11422 0.35239
vt 0.11732 0.35806
vt 0.11422 0.3635
vt 0.97733 0.65968
vt 0.97515 0.66061
vt 0.97896 0.65566
vt 0.97125 0.66063
vt 0.96668 0.65634
vt 0.96294 0.64981
vt 0.97785 0.65241
vt 0.96866 0.67464
vt 0.96866 0.66456
vt 0.97225 0.67272
vt 0.96624 0.68427
vt 0.97025 0.68271
vt 0.9673 0.69305
vt 0.96937 0.69309
vt 0.96294 0.69816
vt 0.45641 0.01271
vt 0.45596 0.00021
vt 0.45775 0.01024
vt 0.45707 0.02267
vt 0.45596 0.02308
vt 0.08195 0.73507
vt 0.07734 0.75009
vt 0.07649 0.7363
vt 0.08439 0.75009
vt 0.08463 0.73626
vt 0.57578 0.27214
vt 0.57891 0.28448
vt 0.57578 0.29042
vt 0.57877 0.271
vt 0.60066 0.02024
vt 0.58685 0.0204
vt 0.58665 0.01486
vt 0.60063 0.01667
vt 0.60059 0.00911
vt 0.60199 0.02116
vt 0.58667 0.00802
vt 0.59926 0.00484
vt 0.58665 0.00185
vt 0.60172 0.00403
vt 0.58697 0.00075
vt 0.04823 0.21541
vt 0.04833 0.2024
vt 0.05001 0.20125
vt 0.04823 0.18854
vt 0.04982 0.19132
vt 0.42156 0.0885
vt 0.4242 0.08224
vt 0.42505 0.09424
vt 0.42505 0.07623
vt 0.41025 0.05094
vt 0.41159 0.05332
vt 0.40991 0.05998
vt 0.40727 0.06409
vt 0.41159 0.07501
vt 0.99557 0.2759
vt 0.99133 0.27798
vt 0.99517 0.27426
vt 0.98862 0.27426
vt 0.56935 0.08793
vt 0.56894 0.08108
vt 0.57507 0.08052
vt 0.57507 0.09118
vt 0.57506 0.10194
vt 0.50583 0.00163
vt 0.50171 0.00681
vt 0.49168 0.01812
vt 0.49549 0.01284
vt 0.49075 0.01619
vt 0.48716 0.01516
vt 0.48918 0.0133
vt 0.48504 0.01678
vt 0.48632 0.01394
vt 0.48627 0.01874
vt 0.49685 0.03311
vt 0.49383 0.0308
vt 0.50583 0.04616
vt 0.48188 0.01707
vt 0.4812 0.01771
vt 0.47416 0.01506
vt 0.47193 0.01448
vt 0.47263 0.01173
vt 0.38081 0.70778
vt 0.37768 0.70438
vt 0.38081 0.69647
vt 0.37786 0.69832
vt 0.76899 0.68085
vt 0.76603 0.67986
vt 0.76932 0.67625
vt 0.76378 0.67757
vt 0.76324 0.67057
vt 0.76083 0.67331
vt 0.76932 0.67018
vt 0.50131 0.07173
vt 0.50697 0.06817
vt 0.50131 0.0856
vt 0.50679 0.08276
vt 0.50687 0.09228
vt 0.50324 0.09232
vt 0.50775 0.07523
vt 0.17365 0.54189
vt 0.17204 0.53696
vt 0.17857 0.53666
vt 0.18679 0.54361
vt 0.19041 0.54814
vt 0.18734 0.53894
vt 0.19041 0.52395
vt 0.54274 0.01782
vt 0.54723 0.02384
vt 0.54555 0.0327
vt 0.54601 0.01839
vt 0.54695 0.01509
vt 0.54731 0.00869
vt 0.54426 0.0058
vt 0.54274 0.00054
vt 0.55099 0.00954
vt 0.5513 0.01153
vt 0.55584 0.01288
vt 0.08865 0.34473
vt 0.09617 0.33261
vt 0.0888 0.34949
vt 0.09617 0.3635
vt 0.3962 0.52972
vt 0.39407 0.54415
vt 0.39354 0.53683
vt 0.39322 0.54991
vt 0.39476 0.55488
vt 0.3962 0.56545
vt 0.91466 0.26516
vt 0.91135 0.24745
vt 0.91742 0.26926
vt 0.91185 0.23805
vt 0.913 0.21803
vt 0.91553 0.20289
vt 0.91742 0.19983
vt 0.29716 0.09617
vt 0.2937 0.08907
vt 0.29811 0.0931
vt 0.29811 0.08792
vt 0.2945 0.08574
vt 0.28657 0.15002
vt 0.29071 0.13862
vt 0.29631 0.14467
vt 0.29395 0.132
vt 0.29811 0.13888
vt 0.29056 0.13341
vt 0.28657 0.13049
vt 0.28879 0.12142
vt 0.48451 0.31338
vt 0.47996 0.30006
vt 0.48467 0.30006
vt 0.48151 0.3135
vt 0.55582 0.12481
vt 0.55776 0.1227
vt 0.55735 0.13271
vt 0.55757 0.11602
vt 0.55582 0.11304
vt 0.98862 0.73717
vt 0.98936 0.73545
vt 0.99177 0.73717
vt 0.99377 0.73631
vt 0.99128 0.45132
vt 0.99462 0.44698
vt 0.99476 0.45132
vt 0.98862 0.44583
vt 0.44813 0.14809
vt 0.44369 0.13436
vt 0.44813 0.13507
vt 0.44449 0.14791
vt 0.32156 0.30773
vt 0.32263 0.30263
vt 0.32433 0.30658
vt 0.32504 0.3037
vt 0.32156 0.29858
vt 0.37583 0.76678
vt 0.37655 0.75364
vt 0.37827 0.7674
vt 0.38274 0.75341
vt 0.38274 0.76707
vt 0.18656 0.18464
vt 0.18067 0.17654
vt 0.18599 0.17524
vt 0.18157 0.17131
vt 0.17621 0.17156
vt 0.18656 0.1552
vt 0.18029 0.15855
vt 0.98862 0.46565
vt 0.98872 0.46143
vt 0.99435 0.46143
vt 0.99212 0.4667
vt 0.99475 0.46519
vt 0.77983 0.84329
vt 0.79373 0.84211
vt 0.79432 0.84818
vt 0.79084 0.83934
vt 0.78409 0.83634
vt 0.78404 0.83362
vt 0.77663 0.82748
vt 0.77097 0.83366
vt 0.78292 0.8272
vt 0.79432 0.81215
vt 0.789 0.82897
vt 0.78562 0.8201
vt 0.02225 0.97485
vt 0.02422 0.97891
vt 0.02182 0.98432
vt 0.01535 0.97211
vt 0.00361 0.98858
vt 0.01644 0.95864
vt 0.00713 0.9469
vt 0.00361 0.94637
vt 0.01686 0.95574
vt 0.01204 0.94149
vt 0.00744 0.94305
vt 0.02359 0.94668
vt 0.02178 0.95121
vt 0.02693 0.95015
vt 0.02667 0.951
vt 0.32785 0.74817
vt 0.32785 0.73353
vt 0.33236 0.74785
vt 0.33273 0.73274
vt 0.59976 0.18656
vt 0.60313 0.18615
vt 0.59864 0.20579
vt 0.60198 0.2027
vt 0.60392 0.20579
vt 0.60622 0.44537
vt 0.61108 0.44552
vt 0.60886 0.4489
vt 0.61161 0.44803
vt 0.61161 0.46544
vt 0.6046 0.46314
vt 0.6193 0.45003
vt 0.6193 0.46929
vt 0.61711 0.46873
vt 0.61446 0.45011
vt 0.07698 0.23315
vt 0.08144 0.23504
vt 0.07627 0.23548
vt 0.08269 0.23897
vt 0.07608 0.24618
vt 0.07281 0.23583
vt 0.07281 0.2441
vt 0.0807 0.24473
vt 0.0827 0.24196
vt 0.98978 0.51106
vt 0.98862 0.50803
vt 0.99185 0.50814
vt 0.99463 0.51106
vt 0.03202 0.15884
vt 0.0327 0.16096
vt 0.03086 0.16246
vt 0.02696 0.15801
vt 0.027 0.16063
vt 0.02696 0.17694
vt 0.10115 0.74737
vt 0.10286 0.73279
vt 0.10578 0.74817
vt 0.10578 0.73276
vt 0.54861 0.73507
vt 0.55007 0.73906
vt 0.54376 0.73525
vt 0.54837 0.74498
vt 0.54374 0.74624
vt 0.44428 0.01731
vt 0.43835 0.01589
vt 0.44263 0.00224
vt 0.43835 0.00126
vt 0.22394 0.16925
vt 0.22166 0.16796
vt 0.22503 0.1633
vt 0.22227 0.16255
vt 0.22412 0.15913
vt 0.22166 0.15601
vt 0.35129 0.34263
vt 0.34781 0.34674
vt 0.34911 0.34322
vt 0.35581 0.34537
vt 0.35581 0.34884
vt 0.3512 0.35389
vt 0.35448 0.35389
vt 0.54237 0.73606
vt 0.53804 0.74003
vt 0.53836 0.73623
vt 0.54092 0.7402
vt 0.54031 0.74624
vt 0.54237 0.74466
vt 0.53708 0.74351
vt 0.46928 0.48071
vt 0.47121 0.48224
vt 0.46701 0.4843
vt 0.47121 0.49043
vt 0.46658 0.49044
vt 0.09232 0.73465
vt 0.09154 0.74962
vt 0.08846 0.75009
vt 0.08601 0.73465
vt 0.46026 0.71999
vt 0.46798 0.73663
vt 0.46085 0.73657
vt 0.46929 0.71999
vt 0.98862 0.29483
vt 0.9921 0.29328
vt 0.99274 0.29483
vt 0.99563 0.29408
vt 0.99247 0.96939
vt 0.99173 0.97139
vt 0.98937 0.96939
vt 0.98862 0.97164
vt 0.65936 0.49429
vt 0.6602 0.47655
vt 0.66472 0.49338
vt 0.66765 0.4767
vt 0.67123 0.49429
vt 0.58462 0.06802
vt 0.58468 0.07106
vt 0.58273 0.07716
vt 0.58468 0.08847
vt 0.64453 0.47749
vt 0.65233 0.48045
vt 0.6463 0.49621
vt 0.6556 0.49621
vt 0.65585 0.48019
vt 0.11324 0.05193
vt 0.11162 0.04894
vt 0.11699 0.05147
vt 0.11922 0.04603
vt 0.11147 0.04561
vt 0.11167 0.03978
vt 0.11925 0.04198
vt 0.11669 0.03719
vt 0.11147 0.03606
vt 0.11415 0.03306
vt 0.43467 0.75941
vt 0.43167 0.76324
vt 0.432 0.75402
vt 0.42796 0.75844
vt 0.4269 0.75424
vt 0.4298 0.76548
vt 0.42336 0.7627
vt 0.42336 0.75696
vt 0.42542 0.76483
vt 0.31818 0.10001
vt 0.31566 0.0985
vt 0.31433 0.09099
vt 0.32083 0.09425
vt 0.3216 0.08129
vt 0.32452 0.09289
vt 0.32889 0.09647
vt 0.32728 0.07812
vt 0.31439 0.07116
vt 0.31873 0.07365
vt 0.3175 0.06785
vt 0.32316 0.06681
vt 0.31911 0.06304
vt 0.32234 0.05392
vt 0.32889 0.04728
vt 0.30649 0.07555
vt 0.29554 0.08217
vt 0.30715 0.09525
vt 0.30262 0.07518
vt 0.29747 0.07786
vt 0.29716 0.07256
vt 0.3151 0.38851
vt 0.3151 0.37294
vt 0.32312 0.38685
vt 0.3219 0.37305
vt 0.24793 0.68597
vt 0.25283 0.67051
vt 0.2537 0.68662
vt 0.24908 0.6706
vt 0.24752 0.66889
vt 0.2558 0.66889
vt 0.25571 0.67178
vt 0.56899 0.66162
vt 0.58276 0.64657
vt 0.58265 0.66162
vt 0.56825 0.64346
vt 0.99539 0.21146
vt 0.99597 0.21507
vt 0.98862 0.21146
vt 0.98899 0.21364
vt 0.99575 0.12058
vt 0.99653 0.12182
vt 0.99031 0.11969
vt 0.98862 0.12182
vt 0.29541 0.74123
vt 0.3001 0.75575
vt 0.29541 0.75586
vt 0.30196 0.74232
vt 0.05001 0.72509
vt 0.04498 0.7247
vt 0.05001 0.70945
vt 0.04248 0.70847
vt 0.9944 0.58103
vt 0.98862 0.58103
vt 0.99438 0.57889
vt 0.98936 0.57844
vt 0.98862 0.03909
vt 0.99282 0.03832
vt 0.99329 0.04056
vt 0.9962 0.04016
vt 0.9968 0.03832
vt 0.05634 0.19722
vt 0.05883 0.2006
vt 0.05528 0.20045
vt 0.05887 0.20452
vt 0.06155 0.20535
vt 0.05449 0.20369
vt 0.05812 0.20964
vt 0.05449 0.20952
vt 0.98862 0.03533
vt 0.99267 0.03507
vt 0.98863 0.03827
vt 0.99677 0.03827
vt 0.41917 0.69231
vt 0.4212 0.70572
vt 0.417 0.69233
vt 0.417 0.70778
vt 0.04616 0.21895
vt 0.0415 0.22503
vt 0.04516 0.21623
vt 0.0415 0.21404
vt 0.99421 0.62105
vt 0.99135 0.62156
vt 0.99277 0.61869
vt 0.98862 0.61869
vt 0.55007 0.4584
vt 0.54498 0.46534
vt 0.54766 0.45794
vt 0.54232 0.46218
vt 0.5457 0.46879
vt 0.54938 0.47121
vt 0.54004 0.47121
vt 0.53776 0.46302
vt 0.71958 0.37504
vt 0.71958 0.35836
vt 0.72316 0.37467
vt 0.72233 0.35866
vt 0.99448 0.56125
vt 0.99436 0.56394
vt 0.98862 0.56125
vt 0.99137 0.56394
vt 0.99031 0.96221
vt 0.98862 0.95903
vt 0.99249 0.95935
vt 0.99249 0.96184
vt 0.17653 0.18204
vt 0.18079 0.18176
vt 0.17694 0.19589
vt 0.18079 0.19657
vt 0.18057 0.20002
vt 0.15002 0.04237
vt 0.15002 0.06924
vt 0.1458 0.0442
vt 0.14698 0.06234
vt 0.21733 0.59579
vt 0.21733 0.60121
vt 0.21369 0.59951
vt 0.21589 0.60584
vt 0.60392 0.25603
vt 0.60158 0.26734
vt 0.60158 0.25452
vt 0.60382 0.26493
vt 0.68277 0.82659
vt 0.68277 0.92126
vt 0.67722 0.83167
vt 0.67733 0.9196
vt 0.67372 0.86282
vt 0.67117 0.85818
vt 0.66877 0.874
vt 0.59881 0.10182
vt 0.60274 0.10856
vt 0.59497 0.24164
vt 0.60123 0.10376
vt 0.60291 0.09049
vt 0.60776 0.09166
vt 0.60776 0.25003
vt 0.21955 0.7469
vt 0.22492 0.75586
vt 0.21947 0.75586
vt 0.22503 0.7415
vt 0.21908 0.74101
vt 0.40441 0.37451
vt 0.40352 0.36797
vt 0.40729 0.3677
vt 0.40774 0.37359
vt 0.40547 0.38226
vt 0.40161 0.38274
vt 0.40245 0.36821
vt 0.39883 0.38126
vt 0.39883 0.36852
vt 0.98862 0.165
vt 0.98936 0.16144
vt 0.99227 0.16421
vt 0.99323 0.16102
vt 0.99621 0.165
vt 0.42538 0.29929
vt 0.42742 0.30125
vt 0.42373 0.30281
vt 0.43082 0.29965
vt 0.42967 0.30259
vt 0.43082 0.30719
vt 0.4301 0.30536
vt 0.42594 0.30773
vt 0.29082 0.34419
vt 0.29376 0.34264
vt 0.29375 0.34938
vt 0.29749 0.34563
vt 0.2958 0.35197
vt 0.29153 0.35173
vt 0.30004 0.34489
vt 0.29866 0.34264
vt 0.99691 0.01241
vt 0.99421 0.01504
vt 0.98862 0.01241
vt 0.99059 0.01525
vt 0.49403 0.01154
vt 0.48969 0.01087
vt 0.49064 0.00576
vt 0.49429 0.00805
vt 0.49305 0.00113
vt 0.48969 0.0004
vt 0.98862 0.08902
vt 0.99389 0.08958
vt 0.98862 0.09302
vt 0.99654 0.09137
vt 0.37504 0.01154
vt 0.37169 0.00925
vt 0.37504 0.00096
vt 0.37267 0.00307
vt 0.99349 0.33575
vt 0.99267 0.33465
vt 0.99532 0.331
vt 0.98862 0.33214
vt 0.98862 0.33567
vt 0.47481 0.02632
vt 0.47698 0.0327
vt 0.4708 0.02483
vt 0.47431 0.0217
vt 0.47698 0.02185
vt 0.47465 0.01838
vt 0.41543 0.26157
vt 0.4113 0.25958
vt 0.41543 0.25653
vt 0.41382 0.24834
vt 0.41144 0.25133
vt 0.41151 0.2478
vt 0.99377 0.1503
vt 0.98862 0.15097
vt 0.99636 0.14852
vt 0.98862 0.1473
vt 0.30921 0.44702
vt 0.30482 0.44121
vt 0.30965 0.43895
vt 0.30965 0.45005
vt 0.72998 0.17245
vt 0.73278 0.17257
vt 0.73039 0.17747
vt 0.73278 0.18271
vt 0.99358 0.42802
vt 0.98862 0.43084
vt 0.98992 0.4273
vt 0.9949 0.43084
vt 0.30863 0.06924
vt 0.30831 0.06416
vt 0.31158 0.06807
vt 0.31158 0.05972
vt 0.34235 0.34302
vt 0.34235 0.35197
vt 0.34147 0.34595
vt 0.34028 0.3512
vt 0.33765 0.35119
vt 0.67264 0.18221
vt 0.67316 0.18656
vt 0.67053 0.18143
vt 0.67316 0.17566
vt 0.66997 0.17607
vt 0.98872 0.45315
vt 0.99284 0.4563
vt 0.98862 0.45721
vt 0.99376 0.45315
vt 0.99483 0.45426
vt 0.28657 0.06268
vt 0.28657 0.06802
vt 0.28415 0.06468
vt 0.28455 0.07116
vt 0.98954 0.5714
vt 0.98862 0.56802
vt 0.99282 0.57079
vt 0.9944 0.56802
vt 0.35965 0.4368
vt 0.36543 0.43402
vt 0.36265 0.43851
vt 0.35895 0.42408
vt 0.36543 0.4245
vt 0.41736 0.32355
vt 0.41404 0.3291
vt 0.41349 0.32165
vt 0.41327 0.31687
vt 0.40703 0.31753
vt 0.40703 0.33273
vt 0.41192 0.32895
vt 0.99531 0.36604
vt 0.99186 0.36846
vt 0.98995 0.36804
vt 0.98862 0.36604
vt 0.1152 0.50968
vt 0.11074 0.50682
vt 0.11732 0.50905
vt 0.11302 0.5051
vt 0.11732 0.4918
vt 0.99356 0.75482
vt 0.98862 0.75084
vt 0.99356 0.75022
vt 0.98936 0.75436
vt 0.76075 0.64785
vt 0.76163 0.64828
vt 0.75553 0.66372
vt 0.75252 0.66335
vt 0.74715 0.66745
vt 0.75111 0.66695
vt 0.75814 0.68085
vt 0.76163 0.67988
vt 0.56771 0.66666
vt 0.57122 0.66567
vt 0.57122 0.68175
vt 0.56807 0.68277
vt 0.04014 0.75778
vt 0.04033 0.7438
vt 0.05001 0.75778
vt 0.04743 0.7429
vt 0.00849 0.22571
vt 0.00781 0.21823
vt 0.01085 0.22665
vt 0.01154 0.2308
vt 0.00781 0.23057
vt 0.2898 0.30725
vt 0.28659 0.2903
vt 0.29234 0.2903
vt 0.29231 0.30773
vt 0.60199 0.46929
vt 0.59653 0.46542
vt 0.60199 0.44992
vt 0.59634 0.44892
vt 0.62315 0.18656
vt 0.6223 0.18398
vt 0.6226 0.17122
vt 0.61743 0.18656
vt 0.61798 0.17299
vt 0.62126 0.16788
vt 0.64622 0.12804
vt 0.64238 0.13122
vt 0.64108 0.12792
vt 0.64597 0.13153
vt 0.64623 0.14617
vt 0.64275 0.14572
vt 0.46689 0.05184
vt 0.46938 0.05531
vt 0.4606 0.05395
vt 0.47471 0.04762
vt 0.4789 0.04795
vt 0.47365 0.05685
vt 0.47459 0.06581
vt 0.46982 0.06263
vt 0.47648 0.06373
vt 0.4789 0.06924
vt 0.68504 0.49621
vt 0.68054 0.49463
vt 0.68854 0.49245
vt 0.68054 0.48472
vt 0.68815 0.48849
vt 0.68524 0.48464
vt 0.21041 0.65136
vt 0.20784 0.65392
vt 0.20155 0.65269
vt 0.20058 0.66055
vt 0.21349 0.6608
vt 0.21058 0.6653
vt 0.21349 0.66931
vt 0.40301 0.24958
vt 0.40791 0.25456
vt 0.40322 0.25109
vt 0.40758 0.25875
vt 0.39744 0.25398
vt 0.39705 0.26057
vt 0.40176 0.26419
vt 0.39715 0.26265
vt 0.41081 0.26239
vt 0.4014 0.26974
vt 0.39837 0.26762
vt 0.4113 0.26798
vt 0.4212 0.26484
vt 0.41692 0.27235
vt 0.40742 0.27334
vt 0.39979 0.27654
vt 0.39707 0.27696
vt 0.05 0.56919
vt 0.05 0.56209
vt 0.05345 0.57122
vt 0.05769 0.56025
vt 0.05251 0.56008
vt 0.05962 0.56476
vt 0.05869 0.57047
vt 0.98862 0.79662
vt 0.99256 0.79725
vt 0.99345 0.7986
vt 0.98918 0.80007
vt 0.99184 0.80007
vt 0.15638 0.21871
vt 0.15638 0.21296
vt 0.16272 0.22118
vt 0.1654 0.21815
vt 0.16181 0.21309
vt 0.16447 0.2102
vt 0.15869 0.2099
vt 0.73013 0.68045
vt 0.73278 0.69624
vt 0.72957 0.69508
vt 0.73278 0.6803
vt 0.63947 0.01011
vt 0.64877 0.01056
vt 0.64417 0.01346
vt 0.64215 0.00592
vt 0.65008 0.00499
vt 0.64777 0.0009
vt 0.63944 0.00355
vt 0.63973 0.0009
vt 0.75952 0.29239
vt 0.76151 0.29149
vt 0.75955 0.30191
vt 0.76127 0.30581
vt 0.76355 0.30546
vt 0.76355 0.292
vt 0.21541 0.15771
vt 0.21107 0.15163
vt 0.21396 0.15038
vt 0.21154 0.14619
vt 0.21541 0.14437
vt 0.5943 0.66739
vt 0.59123 0.66733
vt 0.59407 0.65289
vt 0.59123 0.65286
vt 0.58922 0.64955
vt 0.5943 0.64935
vt 0.58524 0.65044
vt 0.58514 0.6666
vt 0.99695 0.00264
vt 0.98903 0.00264
vt 0.99231 0.00002
vt 0.98862 0.00015
vt 0.33522 0.7424
vt 0.34043 0.73691
vt 0.33717 0.74234
vt 0.33908 0.73227
vt 0.33522 0.73587
vt 0.98862 0.59366
vt 0.98862 0.58834
vt 0.99273 0.59278
vt 0.99422 0.59119
vt 0.28468 0.49237
vt 0.28562 0.48701
vt 0.2881 0.49154
vt 0.29042 0.48371
vt 0.28803 0.4808
vt 0.28468 0.48137
vt 0.29894 0.68613
vt 0.29894 0.66963
vt 0.30435 0.67004
vt 0.30581 0.68662
vt 0.48461 0.00055
vt 0.48852 0.00669
vt 0.48699 0.01056
vt 0.48225 0.00773
vt 0.48049 0.00145
vt 0.48049 0.0127
vt 0.48403 0.01346
vt 0.32504 0.35389
vt 0.31806 0.35365
vt 0.32344 0.34924
vt 0.31741 0.34495
vt 0.32504 0.34595
vt 0.23849 0.15862
vt 0.23728 0.16506
vt 0.23385 0.164
vt 0.23384 0.1675
vt 0.23849 0.17043
vt 0.23582 0.17117
vt 0.99043 0.4192
vt 0.99469 0.41776
vt 0.99498 0.42058
vt 0.98862 0.41776
vt 0.42063 0.30645
vt 0.41863 0.30773
vt 0.41731 0.30521
vt 0.4212 0.30192
vt 0.41731 0.29913
vt 0.4289 0.31384
vt 0.4289 0.33127
vt 0.42311 0.3169
vt 0.42036 0.33273
vt 0.11277 0.61161
vt 0.10907 0.59481
vt 0.11344 0.59537
vt 0.1154 0.59305
vt 0.10907 0.59136
vt 0.1129 0.59131
vt 0.36709 0.7668
vt 0.36652 0.75336
vt 0.37077 0.7545
vt 0.37247 0.7674
vt 0.37312 0.75336
vt 0.35178 0.2908
vt 0.35215 0.28641
vt 0.35389 0.29234
vt 0.35389 0.27983
vt 0.99602 0.19987
vt 0.98985 0.19776
vt 0.9955 0.19549
vt 0.98862 0.19549
vt 0.99533 0.28019
vt 0.98878 0.27802
vt 0.9956 0.27802
vt 0.9913 0.28105
vt 0.98862 0.27965
vt 0.22014 0.73855
vt 0.22014 0.72261
vt 0.22695 0.72232
vt 0.22599 0.73797
vt 0.61793 0.20934
vt 0.62037 0.21208
vt 0.61793 0.21926
vt 0.62123 0.2165
vt 0.38506 0.75526
vt 0.39043 0.7561
vt 0.38506 0.76932
vt 0.39005 0.76874
vt 0.21921 0.62175
vt 0.22118 0.62266
vt 0.21326 0.64252
vt 0.2092 0.63999
vt 0.20454 0.64094
vt 0.20826 0.64319
vt 0.21253 0.6448
vt 0.20887 0.64551
vt 0.22118 0.66342
vt 0.21873 0.66546
vt 0.98862 0.64349
vt 0.98895 0.64214
vt 0.99229 0.64372
vt 0.99419 0.64214
vt 0.99673 0.04311
vt 0.99413 0.0439
vt 0.99423 0.0406
vt 0.98862 0.0406
vt 0.98939 0.04263
vt 0.55599 0.01782
vt 0.55042 0.02387
vt 0.54995 0.01451
vt 0.56345 0.02939
vt 0.55785 0.01723
vt 0.54995 0.02665
vt 0.55925 0.01331
vt 0.56353 0.0256
vt 0.55927 0.03244
vt 0.56259 0.03462
vt 0.39428 0.3233
vt 0.39346 0.3346
vt 0.38844 0.3216
vt 0.38844 0.33466
vt 0.25444 0.74111
vt 0.25772 0.74107
vt 0.2512 0.75586
vt 0.25772 0.75528
vt 0.68854 0.7266
vt 0.68845 0.7424
vt 0.68348 0.7266
vt 0.68498 0.74237
vt 0.99652 0.11463
vt 0.99211 0.11661
vt 0.99475 0.11342
vt 0.98931 0.11342
vt 0.98862 0.11563
vt 0.45582 0.67695
vt 0.45039 0.677
vt 0.45582 0.6603
vt 0.4539 0.66001
vt 0.1667 0.06801
vt 0.16925 0.08078
vt 0.16742 0.07905
vt 0.16925 0.06376
vt 0.98862 0.55324
vt 0.99332 0.55324
vt 0.99112 0.55494
vt 0.99455 0.55453
vt 0.99381 0.72446
vt 0.9937 0.72567
vt 0.98958 0.7264
vt 0.98862 0.72446
vt 0.99432 0.57609
vt 0.98862 0.57609
vt 0.99268 0.57169
vt 0.98929 0.57144
vt 0.99135 0.96665
vt 0.9925 0.96934
vt 0.98862 0.96665
vt 0.98866 0.96891
vt 0.3135 0.61546
vt 0.3011 0.64431
vt 0.31143 0.61172
vt 0.3011 0.59983
vt 0.99379 0.70696
vt 0.99319 0.71036
vt 0.99216 0.70691
vt 0.98862 0.71037
vt 0.45925 0.25662
vt 0.45967 0.26926
vt 0.45609 0.26926
vt 0.45663 0.2566
vt 0.09508 0.7331
vt 0.10001 0.7327
vt 0.09508 0.74817
vt 0.09785 0.74727
vt 0.98862 0.70686
vt 0.9893 0.7044
vt 0.99171 0.70684
vt 0.99386 0.7044
vt 0.49044 0.44236
vt 0.48762 0.44124
vt 0.48686 0.43054
vt 0.49044 0.42969
vt 0.22659 0.16196
vt 0.22696 0.15937
vt 0.22862 0.15959
vt 0.2308 0.16574
vt 0.22659 0.17502
vt 0.54407 0.97102
vt 0.53809 0.9842
vt 0.53957 0.97346
vt 0.54167 0.96866
vt 0.54626 0.97164
vt 0.55996 0.96677
vt 0.55485 0.96642
vt 0.55758 0.96584
vt 0.56161 0.96479
vt 0.55519 0.96575
vt 0.53401 0.97029
vt 0.53244 0.98036
vt 0.52831 0.98666
vt 0.53314 0.96455
vt 0.52831 0.95283
vt 0.53381 0.95404
vt 0.52846 0.9594
vt 0.53266 0.96609
vt 0.80009 0.9078
vt 0.7977 0.88344
vt 0.80009 0.82969
vt 0.79697 0.8658
vt 0.79159 0.88109
vt 0.79428 0.87143
vt 0.7884 0.869
vt 0.03191 0.19532
vt 0.02572 0.1914
vt 0.03654 0.16381
vt 0.03239 0.20348
vt 0.03654 0.22887
vt 0.63277 0.65318
vt 0.63037 0.65585
vt 0.62877 0.65452
vt 0.63277 0.64666
vt 0.62803 0.65021
vt 0.62821 0.63844
vt 0.48275 0.05328
vt 0.47743 0.05433
vt 0.48039 0.05137
vt 0.48184 0.05864
vt 0.4769 0.05849
vt 0.48275 0.06924
vt 0.08281 0.59883
vt 0.09424 0.59546
vt 0.09424 0.61546
vt 0.08253 0.6049
vt 0.34371 0.06547
vt 0.33252 0.07693
vt 0.33393 0.05518
vt 0.3426 0.05475
vt 0.3462 0.0527
vt 0.33877 0.05044
vt 0.33252 0.04787
vt 0.20564 0.49035
vt 0.20383 0.47977
vt 0.20772 0.49044
vt 0.20772 0.47822
vt 0.10193 0.59354
vt 0.10692 0.60039
vt 0.10193 0.61353
vt 0.10771 0.6036
vt 0.42313 0.00125
vt 0.42041 0.00397
vt 0.41572 0.00125
vt 0.42069 0.00962
vt 0.32647 0.38658
vt 0.33045 0.37849
vt 0.33081 0.38612
vt 0.32675 0.37437
vt 0.33081 0.37328
vt 0.55847 0.72043
vt 0.55483 0.72419
vt 0.55327 0.72073
vt 0.55981 0.72441
vt 0.55966 0.73018
vt 0.56353 0.727
vt 0.56281 0.73119
vt 0.5567 0.73505
vt 0.55327 0.73091
vt 0.55437 0.73663
vt 0.64428 0.56545
vt 0.64243 0.56371
vt 0.64815 0.56449
vt 0.64351 0.56255
vt 0.64401 0.54616
vt 0.64815 0.54606
vt 0.47204 0.54278
vt 0.46714 0.54814
vt 0.46641 0.54295
vt 0.47506 0.53386
vt 0.46754 0.53203
vt 0.46417 0.53959
vt 0.46417 0.53055
vt 0.47381 0.52653
vt 0.98879 0.84886
vt 0.99113 0.84853
vt 0.98862 0.85212
vt 0.99314 0.85212
vt 0.98862 0.65197
vt 0.99317 0.65532
vt 0.98862 0.6558
vt 0.99403 0.65335
vt 0.64238 0.20438
vt 0.63962 0.208
vt 0.63962 0.19607
vt 0.64142 0.21349
vt 0.98862 0.69844
vt 0.99066 0.69578
vt 0.99327 0.69844
vt 0.9939 0.69729
vt 0.98862 0.32195
vt 0.99425 0.32138
vt 0.99148 0.32377
vt 0.99548 0.32377
vt 0.12776 0.06006
vt 0.1314 0.06347
vt 0.1277 0.06161
vt 0.13147 0.05944
vt 0.13505 0.06261
vt 0.13307 0.0424
vt 0.13848 0.04439
vt 0.13848 0.06341
vt 0.99219 0.6956
vt 0.98949 0.69574
vt 0.98862 0.69271
vt 0.99389 0.69271
vt 0.75764 0.27965
vt 0.76232 0.28807
vt 0.75954 0.2885
vt 0.76264 0.27431
vt 0.75764 0.27443
vt 0.76355 0.27597
vt 0.11257 0.30094
vt 0.10801 0.29541
vt 0.11348 0.29778
vt 0.10801 0.3135
vt 0.1587 0.07481
vt 0.162 0.06985
vt 0.15912 0.0771
vt 0.1654 0.07886
vt 0.1654 0.06855
vt 0.09145 0.25892
vt 0.09424 0.26283
vt 0.09145 0.26417
vt 0.09394 0.26734
vt 0.49429 0.51721
vt 0.49103 0.51272
vt 0.49359 0.51245
vt 0.49331 0.51929
vt 0.48813 0.51285
vt 0.48832 0.50228
vt 0.49429 0.50144
vt 0.99412 0.61865
vt 0.98862 0.61865
vt 0.99026 0.61714
vt 0.98886 0.61377
vt 0.10163 0.04616
vt 0.10163 0.00036
vt 0.11724 0.02419
vt 0.11816 0.0209
vt 0.12117 0.02005
vt 0.12069 0.0271
vt 0.11847 0.01482
vt 0.11558 0.01635
vt 0.75394 0.31211
vt 0.75394 0.32662
vt 0.74769 0.3121
vt 0.74953 0.32696
vt 0.6636 0.57264
vt 0.66739 0.57011
vt 0.66739 0.57699
vt 0.66588 0.56672
vt 0.32312 0.45775
vt 0.3118 0.44403
vt 0.31576 0.44764
vt 0.32312 0.43451
vt 0.00408 0.92812
vt 0.00167 0.94242
vt 0.00154 0.92866
vt 0.00099 0.93054
vt 0.60578 0.43082
vt 0.60776 0.42201
vt 0.60776 0.42924
vt 0.6045 0.42478
vt 0.60536 0.42
vt 0.29619 0.68277
vt 0.28848 0.67521
vt 0.29306 0.67512
vt 0.29152 0.66914
vt 0.29619 0.66503
vt 0.48383 0.52727
vt 0.48023 0.5337
vt 0.47971 0.52755
vt 0.4866 0.53035
vt 0.47971 0.53853
vt 0.98862 0.23517
vt 0.99584 0.23733
vt 0.98876 0.23675
vt 0.99584 0.23474
vt 0.46668 0.67123
vt 0.46877 0.66648
vt 0.4688 0.6709
vt 0.46592 0.66711
vt 0.46929 0.6639
vt 0.46592 0.66174
vt 0.46802 0.65913
vt 0.99055 0.11338
vt 0.99655 0.11036
vt 0.99323 0.11319
vt 0.98862 0.11036
vt 0.66208 0.35449
vt 0.66539 0.33998
vt 0.66931 0.35773
vt 0.66931 0.34057
vt 0.67292 0.9195
vt 0.67756 0.92354
vt 0.68954 0.95781
vt 0.68594 0.9417
vt 0.6884 0.94328
vt 0.69115 0.94988
vt 0.69232 0.94754
vt 0.69675 0.95415
vt 0.6842 0.9614
vt 0.69638 0.97206
vt 0.69769 0.96209
vt 0.70252 0.95726
vt 0.70666 0.95883
vt 0.69985 0.97043
vt 0.70146 0.96478
vt 0.71016 0.9642
vt 0.71739 0.96093
vt 0.70986 0.95908
vt 0.71722 0.9642
vt 0.68411 0.9679
vt 0.69515 0.97319
vt 0.68018 0.96956
vt 0.67292 0.97157
vt 0.41351 0.35308
vt 0.41082 0.35389
vt 0.40968 0.34851
vt 0.41351 0.3429
vt 0.40817 0.34631
vt 0.98862 0.51762
vt 0.99454 0.51362
vt 0.99445 0.51762
vt 0.98879 0.51424
vt 0.64283 0.22233
vt 0.64623 0.21822
vt 0.64491 0.22503
vt 0.6443 0.20901
vt 0.64283 0.2151
vt 0.01135 0.61899
vt 0.0184 0.6163
vt 0.01135 0.62605
vt 0.01743 0.627
vt 0.02116 0.62042
vt 0.48083 0.64825
vt 0.48083 0.66018
vt 0.47542 0.64997
vt 0.47291 0.65652
vt 0.4747 0.66222
vt 0.47642 0.66546
vt 0.47112 0.65639
vt 0.59402 0.71736
vt 0.59402 0.71022
vt 0.59675 0.71932
vt 0.59752 0.70751
vt 0.60307 0.71778
vt 0.60392 0.71129
vt 0.60097 0.70768
vt 0.18434 0.08833
vt 0.18434 0.07947
vt 0.18588 0.08847
vt 0.18848 0.08545
vt 0.75545 0.2711
vt 0.75582 0.25894
vt 0.76094 0.27076
vt 0.75982 0.26481
vt 0.76358 0.27119
vt 0.76548 0.26863
vt 0.7615 0.25713
vt 0.75545 0.25709
vt 0.29621 0.73941
vt 0.30228 0.7252
vt 0.30362 0.74006
vt 0.30579 0.72472
vt 0.30581 0.74047
vt 0.16925 0.71962
vt 0.16925 0.75778
vt 0.16742 0.72886
vt 0.16639 0.73686
vt 0.16404 0.73098
vt 0.16231 0.73381
vt 0.16049 0.7304
vt 0.15495 0.73895
vt 0.15679 0.72071
vt 0.7097 0.17834
vt 0.70788 0.18502
vt 0.70666 0.18445
vt 0.70372 0.18831
vt 0.7097 0.19425
vt 0.60392 0.64336
vt 0.60121 0.64708
vt 0.60029 0.64365
vt 0.59789 0.64862
vt 0.60392 0.66162
vt 0.59568 0.64619
vt 0.5947 0.648
vt 0.29835 0.06924
vt 0.29574 0.06888
vt 0.30196 0.05471
vt 0.29574 0.05503
vt 0.09232 0.62919
vt 0.08912 0.63514
vt 0.08739 0.62876
vt 0.07635 0.63162
vt 0.08799 0.63705
vt 0.07294 0.64623
vt 0.0855 0.62433
vt 0.07676 0.62556
vt 0.09212 0.61971
vt 0.0883 0.61602
vt 0.07398 0.61756
vt 0.07404 0.62385
vt 0.08227 0.61365
vt 0.08204 0.6105
vt 0.07494 0.61272
vt 0.07294 0.60199
vt 0.37541 0.05573
vt 0.37498 0.05209
vt 0.37889 0.0577
vt 0.37889 0.04733
vt 0.37108 0.05711
vt 0.37274 0.05142
vt 0.37504 0.06294
vt 0.37108 0.06539
vt 0.98862 0.46808
vt 0.99288 0.46796
vt 0.99123 0.46979
vt 0.99491 0.46979
vt 0.98862 0.34527
vt 0.99 0.34253
vt 0.99411 0.34527
vt 0.99533 0.34147
vt 0.34071 0.71842
vt 0.33786 0.71622
vt 0.34427 0.71666
vt 0.33979 0.72852
vt 0.33294 0.7267
vt 0.33574 0.73039
vt 0.334 0.71481
vt 0.32996 0.71507
vt 0.33126 0.71424
vt 0.33013 0.72799
vt 0.33515 0.73077
vt 0.32996 0.73086
vt 0.47294 0.00775
vt 0.47267 0.00408
vt 0.47698 0.01154
vt 0.47698 0.00085
vt 0.99502 0.41568
vt 0.99083 0.41771
vt 0.99152 0.41502
vt 0.98862 0.41502
vt 0.59699 0.08648
vt 0.60199 0.08664
vt 0.59577 0.10194
vt 0.59577 0.0842
vt 0.59854 0.08274
vt 0.54045 0.71869
vt 0.54045 0.73427
vt 0.53633 0.72001
vt 0.53758 0.7347
vt 0.21585 0.30341
vt 0.21926 0.29793
vt 0.21926 0.30581
vt 0.21678 0.29646
vt 0.30901 0.04833
vt 0.30965 0.05072
vt 0.30457 0.04881
vt 0.30452 0.05039
vt 0.30031 0.05178
vt 0.30661 0.05439
vt 0.30782 0.06101
vt 0.30458 0.0607
vt 0.30637 0.06398
vt 0.30031 0.07116
vt 0.37842 0.37036
vt 0.38274 0.37028
vt 0.37602 0.37321
vt 0.38274 0.38274
vt 0.61546 0.34015
vt 0.61065 0.34043
vt 0.61084 0.32391
vt 0.61309 0.32182
vt 0.61065 0.32061
vt 0.24389 0.74322
vt 0.24426 0.75778
vt 0.23778 0.75778
vt 0.23845 0.74318
vt 0.08655 0.03459
vt 0.08297 0.03439
vt 0.08221 0.01944
vt 0.08221 0.03756
vt 0.08467 0.03847
vt 0.99023 0.74212
vt 0.98932 0.74571
vt 0.98862 0.74237
vt 0.99363 0.74571
vt 0.53572 0.24041
vt 0.53675 0.23587
vt 0.5389 0.23854
vt 0.54118 0.23614
vt 0.54021 0.23093
vt 0.54237 0.22994
vt 0.53862 0.22491
vt 0.54098 0.22121
vt 0.53572 0.21877
vt 0.09232 0.25656
vt 0.08754 0.25772
vt 0.08831 0.25567
vt 0.08734 0.25063
vt 0.09145 0.24686
vt 0.08629 0.24627
vt 0.07834 0.2498
vt 0.08973 0.23808
vt 0.0898 0.23495
vt 0.09232 0.2274
vt 0.74365 0.67165
vt 0.74817 0.67165
vt 0.74579 0.67781
vt 0.74765 0.6803
vt 0.74537 0.68662
vt 0.32952 0.34896
vt 0.33 0.35197
vt 0.32751 0.35116
vt 0.33246 0.35116
vt 0.33466 0.35016
vt 0.3338 0.343
vt 0.32767 0.343
vt 0.32752 0.34683
vt 0.35197 0.14503
vt 0.35135 0.1533
vt 0.34695 0.14888
vt 0.34874 0.15916
vt 0.35197 0.16171
vt 0.35155 0.16733
vt 0.99549 0.1394
vt 0.99635 0.1419
vt 0.98862 0.1394
vt 0.99245 0.14353
vt 0.16733 0.44125
vt 0.16668 0.45005
vt 0.16484 0.44549
vt 0.16484 0.43882
vt 0.11348 0.74624
vt 0.10992 0.74247
vt 0.10973 0.7358
vt 0.11236 0.73765
vt 0.11348 0.73111
vt 0.10659 0.73049
vt 0.51229 0.25758
vt 0.51229 0.16449
vt 0.52061 0.26926
vt 0.52707 0.22785
vt 0.5279 0.23308
vt 0.52967 0.24188
vt 0.5327 0.23826
vt 0.5296 0.24813
vt 0.53907 0.26721
vt 0.53427 0.25246
vt 0.53716 0.25296
vt 0.54237 0.24615
vt 0.9405 0.19405
vt 0.9405 0.26542
vt 0.93606 0.2482
vt 0.93366 0.25464
vt 0.92767 0.25099
vt 0.92667 0.25331
vt 0.92142 0.25005
vt 0.11827 0.05374
vt 0.12208 0.05359
vt 0.12113 0.0577
vt 0.12296 0.04914
vt 0.12101 0.04846
vt 0.12426 0.04571
vt 0.12619 0.03681
vt 0.13656 0.03574
vt 0.13115 0.03444
vt 0.13632 0.033
vt 0.12925 0.0311
vt 0.13084 0.02885
vt 0.127 0.03243
vt 0.12914 0.02933
vt 0.12353 0.0326
vt 0.11827 0.02803
vt 0.1231 0.03055
vt 0.12648 0.02878
vt 0.14337 0.74624
vt 0.13872 0.74591
vt 0.14425 0.74351
vt 0.13913 0.74273
vt 0.14151 0.73088
vt 0.13872 0.732
vt 0.99372 0.55774
vt 0.98998 0.555
vt 0.9945 0.55498
vt 0.98862 0.55774
vt 0.98862 0.31816
vt 0.99545 0.31816
vt 0.99272 0.32133
vt 0.99525 0.3197
vt 0.46035 0.46946
vt 0.46275 0.4702
vt 0.45777 0.47126
vt 0.45863 0.47361
vt 0.46649 0.47448
vt 0.4628 0.47606
vt 0.45777 0.48016
vt 0.46545 0.4814
vt 0.46736 0.47715
vt 0.46035 0.48275
vt 0.40113 0.31978
vt 0.40197 0.32317
vt 0.3979 0.31947
vt 0.39703 0.3331
vt 0.40197 0.33466
vt 0.39657 0.32238
vt 0.62892 0.01636
vt 0.62772 0.01803
vt 0.62431 0.01358
vt 0.61942 0.00113
vt 0.61749 0.00109
vt 0.61927 0.01621
vt 0.61749 0.01923
vt 0.62212 0.0187
vt 0.98903 0.4935
vt 0.99256 0.49594
vt 0.98862 0.49594
vt 0.99211 0.49276
vt 0.99469 0.49461
vt 0.4353 0.60703
vt 0.4331 0.60507
vt 0.43512 0.60345
vt 0.43851 0.60776
vt 0.43851 0.58864
vt 0.61356 0.00142
vt 0.61546 0.00308
vt 0.61362 0.00474
vt 0.6083 0.00469
vt 0.60785 0.00123
vt 0.60525 0.00231
vt 0.60525 0.02116
vt 0.61539 0.02053
vt 0.2132 0.11506
vt 0.21926 0.11466
vt 0.21461 0.13454
vt 0.21814 0.12995
vt 0.21926 0.13463
vt 0.61878 0.20705
vt 0.61878 0.18923
vt 0.62174 0.20772
vt 0.62315 0.19332
vt 0.47759 0.75637
vt 0.48117 0.75444
vt 0.47759 0.76209
vt 0.4873 0.75739
vt 0.48413 0.75458
vt 0.48449 0.76548
vt 0.48852 0.76048
vt 0.48766 0.76489
vt 0.66222 0.16276
vt 0.66321 0.15933
vt 0.66509 0.16444
vt 0.67021 0.15738
vt 0.66649 0.15567
vt 0.67291 0.16445
vt 0.66685 0.16844
vt 0.67451 0.15684
vt 0.67097 0.17031
vt 0.67646 0.16214
vt 0.677 0.1576
vt 0.67543 0.16821
vt 0.67311 0.1731
vt 0.677 0.17142
vt 0.36771 0.05578
vt 0.36603 0.05391
vt 0.36927 0.05301
vt 0.36603 0.04727
vt 0.36736 0.04664
vt 0.67308 0.49594
vt 0.67085 0.47877
vt 0.67382 0.47869
vt 0.677 0.49621
vt 0.66661 0.49621
vt 0.78389 0.65366
vt 0.78471 0.65778
vt 0.77832 0.65448
vt 0.78096 0.6597
vt 0.77837 0.66396
vt 0.7744 0.65241
vt 0.76622 0.65846
vt 0.76459 0.65101
vt 0.7739 0.64806
vt 0.76301 0.64343
vt 0.77497 0.64475
vt 0.76739 0.63779
vt 0.77149 0.6399
vt 0.77514 0.63951
vt 0.76577 0.66535
vt 0.76115 0.66228
vt 0.76028 0.66737
vt 0.77044 0.6678
vt 0.77216 0.67235
vt 0.78166 0.66785
vt 0.77639 0.67893
vt 0.78471 0.67776
vt 0.60894 0.40205
vt 0.60312 0.3974
vt 0.60854 0.39725
vt 0.60295 0.40139
vt 0.60288 0.41736
vt 0.60969 0.41736
vt 0.98862 0.16735
vt 0.98963 0.16504
vt 0.99307 0.16735
vt 0.99628 0.16518
vt 0.30605 0.38813
vt 0.30605 0.3729
vt 0.31049 0.37308
vt 0.3135 0.38851
vt 0.96526 0.00641
vt 0.97018 0.02413
vt 0.96526 0.06155
vt 0.97074 0.04683
vt 0.96827 0.05536
vt 0.97127 0.05193
vt 0.96892 0.06131
vt 0.37027 0.26258
vt 0.37312 0.26673
vt 0.36798 0.27119
vt 0.36798 0.25727
vt 0.6269 0.75923
vt 0.61767 0.7644
vt 0.62 0.75863
vt 0.627 0.7663
vt 0.62029 0.76932
vt 0.62449 0.76932
vt 0.23849 0.74047
vt 0.23455 0.74021
vt 0.23785 0.72529
vt 0.23209 0.72442
vt 0.22875 0.73971
vt 0.22875 0.725
vt 0.40598 0.69092
vt 0.40966 0.70501
vt 0.40224 0.70558
vt 0.39829 0.6888
vt 0.39829 0.70585
vt 0.3917 0.75345
vt 0.39738 0.75782
vt 0.39433 0.76188
vt 0.39812 0.76365
vt 0.3917 0.7674
vt 0.35488 0.01731
vt 0.36194 0.00135
vt 0.36927 0.01346
vt 0.36927 0.00024
vt 0.56324 0.46232
vt 0.56291 0.45817
vt 0.56328 0.45905
vt 0.56498 0.45841
vt 0.56255 0.45285
vt 0.56231 0.45501
vt 0.56648 0.46061
vt 0.56724 0.46509
vt 0.57314 0.46352
vt 0.57314 0.47404
vt 0.56308 0.46815
vt 0.55498 0.46966
vt 0.56222 0.47056
vt 0.55608 0.47266
vt 0.55381 0.47506
vt 0.28465 0.30763
vt 0.27753 0.30773
vt 0.27585 0.29958
vt 0.28119 0.30033
vt 0.27802 0.2942
vt 0.2843 0.29393
vt 0.28465 0.28797
vt 0.28012 0.28991
vt 0.3777 0.28159
vt 0.38081 0.28603
vt 0.37988 0.29021
vt 0.37476 0.2869
vt 0.37305 0.28159
vt 0.37036 0.28442
vt 0.37282 0.29234
vt 0.37007 0.29018
vt 0.98862 0.20913
vt 0.99172 0.20587
vt 0.99604 0.20913
vt 0.99551 0.2065
vt 0.61292 0.41159
vt 0.61489 0.39582
vt 0.61832 0.41109
vt 0.61965 0.39447
vt 0.62315 0.41036
vt 0.62315 0.39193
vt 0.6847 0.54221
vt 0.68464 0.55953
vt 0.67736 0.54221
vt 0.67895 0.55968
vt 0.33277 0.10963
vt 0.33277 0.08014
vt 0.33658 0.09965
vt 0.33631 0.09162
vt 0.33558 0.08713
vt 0.83856 0.62047
vt 0.8164 0.71162
vt 0.83679 0.58829
vt 0.8164 0.58037
vt 0.2895 0.39235
vt 0.2895 0.37387
vt 0.30351 0.38548
vt 0.30388 0.37552
vt 0.72316 0.21021
vt 0.72316 0.22695
vt 0.71691 0.21047
vt 0.71808 0.22679
vt 0.99444 0.55779
vt 0.99432 0.56121
vt 0.98862 0.56121
vt 0.98992 0.55903
vt 0.99631 0.15904
vt 0.98862 0.15904
vt 0.99309 0.15694
vt 0.98943 0.15682
vt 0.05487 0.29879
vt 0.06155 0.24255
vt 0.06155 0.40389
vt 0.05181 0.39532
vt 0.99559 0.30202
vt 0.98936 0.30202
vt 0.99231 0.30001
vt 0.98862 0.30013
vt 0.99511 0.39046
vt 0.98885 0.39046
vt 0.99326 0.38706
vt 0.98862 0.38769
vt 0.9932 0.77836
vt 0.98862 0.77836
vt 0.99355 0.77511
vt 0.98869 0.77606
vt 0.99481 0.48352
vt 0.99098 0.48382
vt 0.98862 0.48102
vt 0.99445 0.48101
vt 0.45198 0.01783
vt 0.45033 0.00388
vt 0.45198 0.00029
vt 0.44715 0.01923
vt 0.4469 0.00503
vt 0.98862 0.53525
vt 0.99073 0.52952
vt 0.99441 0.53525
vt 0.994 0.53093
vt 0.23825 0.71739
vt 0.23782 0.71505
vt 0.23849 0.7134
vt 0.23782 0.70712
vt 0.99387 0.68914
vt 0.99227 0.69267
vt 0.98871 0.6895
vt 0.98862 0.69267
vt 0.50631 0.61831
vt 0.5116 0.63661
vt 0.50603 0.63427
vt 0.5116 0.61819
vt 0.15122 0.73632
vt 0.15289 0.74407
vt 0.14931 0.74624
vt 0.15386 0.74624
vt 0.98862 0.04912
vt 0.99227 0.04875
vt 0.99027 0.05124
vt 0.99322 0.05124
vt 0.99673 0.04966
vt 0.9956 0.25837
vt 0.99126 0.25796
vt 0.99569 0.25483
vt 0.98862 0.25483
vt 0.31925 0.7347
vt 0.32237 0.719
vt 0.32504 0.7347
vt 0.32447 0.71835
vt 0.05333 0.40966
vt 0.05356 0.40506
vt 0.05578 0.40713
vt 0.05575 0.40277
vt 0.05333 0.39847
vt 0.99226 0.75787
vt 0.99362 0.76073
vt 0.99012 0.7584
vt 0.98862 0.76073
vt 0.04961 0.677
vt 0.04961 0.65996
vt 0.05327 0.67438
vt 0.05385 0.65969
vt 0.05773 0.93784
vt 0.05306 0.94627
vt 0.07779 0.89075
vt 0.07107 0.90808
vt 0.07939 0.88957
vt 0.07812 0.89396
vt 0.0746 0.90489
vt 0.08221 0.8835
vt 0.0799 0.88121
vt 0.05306 0.84355
vt 0.08172 0.88918
vt 0.13102 0.87382
vt 0.13271 0.87394
vt 0.99224 0.34841
vt 0.98862 0.34841
vt 0.99092 0.34532
vt 0.99536 0.34599
vt 0.98862 0.89891
vt 0.98862 0.8966
vt 0.99295 0.89879
vt 0.99239 0.89727
vt 0.01727 0.99632
vt 0.01863 0.99722
vt 0.01727 0.99988
vt 0.0187 0.99913
vt 0.99419 0.63469
vt 0.99267 0.63651
vt 0.98862 0.63469
vt 0.98877 0.63671
vt 0.03031 0.50391
vt 0.0302 0.50108
vt 0.04039 0.49822
vt 0.03805 0.49382
vt 0.0396 0.48654
vt 0.04004 0.48144
vt 0.03629 0.48226
vt 0.03538 0.47731
vt 0.03026 0.48229
vt 0.0302 0.47709
vt 0.38466 0.2536
vt 0.38317 0.26521
vt 0.37904 0.25415
vt 0.37617 0.263
vt 0.3716 0.25394
vt 0.37233 0.25757
vt 0.3749 0.27108
vt 0.38207 0.27375
vt 0.3716 0.27696
vt 0.23464 0.75778
vt 0.22858 0.75776
vt 0.23357 0.7557
vt 0.22858 0.74336
vt 0.2321 0.74302
vt 0.60742 0.65427
vt 0.61183 0.65446
vt 0.60722 0.65777
vt 0.61107 0.65165
vt 0.61511 0.65218
vt 0.61246 0.64784
vt 0.61673 0.64697
vt 0.61417 0.64319
vt 0.62086 0.65203
vt 0.61818 0.65497
vt 0.62415 0.65777
vt 0.62507 0.65455
vt 0.62145 0.64844
vt 0.61813 0.64333
vt 0.62372 0.64512
vt 0.61886 0.64125
vt 0.61789 0.64076
vt 0.61515 0.63987
vt 0.4932 0.23586
vt 0.49546 0.25585
vt 0.4932 0.26734
vt 0.49621 0.24728
vt 0.49616 0.23685
vt 0.99269 0.29816
vt 0.99544 0.29488
vt 0.99502 0.29971
vt 0.98862 0.29772
vt 0.99149 0.29997
vt 0.9894 0.29488
vt 0.07501 0.73735
vt 0.07324 0.7415
vt 0.06979 0.73804
vt 0.07501 0.75201
vt 0.98862 0.83307
vt 0.99058 0.83057
vt 0.99328 0.83158
vt 0.98862 0.82887
vt 0.99403 0.66608
vt 0.99121 0.66667
vt 0.99213 0.664
vt 0.98862 0.66651
vt 0.98946 0.664
vt 0.50482 0.31158
vt 0.50199 0.31121
vt 0.50775 0.30905
vt 0.50362 0.30744
vt 0.49836 0.30704
vt 0.50775 0.30508
vt 0.49862 0.30083
vt 0.50452 0.29974
vt 0.98888 0.7479
vt 0.99286 0.74817
vt 0.98862 0.75018
vt 0.99368 0.75018
vt 0.31779 0.29751
vt 0.31927 0.30027
vt 0.31364 0.29638
vt 0.31364 0.3012
vt 0.3177 0.30773
vt 0.65585 0.19611
vt 0.65471 0.1981
vt 0.65109 0.19645
vt 0.65303 0.19385
vt 0.65063 0.17883
vt 0.64967 0.19446
vt 0.64546 0.1792
vt 0.64632 0.19437
vt 0.64174 0.17971
vt 0.64174 0.1953
vt 0.22994 0.47905
vt 0.2304 0.48255
vt 0.22769 0.48056
vt 0.23272 0.47985
vt 0.23272 0.49814
vt 0.68277 0.75971
vt 0.67995 0.7597
vt 0.68277 0.7453
vt 0.67914 0.74567
vt 0.98862 0.44389
vt 0.99064 0.4402
vt 0.99353 0.44043
vt 0.99488 0.44389
vt 0.21349 0.60773
vt 0.2096 0.62418
vt 0.20587 0.60652
vt 0.21349 0.62507
vt 0.17688 0.08463
vt 0.1732 0.08302
vt 0.17986 0.08241
vt 0.17571 0.0774
vt 0.18079 0.07668
vt 0.17917 0.07336
vt 0.1732 0.07143
vt 0.21089 0.63286
vt 0.20786 0.63469
vt 0.20786 0.6294
vt 0.21156 0.6298
vt 0.20787 0.62461
vt 0.20247 0.5757
vt 0.19916 0.57595
vt 0.19907 0.57357
vt 0.19907 0.5943
vt 0.20387 0.59358
vt 0.17117 0.22503
vt 0.16722 0.22311
vt 0.17117 0.21437
vt 0.16794 0.21168
vt 0.38274 0.32235
vt 0.38164 0.32704
vt 0.37814 0.3242
vt 0.37605 0.32718
vt 0.38274 0.33466
vt 0.37673 0.33417
vt 0.37512 0.3328
vt 0.37436 0.32936
vt 0.27758 0.73316
vt 0.28423 0.73286
vt 0.27885 0.74692
vt 0.28498 0.74707
vt 0.29234 0.74817
vt 0.29234 0.73389
vt 0.44236 0.53853
vt 0.43511 0.53566
vt 0.44031 0.53552
vt 0.44236 0.52791
vt 0.43627 0.53062
vt 0.43509 0.52706
vt 0.65008 0.52699
vt 0.64381 0.52455
vt 0.65008 0.50905
vt 0.64557 0.50898
vt 0.9921 0.37399
vt 0.98926 0.37164
vt 0.99526 0.37164
vt 0.98862 0.37403
vt 0.47125 0.72248
vt 0.47458 0.7234
vt 0.47125 0.73732
vt 0.47857 0.73855
vt 0.4806 0.72343
vt 0.48243 0.7377
vt 0.48333 0.72264
vt 0.4866 0.73596
vt 0.37548 0.30773
vt 0.3783 0.29944
vt 0.37889 0.30567
vt 0.37054 0.30664
vt 0.37054 0.29696
vt 0.40504 0.71739
vt 0.40567 0.7134
vt 0.40726 0.71471
vt 0.40774 0.70989
vt 0.40504 0.70709
vt 0.43467 0.32889
vt 0.43204 0.32837
vt 0.43467 0.31483
vt 0.43173 0.31488
vt 0.59168 0.27239
vt 0.59622 0.27503
vt 0.59173 0.27477
vt 0.59622 0.25461
vt 0.15813 0.43857
vt 0.16136 0.4383
vt 0.16215 0.44265
vt 0.16013 0.44134
vt 0.16026 0.44469
vt 0.16205 0.44807
vt 0.16348 0.44489
vt 0.15813 0.44885
vt 0.15945 0.45198
vt 0.4581 0.19916
vt 0.45966 0.19807
vt 0.45722 0.21058
vt 0.45967 0.21156
vt 0.55199 0.71602
vt 0.54944 0.73227
vt 0.54345 0.7172
vt 0.54345 0.73278
vt 0.68277 0.57891
vt 0.67542 0.5639
vt 0.68277 0.56158
vt 0.67641 0.5787
vt 0.08591 0.23849
vt 0.08591 0.23077
vt 0.08847 0.23486
vt 0.08793 0.22902
vt 0.13585 0.3462
vt 0.13523 0.33928
vt 0.13848 0.34318
vt 0.13848 0.33687
vt 0.99375 0.18439
vt 0.99615 0.18577
vt 0.99013 0.18461
vt 0.98862 0.18753
vt 0.99465 0.18753
vt 0.4463 0.72442
vt 0.44677 0.71655
vt 0.45336 0.72701
vt 0.4539 0.7214
vt 0.4539 0.73278
vt 0.15985 0.59733
vt 0.16651 0.57774
vt 0.16733 0.59815
vt 0.16073 0.5803
vt 0.15985 0.57761
vt 0.99577 0.24087
vt 0.9917 0.24368
vt 0.991 0.24055
vt 0.98862 0.24368
vt 0.98923 0.24075
vt 0.02254 0.00955
vt 0.02214 0.00472
vt 0.025 0.00962
vt 0.02482 0.00361
vt 0.025 0.00053
vt 0.72041 0.43038
vt 0.71489 0.43082
vt 0.71489 0.41419
vt 0.72124 0.41474
vt 0.38032 0.42158
vt 0.49429 0.52506
vt 0.2862 0.52506
vt 0.44404 0.4667
vt 0.38379 0.41203
vt 0.3766 0.42069
vt 0.37251 0.42417
vt 0.38004 0.41
vt 0.02885 0.1535
vt 0.02503 0.15579
vt 0.02745 0.14957
vt 0.02503 0.14721
vt 0.99666 0.05725
vt 0.99545 0.05999
vt 0.99112 0.05725
vt 0.99176 0.06029
vt 0.98862 0.05856
vt 0.65669 0.52555
vt 0.65969 0.51808
vt 0.65969 0.52891
vt 0.65743 0.51893
vt 0.06497 0.75394
vt 0.06167 0.75394
vt 0.06539 0.73911
vt 0.06157 0.73934
vt 0.99677 0.04631
vt 0.98862 0.04631
vt 0.9942 0.04395
vt 0.98955 0.04459
vt 0.98986 0.94151
vt 0.9927 0.94151
vt 0.99208 0.94374
vt 0.98862 0.9444
vt 0.73472 0.19791
vt 0.73472 0.18265
vt 0.73729 0.1981
vt 0.74047 0.18223
vt 0.98862 0.81308
vt 0.99081 0.81442
vt 0.98862 0.81713
vt 0.99333 0.8168
vt 0.74817 0.19598
vt 0.74514 0.19618
vt 0.74817 0.1809
vt 0.74369 0.18254
vt 0.68467 0.16566
vt 0.6847 0.18271
vt 0.67898 0.18177
vt 0.6793 0.16566
vt 0.98903 0.91518
vt 0.99237 0.91256
vt 0.99286 0.91518
vt 0.98862 0.91181
vt 0.99404 0.64209
vt 0.98927 0.64209
vt 0.98862 0.63902
vt 0.99407 0.63901
vt 0.99045 0.63795
vt 0.98862 0.42726
vt 0.9894 0.42455
vt 0.994 0.42726
vt 0.9929 0.42317
vt 0.99487 0.42457
vt 0.13399 0.43744
vt 0.13664 0.43529
vt 0.13687 0.44569
vt 0.1435 0.44394
vt 0.14042 0.43432
vt 0.14015 0.44818
vt 0.14778 0.45572
vt 0.15099 0.4425
vt 0.13399 0.45963
vt 0.1414 0.46159
vt 0.15194 0.4541
vt 0.08463 0.76932
vt 0.08068 0.75527
vt 0.08463 0.75504
vt 0.08094 0.76932
vt 0.82547 0.41178
vt 0.83211 0.41343
vt 0.82547 0.53276
vt 0.83782 0.4144
vt 0.8501 0.41722
vt 0.54045 0.71706
vt 0.52795 0.71771
vt 0.51975 0.71197
vt 0.52002 0.72889
vt 0.5261 0.72435
vt 0.52811 0.72694
vt 0.52888 0.74629
vt 0.51972 0.75394
vt 0.52837 0.75094
vt 0.16925 0.17555
vt 0.16925 0.19233
vt 0.16344 0.18378
vt 0.1629 0.18888
vt 0.13271 0.44813
vt 0.13004 0.44737
vt 0.13271 0.43506
vt 0.13125 0.43436
vt 0.26425 0.73894
vt 0.26542 0.73704
vt 0.27142 0.73762
vt 0.26571 0.75193
vt 0.27311 0.75201
vt 0.27311 0.73795
vt 0.41543 0.68917
vt 0.41541 0.70452
vt 0.40891 0.68917
vt 0.41138 0.70585
vt 0.40898 0.69386
vt 0.1154 0.44991
vt 0.11344 0.44649
vt 0.11416 0.44279
vt 0.11344 0.45582
vt 0.98905 0.13529
vt 0.9959 0.13777
vt 0.98862 0.13777
vt 0.99642 0.13475
vt 0.3962 0.382
vt 0.39215 0.38274
vt 0.39486 0.369
vt 0.38866 0.37042
vt 0.38942 0.36823
vt 0.38866 0.38255
vt 0.06155 0.66739
vt 0.05614 0.658
vt 0.05929 0.65668
vt 0.05728 0.65282
vt 0.06155 0.64976
vt 0.45744 0.05222
vt 0.45525 0.0553
vt 0.45775 0.04846
vt 0.45775 0.06155
vt 0.10225 0.35054
vt 0.10386 0.3433
vt 0.10365 0.36266
vt 0.10236 0.36219
vt 0.10386 0.36735
vt 0.1019 0.43491
vt 0.10506 0.43607
vt 0.1054 0.44866
vt 0.1019 0.46159
vt 0.10578 0.45444
vt 0.10503 0.46125
vt 0.63975 0.15104
vt 0.64431 0.15082
vt 0.64226 0.15781
vt 0.63979 0.15821
vt 0.64188 0.16452
vt 0.63975 0.16925
vt 0.28291 0.12309
vt 0.28291 0.11366
vt 0.28616 0.12145
vt 0.28657 0.11797
vt 0.23575 0.47576
vt 0.24618 0.47576
vt 0.24118 0.47717
vt 0.24351 0.48224
vt 0.24563 0.48796
vt 0.24309 0.48852
vt 0.23123 0.10868
vt 0.23383 0.10797
vt 0.23464 0.11349
vt 0.23123 0.11587
vt 0.23387 0.11973
vt 0.23134 0.12117
vt 0.21733 0.72196
vt 0.20651 0.72183
vt 0.20916 0.71822
vt 0.20778 0.752
vt 0.20651 0.74006
vt 0.21721 0.74864
vt 0.20928 0.75586
vt 0.15144 0.29811
vt 0.14989 0.28684
vt 0.15386 0.29697
vt 0.15386 0.28255
vt 0.61353 0.27377
vt 0.61353 0.28623
vt 0.60987 0.28571
vt 0.61143 0.28657
vt 0.29213 0.64815
vt 0.29513 0.64164
vt 0.29811 0.64815
vt 0.29767 0.63546
vt 0.29412 0.63065
vt 0.28457 0.13719
vt 0.28465 0.13951
vt 0.27881 0.13879
vt 0.28437 0.15163
vt 0.27889 0.15304
vt 0.26621 0.13719
vt 0.26692 0.15542
vt 0.26481 0.15771
vt 0.03394 0.97472
vt 0.0336 0.93343
vt 0.03592 0.93359
vt 0.03721 0.98087
vt 0.05001 0.93233
vt 0.05001 0.98089
vt 0.71671 0.26857
vt 0.71636 0.26492
vt 0.72316 0.27311
vt 0.72316 0.23691
vt 0.48752 0.07309
vt 0.48602 0.07184
vt 0.48903 0.07159
vt 0.48703 0.06565
vt 0.48602 0.0471
vt 0.49237 0.05723
vt 0.95767 0.09017
vt 0.93874 0.10001
vt 0.95025 0.09085
vt 0.96238 0.08457
vt 0.96358 0.08585
vt 0.95488 0.08535
vt 0.95618 0.07993
vt 0.95475 0.07496
vt 0.95016 0.04964
vt 0.94329 0.06132
vt 0.93874 0.03935
vt 0.95007 0.0326
vt 0.94028 0.05392
vt 0.57293 0.66733
vt 0.57462 0.66676
vt 0.573 0.67146
vt 0.57507 0.67774
vt 0.57324 0.68348
vt 0.57475 0.6897
vt 0.57293 0.7017
vt 0.57419 0.69857
vt 0.5744 0.70585
vt 0.55802 0.1404
vt 0.56013 0.1236
vt 0.56521 0.13989
vt 0.55802 0.09865
vt 0.5661 0.08823
vt 0.5693 0.1073
vt 0.56787 0.12825
vt 0.07382 0.78488
vt 0.07411 0.76388
vt 0.08463 0.78531
vt 0.0739 0.79682
vt 0.08463 0.80009
vt 0.28505 0.51146
vt 0.28532 0.49673
vt 0.29619 0.5116
vt 0.29619 0.48616
vt 0.27142 0.51929
vt 0.26269 0.51239
vt 0.26399 0.50521
vt 0.27255 0.51456
vt 0.27311 0.49497
vt 0.26425 0.49633
vt 0.26441 0.48437
vt 0.27311 0.47435
vt 0.26199 0.47365
vt 0.90777 0.4851
vt 0.89696 0.49665
vt 0.89675 0.46392
vt 0.90763 0.50444
vt 0.89704 0.50727
vt 0.90778 0.51909
vt 0.89701 0.52493
vt 0.9078 0.52708
vt 0.90759 0.5449
vt 0.89681 0.54271
vt 0.9076 0.55007
vt 0.89675 0.54799
vt 0.14916 0.24734
vt 0.14877 0.23822
vt 0.15967 0.24002
vt 0.15953 0.24559
vt 0.15943 0.25278
vt 0.16156 0.26734
vt 0.14877 0.26677
vt 0.95781 0.10753
vt 0.95089 0.11851
vt 0.9481 0.11254
vt 0.94454 0.12435
vt 0.94437 0.11858
vt 0.94997 0.14399
vt 0.95781 0.16733
vt 0.25976 0.64431
vt 0.25976 0.63338
vt 0.26302 0.6435
vt 0.26349 0.63519
vt 0.4641 0.40765
vt 0.47506 0.41045
vt 0.4634 0.41186
vt 0.47506 0.49237
vt 0.02202 0.75394
vt 0.02138 0.67003
vt 0.0271 0.66927
vt 0.02777 0.74112
vt 0.03221 0.66918
vt 0.01102 0.65319
vt 0.00799 0.63535
vt 0.03427 0.62202
vt 0.06046 0.6418
vt 0.06132 0.64573
vt 0.06155 0.64126
vt 0.05517 0.61781
vt 0.0559 0.61422
vt 0.06155 0.60493
vt 0.03356 0.6201
vt 0.9375 0.54153
vt 0.94643 0.52214
vt 0.95085 0.54141
vt 0.98473 0.50346
vt 0.97314 0.54858
vt 0.97807 0.54757
vt 0.97075 0.55211
vt 0.97908 0.55138
vt 0.98473 0.55587
vt 0.97357 0.55534
vt 0.97292 0.56161
vt 0.89753 0.31939
vt 0.89312 0.32726
vt 0.89259 0.31666
vt 0.89451 0.3388
vt 0.88596 0.34306
vt 0.86361 0.34921
vt 0.87607 0.32973
vt 0.90237 0.33525
vt 0.90211 0.35179
vt 0.90088 0.35585
vt 0.93088 0.35774
vt 0.90279 0.31891
vt 0.89684 0.29849
vt 0.93088 0.26071
vt 0.00714 0.25813
vt 0.00833 0.26231
vt 0.00555 0.26734
vt 0.00909 0.25449
vt 0.00714 0.24712
vt 0.00784 0.24258
vt 0.01154 0.24302
vt 0.01099 0.26226
vt 0.0077 0.2365
vt 0.00555 0.23714
vt 0.8773 0.76979
vt 0.81562 0.73984
vt 0.88472 0.75693
vt 0.84119 0.79125
vt 0.82203 0.78797
vt 0.87281 0.78608
vt 0.8472 0.79812
vt 0.84751 0.80339
vt 0.84922 0.83775
vt 0.8441 0.82085
vt 0.87852 0.82068
vt 0.88472 0.83085
vt 0.85523 0.84651
vt 0.8804 0.86741
vt 0.75465 0.39407
vt 0.74074 0.3741
vt 0.76548 0.30736
vt 0.76548 0.46159
vt 0.7564 0.44051
vt 0.75413 0.43306
vt 0.75255 0.44038
vt 0.74649 0.41644
vt 0.73776 0.41374
vt 0.75051 0.43419
vt 0.75091 0.43994
vt 0.74826 0.44422
vt 0.74169 0.43879
vt 0.73722 0.43429
vt 0.72824 0.41789
vt 0.72594 0.44928
vt 0.72723 0.42655
vt 0.71918 0.40249
vt 0.72251 0.43186
vt 0.71678 0.44582
vt 0.70951 0.4466
vt 0.91546 0.98089
vt 0.90966 0.95438
vt 0.92896 0.93781
vt 0.92896 0.96968
vt 0.28657 0.89433
vt 0.27535 0.92068
vt 0.26126 0.92791
vt 0.28095 0.89858
vt 0.27722 0.89555
vt 0.24351 0.92474
vt 0.21562 0.89433
vt 0.22174 0.91515
vt 0.23719 0.93174
vt 0.254 0.93174
vt 0.26929 0.93989
vt 0.23097 0.93388
vt 0.23231 0.92931
vt 0.22543 0.93583
vt 0.21968 0.94121
vt 0.23682 0.93563
vt 0.25356 0.94612
vt 0.23984 0.95068
vt 0.26716 0.95493
vt 0.26647 0.94164
vt 0.27292 0.95103
vt 0.28428 0.96935
vt 0.28622 0.96911
vt 0.87244 0.55015
vt 0.87703 0.62507
vt 0.8211 0.56522
vt 0.86811 0.54654
vt 0.87703 0.50007
vt 0.87375 0.53832
vt 0.23044 0.14047
vt 0.25003 0.15771
vt 0.22381 0.15553
vt 0.23672 0.13275
vt 0.24076 0.12747
vt 0.24539 0.11354
vt 0.23995 0.11725
vt 0.24434 0.11165
vt 0.25003 0.09359
vt 0.23777 0.10853
vt 0.23639 0.12295
vt 0.21875 0.13911
vt 0.2091 0.14138
vt 0.96479 0.30554
vt 0.96655 0.30434
vt 0.97026 0.30773
vt 0.96172 0.30211
vt 0.95378 0.2945
vt 0.95745 0.29374
vt 0.95233 0.28698
vt 0.95622 0.28211
vt 0.9484 0.28687
vt 0.94456 0.27825
vt 0.95925 0.28517
vt 0.97319 0.299
vt 0.96677 0.2811
vt 0.94349 0.26271
vt 0.94184 0.26674
vt 0.94513 0.24846
vt 0.96143 0.24994
vt 0.96152 0.27425
vt 0.97319 0.26576
vt 0.58661 0.74817
vt 0.58322 0.73856
vt 0.58421 0.73568
vt 0.58008 0.72523
vt 0.58413 0.72231
vt 0.58661 0.70636
vt 0.21541 0.90333
vt 0.21503 0.91165
vt 0.21345 0.91182
vt 0.21287 0.92205
vt 0.21448 0.92348
vt 0.21541 0.93286
vt 0.21477 0.93857
vt 0.60148 0.1534
vt 0.60199 0.14935
vt 0.60147 0.16022
vt 0.60199 0.16925
vt 0.93873 0.58526
vt 0.93468 0.60683
vt 0.92933 0.60295
vt 0.94253 0.58924
vt 0.93955 0.60752
vt 0.93781 0.61202
vt 0.93335 0.61274
vt 0.94534 0.61953
vt 0.95101 0.61174
vt 0.94701 0.62315
vt 0.94393 0.60396
vt 0.96 0.60033
vt 0.95944 0.59051
vt 0.95321 0.59398
vt 0.95432 0.58355
vt 0.9655 0.58145
vt 0.96369 0.57245
vt 0.95535 0.56758
vt 0.96215 0.56574
vt 0.94916 0.58048
vt 0.94126 0.56792
vt 0.95316 0.55705
vt 0.96272 0.5616
vt 0.94505 0.54912
vt 0.93749 0.55458
vt 0.94394 0.57873
vt 0.93713 0.55985
vt 0.93214 0.55356
vt 0.93565 0.57037
vt 0.93061 0.56053
vt 0.93235 0.57345
vt 0.92933 0.56903
vt 0.92986 0.56351
vt 0.30588 0.74332
vt 0.31927 0.72116
vt 0.31491 0.74129
vt 0.31927 0.75778
vt 0.96189 0.13071
vt 0.96861 0.13068
vt 0.97294 0.14809
vt 0.96514 0.12168
vt 0.95788 0.11545
vt 0.9712 0.11525
vt 0.97409 0.10091
vt 0.9747 0.12695
vt 0.97409 0.139
vt 0.97342 0.11893
vt 0.98281 0.10924
vt 0.982 0.10165
vt 0.97675 0.09089
vt 0.97111 0.09478
vt 0.96206 0.10177
vt 0.95788 0.09455
vt 0.54814 0.29137
vt 0.54284 0.29811
vt 0.39392 0.29137
vt 0.36964 0.29544
vt 0.18464 0.58853
vt 0.18024 0.5819
vt 0.18464 0.56918
vt 0.1817 0.57054
vt 0.46016 0.54983
vt 0.45529 0.53135
vt 0.46159 0.52861
vt 0.44734 0.52861
vt 0.45452 0.54513
vt 0.45915 0.55007
vt 0.46947 0.60237
vt 0.46853 0.59247
vt 0.47121 0.60124
vt 0.46853 0.61161
vt 0.0944 0.04009
vt 0.09791 0.03605
vt 0.10001 0.04808
vt 0.09742 0.02811
vt 0.09327 0.02892
vt 0.09642 0.0239
vt 0.09947 0.01638
vt 0.09531 0.01207
vt 0.10001 0.00166
vt 0.57939 0.07769
vt 0.57699 0.07697
vt 0.58084 0.07158
vt 0.58084 0.09232
vt 0.08068 0.98514
vt 0.07148 0.98858
vt 0.08642 0.98009
vt 0.07403 0.97243
vt 0.09118 0.97043
vt 0.05696 0.97113
vt 0.0585 0.98606
vt 0.06214 0.95059
vt 0.08278 0.95658
vt 0.08973 0.95365
vt 0.07808 0.94191
vt 0.05883 0.94191
vt 0.08632 0.94777
vt 0.09263 0.95314
vt 0.09424 0.97023
vt 0.09183 0.97036
vt 0.08771 0.98031
vt 0.08743 0.98482
vt 0.08289 0.98625
vt 0.22916 0.99627
vt 0.22615 0.9951
vt 0.22761 0.97445
vt 0.22975 0.98202
vt 0.23867 0.97682
vt 0.24113 0.98893
vt 0.23263 0.96645
vt 0.22862 0.96637
vt 0.24986 0.97802
vt 0.24613 0.99523
vt 0.25772 0.9926
vt 0.25618 0.97098
vt 0.24648 0.97084
vt 0.25268 0.96188
vt 0.25772 0.95284
vt 0.24307 0.95897
vt 0.22435 0.96052
vt 0.21766 0.95703
vt 0.21327 0.95148
vt 0.08922 0.38081
vt 0.09152 0.36861
vt 0.09424 0.36737
vt 0.08922 0.35431
vt 0.44827 0.30954
vt 0.44781 0.29941
vt 0.4539 0.30965
vt 0.4539 0.29943
vt 0.28142 0.34362
vt 0.28524 0.34391
vt 0.28142 0.35376
vt 0.2885 0.35389
vt 0.0577 0.025
vt 0.05448 0.01959
vt 0.05683 0.0153
vt 0.0577 0.00982
vt 0.0576 0.00186
vt 0.65239 0.14212
vt 0.65679 0.13874
vt 0.66162 0.14673
vt 0.64665 0.15
vt 0.64497 0.15605
vt 0.65899 0.16786
vt 0.64702 0.1706
vt 0.65305 0.17767
vt 0.66162 0.18271
vt 0.65368 0.92446
vt 0.6535 0.9175
vt 0.65585 0.93665
vt 0.65241 0.91888
vt 0.65018 0.90146
vt 0.65227 0.89924
vt 0.65009 0.89441
vt 0.65039 0.88271
vt 0.64683 0.87697
vt 0.64769 0.86882
vt 0.63915 0.86115
vt 0.65585 0.856
vt 0.97574 0.37766
vt 0.97962 0.37323
vt 0.98212 0.38081
vt 0.97765 0.36649
vt 0.97141 0.36155
vt 0.98147 0.3721
vt 0.98666 0.37912
vt 0.98314 0.37253
vt 0.98647 0.37886
vt 0.97938 0.35188
vt 0.9827 0.35691
vt 0.98666 0.33925
vt 0.97421 0.34169
vt 0.95224 0.34696
vt 0.97812 0.3346
vt 0.9602 0.33418
vt 0.95588 0.33623
vt 0.95397 0.33102
vt 0.38466 0.35389
vt 0.37783 0.35135
vt 0.38466 0.3434
vt 0.38033 0.34394
vt 0.37504 0.35389
vt 0.37132 0.35206
vt 0.37504 0.34809
vt 0.37393 0.34344
vt 0.37171 0.34497
vt 0.677 0.77125
vt 0.67151 0.77125
vt 0.6764 0.76114
vt 0.67293 0.76168
vt 0.11979 0.50583
vt 0.11979 0.4956
vt 0.12202 0.50468
vt 0.12309 0.49506
vt 0.7671 0.15386
vt 0.76839 0.14382
vt 0.77089 0.15342
vt 0.77425 0.14405
vt 0.77702 0.15371
vt 0.77702 0.14589
vt 0.04608 0.42775
vt 0.04616 0.44813
vt 0.04425 0.43096
vt 0.04378 0.42325
vt 0.04616 0.42197
vt 0.04236 0.42796
vt 0.44609 0.7624
vt 0.4479 0.75618
vt 0.44813 0.76083
vt 0.44437 0.76561
vt 0.44424 0.759
vt 0.44698 0.75381
vt 0.44327 0.75821
vt 0.4405 0.76278
vt 0.44036 0.77091
vt 0.43209 0.76804
vt 0.43317 0.76413
vt 0.43894 0.77821
vt 0.42589 0.77824
vt 0.4265 0.77127
vt 0.43333 0.78466
vt 0.42696 0.78184
vt 0.44162 0.78421
vt 0.43569 0.78811
vt 0.44046 0.79056
vt 0.44545 0.79337
vt 0.44813 0.79339
vt 0.44285 0.79432
vt 0.43859 0.79232
vt 0.43539 0.79002
vt 0.4336 0.79115
vt 0.99562 0.28402
vt 0.99021 0.28597
vt 0.98862 0.28402
vt 0.99369 0.28606
vt 0.0241 0.24618
vt 0.02389 0.24166
vt 0.025 0.24272
vt 0.025 0.23708
vt 0.43272 0.09276
vt 0.43108 0.09702
vt 0.43108 0.08804
vt 0.43274 0.09704
vt 0.43226 0.10194
vt 0.44775 0.41366
vt 0.44917 0.40984
vt 0.45101 0.41702
vt 0.45318 0.40618
vt 0.45818 0.41289
vt 0.4599 0.40838
vt 0.46159 0.40014
vt 0.45327 0.40159
vt 0.45937 0.41928
vt 0.46159 0.41777
vt 0.4587 0.42208
vt 0.452 0.42131
vt 0.45595 0.42457
vt 0.4603 0.42697
vt 0.05942 0.42409
vt 0.06533 0.4263
vt 0.05396 0.42441
vt 0.06734 0.4298
vt 0.06777 0.4282
vt 0.07501 0.42262
vt 0.06105 0.43155
vt 0.05396 0.43237
vt 0.06501 0.43889
vt 0.06906 0.44306
vt 0.07256 0.43699
vt 0.06817 0.44676
vt 0.06574 0.44813
vt 0.06425 0.44558
vt 0.17502 0.43765
vt 0.17145 0.44424
vt 0.17008 0.43775
vt 0.17008 0.44621
vt 0.17245 0.44592
vt 0.99019 0.02385
vt 0.99408 0.02031
vt 0.99675 0.02385
vt 0.99142 0.01949
vt 0.98862 0.01894
vt 0.99173 0.62659
vt 0.99132 0.63143
vt 0.98862 0.63049
vt 0.99369 0.62659
vt 0.99408 0.63179
f 1/1/1 2/2/2 3/3/3
f 4/4/4 5/5/5 6/6/6
f 7/7/7 8/8/8 9/9/9
f 10/10/10 11/11/11 12/12/12
f 13/13/13 14/14/14 15/15/15
f 16/16/16 17/17/17 18/18/18
f 19/19/19 20/20/20 21/21/21
f 22/22/22 23/23/23 24/24/24
f 25/25/25 26/26/26 27/27/27
f 28/28/28 29/29/29 30/30/30
f 31/31/31 32/32/32 33/33/33
f 34/34/34 35/35/35 36/36/36
f 37/37/37 38/38/38 39/39/39
f 40/40/40 41/41/41 42/42/42
f 43/43/43 44/44/44 45/45/45
f 46/46/46 47/47/47 48/48/48
f 49/49/49 50/50/50 51/51/51
f 52/52/52 53/53/53 54/54/54
f 55/55/55 56/56/56 57/57/57
f 58/58/58 59/59/59 60/60/60
f 61/61/61 62/62/62 63/63/63
f 64/64/64 65/65/65 66/66/66
f 67/67/67 68/68/68 69/69/69
f 70/70/70 71/71/71 72/72/72
f 73/73/73 74/74/74 75/75/75
f 76/76/76 77/77/77 78/78/78
f 79/79/79 80/80/80 81/81/81
f 82/82/82 83/83/83 84/84/84
f 85/85/85 86/86/86 87/87/87
f 88/88/88 89/89/89 90/90/90
f 91/91/91 92/92/92 93/93/93
f 94/94/94 95/95/95 96/96/96
f 97/97/97 98/98/98 99/99/99
f 100/100/100 101/101/101 102/102/102
f 103/103/103 104/104/104 105/105/105
f 106/106/106 107/107/107 108/108/108
f 109/109/109 110/110/110 111/111/111
f 112/112/112 113/113/113 114/114/114
f 115/115/115 116/116/116 117/117/117
f 118/118/118 119/119/119 120/120/120
f 121/121/121 122/122/122 123/123/123
f 124/124/124 125/125/125 126/126/126
f 127/127/127 128/128/128 129/129/129
f 130/130/130 131/131/131 132/132/132
f 133/133/133 134/134/134 135/135/135
f 136/136/136 137/137/137 138/138/138
f 139/139/139 140/140/140 141/141/141
f 142/142/142 143/143/143 144/144/144
f 145/145/145 146/146/146 147/147/147
f 148/148/148 149/149/149 150/150/150
f 151/151/151 152/152/152 153/153/153
f 154/154/154 155/155/155 156/156/156
f 157/157/157 158/158/158 159/159/159
f 160/160/160 161/161/161 162/162/162
f 163/163/163 164/164/164 165/165/165
f 166/166/166 167/167/167 168/168/168
f 169/169/169 170/170/170 171/171/171
f 172/172/172 173/173/173 174/174/174
f 175/175/175 176/176/176 177/177/177
f 178/178/178 179/179/179 180/180/180
f 181/181/181 182/182/182 183/183/183
f 184/184/184 185/185/185 186/186/186
f 187/187/187 188/188/188 189/189/189
f 190/190/190 191/191/191 192/192/192
f 193/193/193 194/194/194 195/195/195
f 196/196/196 197/197/197 198/198/198
f 199/199/199 200/200/200 201/201/201
f 202/202/202 203/203/203 204/204/204
f 205/205/205 206/206/206 207/207/207
f 208/208/208 209/209/209 210/210/210
f 211/211/211 212/212/212 213/213/213
f 214/214/214 215/215/215 216/216/216
f 217/217/217 218/218/218 219/219/219
f 220/220/220 221/221/221 222/222/222
f 223/223/223 224/224/224 225/225/225
f 226/226/226 227/227/227 228/228/228
f 229/229/229 230/230/230 231/231/231
f 232/232/232 233/233/233 234/234/234
f 235/235/235 236/236/236 237/237/237
f 238/238/238 239/239/239 240/240/240
f 241/241/241 242/242/242 243/243/243
f 244/244/244 245/245/245 246/246/246
f 247/247/247 248/248/248 249/249/249
f 250/250/250 251/251/251 252/252/252
f 253/253/253 254/254/254 255/255/255
f 256/256/256 257/257/257 258/258/258
f 259/259/259 260/260/260 261/261/261
f 262/262/262 263/263/263 264/264/264
f 265/265/265 266/266/266 267/267/267
f 268/268/268 269/269/269 270/270/270
f 271/271/271 272/272/272 273/273/273
f 274/274/274 275/275/275 276/276/276
f 277/277/277 278/278/278 279/279/279
f 280/280/280 281/281/281 282/282/282
f 283/283/283 284/284/284 285/285/285
f 286/286/286 287/287/287 288/288/288
f 289/289/289 290/290/290 291/291/291
f 292/292/292 293/293/293 294/294/294
f 295/295/295 296/296/296 297/297/297
f 298/298/298 299/299/299 300/300/300
f 301/301/301 302/302/302 303/303/303
f 304/304/304 305/305/305 306/306/306
f 307/307/307 308/308/308 309/309/309
f 310/310/310 311/311/311 312/312/312
f 313/313/313 314/314/314 315/315/315
f 316/316/316 317/317/317 318/318/318
f 319/319/319 320/320/320 321/321/321
f 322/322/322 323/323/323 324/324/324
f 325/325/325 326/326/326 327/327/327
f 328/328/328 329/329/329 330/330/330
f 331/331/331 332/332/332 333/333/333
f 334/334/334 335/335/335 336/336/336
f 337/337/337 338/338/338 339/339/339
f 340/340/340 341/341/341 342/342/342
f 343/343/343 344/344/344 345/345/345
f 346/346/346 347/347/347 348/348/348
f 349/349/349 350/350/350 351/351/351
f 352/352/352 353/353/353 354/354/354
f 355/355/355 356/356/356 357/357/357
f 358/358/358 359/359/359 360/360/360
f 361/361/361 362/362/362 363/363/363
f 364/364/364 365/365/365 366/366/366
f 367/367/367 368/368/368 369/369/369
f 370/370/370 371/371/371 372/372/372
f 373/373/373 374/374/374 375/375/375
f 376/376/376 377/377/377 378/378/378
f 379/379/379 380/380/380 381/381/381
f 382/382/382 383/383/383 384/384/384
f 385/385/385 386/386/386 387/387/387
f 388/388/388 389/389/389 390/390/390
f 391/391/391 392/392/392 393/393/393
f 394/394/394 395/395/395 396/396/396
f 397/397/397 398/398/398 399/399/399
f 400/400/400 401/401/401 402/402/402
f 403/403/403 404/404/404 405/405/405
f 406/406/406 407/407/407 408/408/408
f 409/409/409 410/410/410 411/411/411
f 412/412/412 413/413/413 414/414/414
f 415/415/415 416/416/416 417/417/417
f 418/418/418 419/419/419 420/420/420
f 421/421/421 422/422/422 423/423/423
f 424/424/424 425/425/425 426/426/426
f 427/427/427 428/428/428 429/429/429
f 430/430/430 431/431/431 432/432/432
f 433/433/433 434/434/434 435/435/435
f 436/436/436 437/437/437 438/438/438
f 439/439/439 440/440/440 441/441/441
f 442/442/442 443/443/443 444/444/444
f 445/445/445 446/446/446 447/447/447
f 448/448/448 449/449/449 450/450/450
f 451/451/451 452/452/452 453/453/453
f 454/454/454 455/455/455 456/456/456
f 457/457/457 458/458/458 459/459/459
f 460/460/460 461/461/461 462/462/462
f 463/463/463 464/464/464 465/465/465
f 466/466/466 467/467/467 468/468/468
f 469/469/469 470/470/470 471/471/471
f 472/472/472 473/473/473 474/474/474
f 475/475/475 476/476/476 477/477/477
f 478/478/478 479/479/479 480/480/480
f 481/481/481 482/482/482 483/483/483
f 484/484/484 485/485/485 486/486/486
f 487/487/487 488/488/488 489/489/489
f 490/490/490 491/491/491 492/492/492
f 493/493/493 494/494/494 495/495/495
f 496/496/496 497/497/497 498/498/498
f 499/499/499 500/500/500 501/501/501
f 502/502/502 503/503/503 504/504/504
f 505/505/505 506/506/506 507/507/507
f 508/508/508 509/509/509 510/510/510
f 511/511/511 512/512/512 513/513/513
f 514/514/514 515/515/515 516/516/516
f 517/517/517 518/518/518 519/519/519
f 520/520/520 521/521/521 522/522/522
f 523/523/523 524/524/524 525/525/525
f 526/526/526 527/527/527 528/528/528
f 529/529/529 530/530/530 531/531/531
f 532/532/532 533/533/533 534/534/534
f 535/535/535 536/536/536 537/537/537
f 538/538/538 539/539/539 540/540/540
f 541/541/541 542/542/542 543/543/543
f 544/544/544 545/545/545 546/546/546
f 547/547/547 548/548/548 549/549/549
f 550/550/550 551/551/551 552/552/552
f 553/553/553 554/554/554 555/555/555
f 556/556/556 557/557/557 558/558/558
f 559/559/559 560/560/560 561/561/561
f 562/562/562 563/563/563 564/564/564
f 565/565/565 566/566/566 567/567/567
f 568/568/568 569/569/569 570/570/570
f 571/571/571 572/572/572 573/573/573
f 574/574/574 575/575/575 576/576/576
f 577/577/577 578/578/578 579/579/579
f 580/580/580 581/581/581 582/582/582
f 583/583/583 584/584/584 585/585/585
f 586/586/586 587/587/587 588/588/588
f 589/589/589 590/590/590 591/591/591
f 592/592/592 593/593/593 594/594/594
f 595/595/595 596/596/596 597/597/597
f 598/598/598 599/599/599 600/600/600
f 601/601/601 602/602/602 603/603/603
f 604/604/604 605/605/605 606/606/606
f 607/607/607 608/608/608 609/609/609
f 610/610/610 611/611/611 612/612/612
f 613/613/613 614/614/614 615/615/615
f 616/616/616 617/617/617 618/618/618
f 619/619/619 620/620/620 621/621/621
f 622/622/622 623/623/623 624/624/624
f 625/625/625 626/626/626 627/627/627
f 628/628/628 629/629/629 630/630/630
f 631/631/631 632/632/632 633/633/633
f 634/634/634 635/635/635 636/636/636
f 637/637/637 638/638/638 639/639/639
f 640/640/640 641/641/641 642/642/642
f 643/643/643 644/644/644 645/645/645
f 646/646/646 647/647/647 648/648/648
f 649/649/649 650/650/650 651/651/651
f 652/652/652 653/653/653 654/654/654
f 655/655/655 656/656/656 657/657/657
f 658/658/658 659/659/659 660/660/660
f 661/661/661 662/662/662 663/663/663
f 664/664/664 665/665/665 666/666/666
f 667/667/667 668/668/668 669/669/669
f 670/670/670 671/671/671 672/672/672
f 673/673/673 674/674/674 675/675/675
f 676/676/676 677/677/677 678/678/678
f 679/679/679 680/680/680 681/681/681
f 682/682/682 683/683/683 684/684/684
f 685/685/685 686/686/686 687/687/687
f 688/688/688 689/689/689 690/690/690
f 691/691/691 692/692/692 693/693/693
f 694/694/694 695/695/695 696/696/696
f 697/697/697 698/698/698 699/699/699
f 700/700/700 701/701/701 702/702/702
f 703/703/703 704/704/704 705/705/705
f 706/706/706 707/707/707 708/708/708
f 709/709/709 710/710/710 711/711/711
f 712/712/712 713/713/713 714/714/714
f 715/715/715 716/716/716 717/717/717
f 718/718/718 719/719/719 720/720/720
f 721/721/721 722/722/722 723/723/723
f 724/724/724 725/725/725 726/726/726
f 727/727/727 728/728/728 729/729/729
f 730/730/730 731/731/731 732/732/732
f 733/733/733 734/734/734 735/735/735
f 736/736/736 737/737/737 738/738/738
f 739/739/739 740/740/740 741/741/741
f 742/742/742 743/743/743 744/744/744
f 745/745/745 746/746/746 747/747/747
f 748/748/748 749/749/749 750/750/750
f 751/751/751 752/752/752 753/753/753
f 754/754/754 755/755/755 756/756/756
f 757/757/757 758/758/758 759/759/759
f 760/760/760 761/761/761 762/762/762
f 763/763/763 764/764/764 765/765/765
f 766/766/766 767/767/767 768/768/768
f 769/769/769 770/770/770 771/771/771
f 772/772/772 773/773/773 774/774/774
f 775/775/775 776/776/776 777/777/777
f 778/778/778 779/779/779 780/780/780
f 781/781/781 782/782/782 783/783/783
f 784/784/784 785/785/785 786/786/786
f 787/787/787 788/788/788 789/789/789
f 790/790/790 791/791/791 792/792/792
f 793/793/793 794/794/794 795/795/795
f 796/796/796 797/797/797 798/798/798
f 799/799/799 800/800/800 801/801/801
f 802/802/802 803/803/803 804/804/804
f 805/805/805 806/806/806 807/807/807
f 808/808/808 809/809/809 810/810/810
f 811/811/811 812/812/812 813/813/813
f 814/814/814 815/815/815 816/816/816
f 817/817/817 818/818/818 819/819/819
f 820/820/820 821/821/821 822/822/822
f 823/823/823 824/824/824 825/825/825
f 826/826/826 827/827/827 828/828/828
f 829/829/829 830/830/830 831/831/831
f 832/832/832 833/833/833 834/834/834
f 835/835/835 836/836/836 837/837/837
f 838/838/838 839/839/839 840/840/840
f 841/841/841 842/842/842 843/843/843
f 844/844/844 845/845/845 846/846/846
f 847/847/847 848/848/848 849/849/849
f 850/850/850 851/851/851 852/852/852
f 853/853/853 854/854/854 855/855/855
f 856/856/856 857/857/857 858/858/858
f 859/859/859 860/860/860 861/861/861
f 862/862/862 863/863/863 864/864/864
f 865/865/865 866/866/866 867/867/867
f 868/868/868 869/869/869 870/870/870
f 871/871/871 872/872/872 873/873/873
f 874/874/874 875/875/875 876/876/876
f 877/877/877 878/878/878 879/879/879
f 880/880/880 881/881/881 882/882/882
f 883/883/883 884/884/884 885/885/885
f 886/886/886 887/887/887 888/888/888
f 889/889/889 890/890/890 891/891/891
f 892/892/892 893/893/893 894/894/894
f 895/895/895 896/896/896 897/897/897
f 898/898/898 899/899/899 900/900/900
f 901/901/901 902/902/902 903/903/903
f 904/904/904 905/905/905 906/906/906
f 907/907/907 908/908/908 909/909/909
f 910/910/910 911/911/911 912/912/912
f 913/913/913 914/914/914 915/915/915
f 916/916/916 917/917/917 918/918/918
f 919/919/919 920/920/920 921/921/921
f 922/922/922 923/923/923 924/924/924
f 925/925/925 926/926/926 927/927/927
f 928/928/928 929/929/929 930/930/930
f 931/931/931 932/932/932 933/933/933
f 934/934/934 935/935/935 936/936/936
f 937/937/937 938/938/938 939/939/939
f 940/940/940 941/941/941 942/942/942
f 943/943/943 944/944/944 945/945/945
f 946/946/946 947/947/947 948/948/948
f 949/949/949 950/950/950 951/951/951
f 952/952/952 953/953/953 954/954/954
f 955/955/955 956/956/956 957/957/957
f 958/958/958 959/959/959 960/960/960
f 961/961/961 962/962/962 963/963/963
f 964/964/964 965/965/965 966/966/966
f 967/967/967 968/968/968 969/969/969
f 970/970/970 971/971/971 972/972/972
f 973/973/973 974/974/974 975/975/975
f 976/976/976 977/977/977 978/978/978
f 979/979/979 980/980/980 981/981/981
f 982/982/982 983/983/983 984/984/984
f 985/985/985 986/986/986 987/987/987
f 988/988/988 989/989/989 990/990/990
f 991/991/991 992/992/992 993/993/993
f 994/994/994 995/995/995 996/996/996
f 997/997/997 998/998/998 999/999/999
f 1000/1000/1000 1001/1001/1001 1002/1002/1002
f 1003/1003/1003 1004/1004/1004 1005/1005/1005
f 1006/1006/1006 1007/1007/1007 1008/1008/1008
f 1009/1009/1009 1010/1010/1010 1011/1011/1011
f 1012/1012/1012 1013/1013/1013 1014/1014/1014
f 1015/1015/1015 1016/1016/1016 1017/1017/1017
f 1018/1018/1018 1019/1019/1019 1020/1020/1020
f 1021/1021/1021 1022/1022/1022 1023/1023/1023
f 1024/1024/1024 1025/1025/1025 1026/1026/1026
f 1027/1027/1027 1028/1028/1028 1029/1029/1029
f 1030/1030/1030 1031/1031/1031 1032/1032/1032
f 1033/1033/1033 1034/1034/1034 1035/1035/1035
f 1036/1036/1036 1037/1037/1037 1038/1038/1038
f 1039/1039/1039 1040/1040/1040 1041/1041/1041
f 1042/1042/1042 1043/1043/1043 1044/1044/1044
f 1045/1045/1045 1046/1046/1046 1047/1047/1047
f 1048/1048/1048 1049/1049/1049 1050/1050/1050
f 1051/1051/1051 1052/1052/1052 1053/1053/1053
f 1054/1054/1054 1055/1055/1055 1056/1056/1056
f 1057/1057/1057 1058/1058/1058 1059/1059/1059
f 1060/1060/1060 1061/1061/1061 1062/1062/1062
f 1063/1063/1063 1064/1064/1064 1065/1065/1065
f 1066/1066/1066 1067/1067/1067 1068/1068/1068
f 1069/1069/1069 1070/1070/1070 1071/1071/1071
f 1072/1072/1072 1073/1073/1073 1074/1074/1074
f 1075/1075/1075 1076/1076/1076 1077/1077/1077
f 1078/1078/1078 1079/1079/1079 1080/1080/1080
f 1081/1081/1081 1082/1082/1082 1083/1083/1083
f 1084/1084/1084 1085/1085/1085 1086/1086/1086
f 1087/1087/1087 1088/1088/1088 1089/1089/1089
f 1090/1090/1090 1091/1091/1091 1092/1092/1092
f 1093/1093/1093 1094/1094/1094 1095/1095/1095
f 1096/1096/1096 1097/1097/1097 1098/1098/1098
f 1099/1099/1099 1100/1100/1100 1101/1101/1101
f 1102/1102/1102 1103/1103/1103 1104/1104/1104
f 1105/1105/1105 1106/1106/1106 1107/1107/1107
f 1108/1108/1108 1109/1109/1109 1110/1110/1110
f 1111/1111/1111 1112/1112/1112 1113/1113/1113
f 1114/1114/1114 1115/1115/1115 1116/1116/1116
f 1117/1117/1117 1118/1118/1118 1119/1119/1119
f 1120/1120/1120 1121/1121/1121 1122/1122/1122
f 1123/1123/1123 1124/1124/1124 1125/1125/1125
f 1126/1126/1126 1127/1127/1127 1128/1128/1128
f 1129/1129/1129 1130/1130/1130 1131/1131/1131
f 1132/1132/1132 1133/1133/1133 1134/1134/1134
f 1135/1135/1135 1136/1136/1136 1137/1137/1137
f 1138/1138/1138 1139/1139/1139 1140/1140/1140
f 1141/1141/1141 1142/1142/1142 1143/1143/1143
f 1144/1144/1144 1145/1145/1145 1146/1146/1146
f 1147/1147/1147 1148/1148/1148 1149/1149/1149
f 1150/1150/1150 1151/1151/1151 1152/1152/1152
f 1153/1153/1153 1154/1154/1154 1155/1155/1155
f 1156/1156/1156 1157/1157/1157 1158/1158/1158
f 1159/1159/1159 1160/1160/1160 1161/1161/1161
f 1162/1162/1162 1163/1163/1163 1164/1164/1164
f 1165/1165/1165 1166/1166/1166 1167/1167/1167
f 1168/1168/1168 1169/1169/1169 1170/1170/1170
f 1171/1171/1171 1172/1172/1172 1173/1173/1173
f 1174/1174/1174 1175/1175/1175 1176/1176/1176
f 1177/1177/1177 1178/1178/1178 1179/1179/1179
f 1180/1180/1180 1181/1181/1181 1182/1182/1182
f 1183/1183/1183 1184/1184/1184 1185/1185/1185
f 1186/1186/1186 1187/1187/1187 1188/1188/1188
f 1189/1189/1189 1190/1190/1190 1191/1191/1191
f 1192/1192/1192 1193/1193/1193 1194/1194/1194
f 1195/1195/1195 1196/1196/1196 1197/1197/1197
f 1198/1198/1198 1199/1199/1199 1200/1200/1200
f 1201/1201/1201 1202/1202/1202 1203/1203/1203
f 1204/1204/1204 1205/1205/1205 1206/1206/1206
f 1207/1207/1207 1208/1208/1208 1209/1209/1209
f 1210/1210/1210 1211/1211/1211 1212/1212/1212
f 1213/1213/1213 1214/1214/1214 1215/1215/1215
f 1216/1216/1216 1217/1217/1217 1218/1218/1218
f 1219/1219/1219 1220/1220/1220 1221/1221/1221
f 1222/1222/1222 1223/1223/1223 1224/1224/1224
f 1225/1225/1225 1226/1226/1226 1227/1227/1227
f 1228/1228/1228 1229/1229/1229 1230/1230/1230
f 1231/1231/1231 1232/1232/1232 1233/1233/1233
f 1234/1234/1234 1235/1235/1235 1236/1236/1236
f 1237/1237/1237 1238/1238/1238 1239/1239/1239
f 1240/1240/1240 1241/1241/1241 1242/1242/1242
f 1243/1243/1243 1244/1244/1244 1245/1245/1245
f 1246/1246/1246 1247/1247/1247 1248/1248/1248
f 1249/1249/1249 1250/1250/1250 1251/1251/1251
f 1252/1252/1252 1253/1253/1253 1254/1254/1254
f 1255/1255/1255 1256/1256/1256 1257/1257/1257
f 1258/1258/1258 1259/1259/1259 1260/1260/1260
f 1261/1261/1261 1262/1262/1262 1263/1263/1263
f 1264/1264/1264 1265/1265/1265 1266/1266/1266
f 1267/1267/1267 1268/1268/1268 1269/1269/1269
f 1270/1270/1270 1271/1271/1271 1272/1272/1272
f 1273/1273/1273 1274/1274/1274 1275/1275/1275
f 1276/1276/1276 1277/1277/1277 1278/1278/1278
f 1279/1279/1279 1280/1280/1280 1281/1281/1281
f 1282/1282/1282 1283/1283/1283 1284/1284/1284
f 1285/1285/1285 1286/1286/1286 1287/1287/1287
f 1288/1288/1288 1289/1289/1289 1290/1290/1290
f 1291/1291/1291 1292/1292/1292 1293/1293/1293
f 1294/1294/1294 1295/1295/1295 1296/1296/1296
f 1297/1297/1297 1298/1298/1298 1299/1299/1299
f 1300/1300/1300 1301/1301/1301 1302/1302/1302
f 1303/1303/1303 1304/1304/1304 1305/1305/1305
f 1306/1306/1306 1307/1307/1307 1308/1308/1308
f 1309/1309/1309 1310/1310/1310 1311/1311/1311
f 1312/1312/1312 1313/1313/1313 1314/1314/1314
f 1315/1315/1315 1316/1316/1316 1317/1317/1317
f 1318/1318/1318 1319/1319/1319 1320/1320/1320
f 1321/1321/1321 1322/1322/1322 1323/1323/1323
f 1324/1324/1324 1325/1325/1325 1326/1326/1326
f 1327/1327/1327 1328/1328/1328 1329/1329/1329
f 1330/1330/1330 1331/1331/1331 1332/1332/1332
f 1333/1333/1333 1334/1334/1334 1335/1335/1335
f 1336/1336/1336 1337/1337/1337 1338/1338/1338
f 1339/1339/1339 1340/1340/1340 1341/1341/1341
f 1342/1342/1342 1343/1343/1343 1344/1344/1344
f 1345/1345/1345 1346/1346/1346 1347/1347/1347
f 1348/1348/1348 1349/1349/1349 1350/1350/1350
f 1351/1351/1351 1352/1352/1352 1353/1353/1353
f 1354/1354/1354 1355/1355/1355 1356/1356/1356
f 1357/1357/1357 1358/1358/1358 1359/1359/1359
f 1360/1360/1360 1361/1361/1361 1362/1362/1362
f 1363/1363/1363 1364/1364/1364 1365/1365/1365
f 1366/1366/1366 1367/1367/1367 1368/1368/1368
f 1369/1369/1369 1370/1370/1370 1371/1371/1371
f 1372/1372/1372 1373/1373/1373 1374/1374/1374
f 1375/1375/1375 1376/1376/1376 1377/1377/1377
f 1378/1378/1378 1379/1379/1379 1380/1380/1380
f 1381/1381/1381 1382/1382/1382 1383/1383/1383
f 1384/1384/1384 1385/1385/1385 1386/1386/1386
f 1387/1387/1387 1388/1388/1388 1389/1389/1389
f 1390/1390/1390 1391/1391/1391 1392/1392/1392
f 1393/1393/1393 1394/1394/1394 1395/1395/1395
f 1396/1396/1396 1397/1397/1397 1398/1398/1398
f 1399/1399/1399 1400/1400/1400 1401/1401/1401
f 1402/1402/1402 1403/1403/1403 1404/1404/1404
f 1405/1405/1405 1406/1406/1406 1407/1407/1407
f 1408/1408/1408 1409/1409/1409 1410/1410/1410
f 1411/1411/1411 1412/1412/1412 1413/1413/1413
f 1414/1414/1414 1415/1415/1415 1416/1416/1416
f 1417/1417/1417 1418/1418/1418 1419/1419/1419
f 1420/1420/1420 1421/1421/1421 1422/1422/1422
f 1423/1423/1423 1424/1424/1424 1425/1425/1425
f 1426/1426/1426 1427/1427/1427 1428/1428/1428
f 1429/1429/1429 1430/1430/1430 1431/1431/1431
f 1432/1432/1432 1433/1433/1433 1434/1434/1434
f 1435/1435/1435 1436/1436/1436 1437/1437/1437
f 1438/1438/1438 1439/1439/1439 1440/1440/1440
f 1441/1441/1441 1442/1442/1442 1443/1443/1443
f 1444/1444/1444 1445/1445/1445 1446/1446/1446
f 1447/1447/1447 1448/1448/1448 1449/1449/1449
f 1450/1450/1450 1451/1451/1451 1452/1452/1452
f 1453/1453/1453 1454/1454/1454 1455/1455/1455
f 1456/1456/1456 1457/1457/1457 1458/1458/1458
f 1459/1459/1459 1460/1460/1460 1461/1461/1461
f 1462/1462/1462 1463/1463/1463 1464/1464/1464
f 1465/1465/1465 1466/1466/1466 1467/1467/1467
f 1468/1468/1468 1469/1469/1469 1470/1470/1470
f 1471/1471/1471 1472/1472/1472 1473/1473/1473
f 1474/1474/1474 1475/1475/1475 1476/1476/1476
f 1477/1477/1477 1478/1478/1478 1479/1479/1479
f 1480/1480/1480 1481/1481/1481 1482/1482/1482
f 1483/1483/1483 1484/1484/1484 1485/1485/1485
f 1486/1486/1486 1487/1487/1487 1488/1488/1488
f 1489/1489/1489 1490/1490/1490 1491/1491/1491
f 1492/1492/1492 1493/1493/1493 1494/1494/1494
f 1495/1495/1495 1496/1496/1496 1497/1497/1497
f 1498/1498/1498 1499/1499/1499 1500/1500/1500
f 1501/1501/1501 1502/1502/1502 1503/1503/1503
f 1504/1504/1504 1505/1505/1505 1506/1506/1506
f 1507/1507/1507 1508/1508/1508 1509/1509/1509
f 1510/1510/1510 1511/1511/1511 1512/1512/1512
f 1513/1513/1513 1514/1514/1514 1515/1515/1515
f 1516/1516/1516 1517/1517/1517 1518/1518/1518
f 1519/1519/1519 1520/1520/1520 1521/1521/1521
f 1522/1522/1522 1523/1523/1523 1524/1524/1524
f 1525/1525/1525 1526/1526/1526 1527/1527/1527
f 1528/1528/1528 1529/1529/1529 1530/1530/1530
f 1531/1531/1531 1532/1532/1532 1533/1533/1533
f 1534/1534/1534 1535/1535/1535 1536/1536/1536
f 1537/1537/1537 1538/1538/1538 1539/1539/1539
f 1540/1540/1540 1541/1541/1541 1542/1542/1542
f 1543/1543/1543 1544/1544/1544 1545/1545/1545
f 1546/1546/1546 1547/1547/1547 1548/1548/1548
f 1549/1549/1549 1550/1550/1550 1551/1551/1551
f 1552/1552/1552 1553/1553/1553 1554/1554/1554
f 1555/1555/1555 1556/1556/1556 1557/1557/1557
f 1558/1558/1558 1559/1559/1559 1560/1560/1560
f 1561/1561/1561 1562/1562/1562 1563/1563/1563
f 1564/1564/1564 1565/1565/1565 1566/1566/1566
f 1567/1567/1567 1568/1568/1568 1569/1569/1569
f 1570/1570/1570 1571/1571/1571 1572/1572/1572
f 1573/1573/1573 1574/1574/1574 1575/1575/1575
f 1576/1576/1576 1577/1577/1577 1578/1578/1578
f 1579/1579/1579 1580/1580/1580 1581/1581/1581
f 1582/1582/1582 1583/1583/1583 1584/1584/1584
f 1585/1585/1585 1586/1586/1586 1587/1587/1587
f 1588/1588/1588 1589/1589/1589 1590/1590/1590
f 1591/1591/1591 1592/1592/1592 1593/1593/1593
f 1594/1594/1594 1595/1595/1595 1596/1596/1596
f 1597/1597/1597 1598/1598/1598 1599/1599/1599
f 1600/1600/1600 1601/1601/1601 1602/1602/1602
f 1603/1603/1603 1604/1604/1604 1605/1605/1605
f 1606/1606/1606 1607/1607/1607 1608/1608/1608
f 1609/1609/1609 1610/1610/1610 1611/1611/1611
f 1612/1612/1612 1613/1613/1613 1614/1614/1614
f 1615/1615/1615 1616/1616/1616 1617/1617/1617
f 1618/1618/1618 1619/1619/1619 1620/1620/1620
f 1621/1621/1621 1622/1622/1622 1623/1623/1623
f 1624/1624/1624 1625/1625/1625 1626/1626/1626
f 1627/1627/1627 1628/1628/1628 1629/1629/1629
f 1630/1630/1630 1631/1631/1631 1632/1632/1632
f 1633/1633/1633 1634/1634/1634 1635/1635/1635
f 1636/1636/1636 1637/1637/1637 1638/1638/1638
f 1639/1639/1639 1640/1640/1640 1641/1641/1641
f 1642/1642/1642 1643/1643/1643 1644/1644/1644
f 1645/1645/1645 1646/1646/1646 1647/1647/1647
f 1648/1648/1648 1649/1649/1649 1650/1650/1650
f 1651/1651/1651 1652/1652/1652 1653/1653/1653
f 1654/1654/1654 1655/1655/1655 1656/1656/1656
f 1657/1657/1657 1658/1658/1658 1659/1659/1659
f 1660/1660/1660 1661/1661/1661 1662/1662/1662
f 1663/1663/1663 1664/1664/1664 1665/1665/1665
f 1666/1666/1666 1667/1667/1667 1668/1668/1668
f 1669/1669/1669 1670/1670/1670 1671/1671/1671
f 1669/1669/1669 1672/1672/1672 1670/1670/1670
f 1669/1669/1669 1673/1673/1673 1672/1672/1672
f 1674/1674/1674 1675/1675/1675 1676/1676/1676
f 1674/1674/1674 1676/1676/1676 1677/1677/1677
f 1678/1678/1678 1679/1679/1679 1680/1680/1680
f 1680/1680/1680 1681/1681/1681 1678/1678/1678
f 1682/1682/1682 1683/1683/1683 1684/1684/1684
f 1683/1683/1683 1682/1682/1682 1685/1685/1685
f 1685/1685/1685 1686/1686/1686 1683/1683/1683
f 1683/1683/1683 1686/1686/1686 1687/1687/1687
f 1683/1683/1683 1687/1687/1687 1688/1688/1688
f 1685/1685/1685 1689/1689/1689 1686/1686/1686
f 1685/1685/1685 1690/1690/1690 1689/1689/1689
f 1691/1691/1691 1690/1690/1690 1685/1685/1685
f 1692/1692/1692 1693/1693/1693 1694/1694/1694
f 1695/1695/1695 1693/1693/1693 1692/1692/1692
f 1692/1692/1692 1696/1696/1696 1695/1695/1695
f 1696/1696/1696 1697/1697/1697 1695/1695/1695
f 1695/1695/1695 1698/1698/1698 1693/1693/1693
f 1699/1699/1699 1698/1698/1698 1695/1695/1695
f 1699/1699/1699 1700/1700/1700 1698/1698/1698
f 1699/1699/1699 1701/1701/1701 1700/1700/1700
f 1702/1702/1702 1700/1700/1700 1701/1701/1701
f 1703/1703/1703 1704/1704/1704 1705/1705/1705
f 1703/1703/1703 1705/1705/1705 1706/1706/1706
f 1703/1703/1703 1706/1706/1706 1707/1707/1707
f 1708/1708/1708 1709/1709/1709 1710/1710/1710
f 1709/1709/1709 1711/1711/1711 1710/1710/1710
f 1712/1712/1712 1713/1713/1713 1714/1714/1714
f 1712/1712/1712 1714/1714/1714 1715/1715/1715
f 1716/1716/1716 1717/1717/1717 1718/1718/1718
f 1716/1716/1716 1719/1719/1719 1717/1717/1717
f 1720/1720/1720 1721/1721/1721 1722/1722/1722
f 1720/1720/1720 1723/1723/1723 1721/1721/1721
f 1724/1724/1724 1725/1725/1725 1726/1726/1726
f 1727/1727/1727 1725/1725/1725 1724/1724/1724
f 1728/1728/1728 1729/1729/1729 1730/1730/1730
f 1729/1729/1729 1731/1731/1731 1730/1730/1730
f 1730/1730/1730 1731/1731/1731 1732/1732/1732
f 1732/1732/1732 1731/1731/1731 1733/1733/1733
f 1732/1732/1732 1733/1733/1733 1734/1734/1734
f 1729/1729/1729 1735/1735/1735 1731/1731/1731
f 1729/1729/1729 1736/1736/1736 1735/1735/1735
f 1736/1736/1736 1737/1737/1737 1735/1735/1735
f 1738/1738/1738 1737/1737/1737 1736/1736/1736
f 1739/1739/1739 1738/1738/1738 1736/1736/1736
f 1738/1738/1738 1740/1740/1740 1737/1737/1737
f 1741/1741/1741 1740/1740/1740 1738/1738/1738
f 1742/1742/1742 1740/1740/1740 1741/1741/1741
f 1743/1743/1743 1742/1742/1742 1741/1741/1741
f 1742/1742/1742 1744/1744/1744 1740/1740/1740
f 1742/1742/1742 1745/1745/1745 1744/1744/1744
f 1745/1745/1745 1746/1746/1746 1744/1744/1744
f 1747/1747/1747 1748/1748/1748 1749/1749/1749
f 1750/1750/1750 1747/1747/1747 1749/1749/1749
f 1750/1750/1750 1749/1749/1749 1751/1751/1751
f 1752/1752/1752 1753/1753/1753 1754/1754/1754
f 1753/1753/1753 1755/1755/1755 1754/1754/1754
f 1756/1756/1756 1757/1757/1757 1758/1758/1758
f 1759/1759/1759 1760/1760/1760 1761/1761/1761
f 1762/1762/1762 1763/1763/1763 1764/1764/1764
f 1763/1763/1763 1765/1765/1765 1764/1764/1764
f 1766/1766/1766 1765/1765/1765 1763/1763/1763
f 1766/1766/1766 1767/1767/1767 1765/1765/1765
f 1768/1768/1768 1769/1769/1769 1770/1770/1770
f 1770/1770/1770 1769/1769/1769 1771/1771/1771
f 1772/1772/1772 1773/1773/1773 1774/1774/1774
f 1772/1772/1772 1775/1775/1775 1773/1773/1773
f 1776/1776/1776 1777/1777/1777 1778/1778/1778
f 1776/1776/1776 1779/1779/1779 1777/1777/1777
f 1780/1780/1780 1781/1781/1781 1782/1782/1782
f 1782/1782/1782 1781/1781/1781 1783/1783/1783
f 1784/1784/1784 1785/1785/1785 1786/1786/1786
f 1786/1786/1786 1785/1785/1785 1787/1787/1787
f 1788/1788/1788 1789/1789/1789 1790/1790/1790
f 1790/1790/1790 1791/1791/1791 1788/1788/1788
f 1790/1790/1790 1792/1792/1792 1791/1791/1791
f 1792/1792/1792 1790/1790/1790 1793/1793/1793
f 1788/1788/1788 1791/1791/1791 1794/1794/1794
f 1788/1788/1788 1794/1794/1794 1795/1795/1795
f 1794/1794/1794 1791/1791/1791 1796/1796/1796
f 1797/1797/1797 1794/1794/1794 1796/1796/1796
f 1791/1791/1791 1798/1798/1798 1796/1796/1796
f 1791/1791/1791 1792/1792/1792 1798/1798/1798
f 1792/1792/1792 1799/1799/1799 1798/1798/1798
f 1792/1792/1792 1793/1793/1793 1799/1799/1799
f 1799/1799/1799 1793/1793/1793 1800/1800/1800
f 1800/1800/1800 1793/1793/1793 1801/1801/1801
f 1800/1800/1800 1801/1801/1801 1802/1802/1802
f 1800/1800/1800 1802/1802/1802 1803/1803/1803
f 1801/1801/1801 1804/1804/1804 1802/1802/1802
f 1802/1802/1802 1804/1804/1804 1805/1805/1805
f 1806/1806/1806 1802/1802/1802 1805/1805/1805
f 1805/1805/1805 1804/1804/1804 1807/1807/1807
f 1805/1805/1805 1807/1807/1807 1808/1808/1808
f 1809/1809/1809 1810/1810/1810 1811/1811/1811
f 1809/1809/1809 1812/1812/1812 1810/1810/1810
f 1812/1812/1812 1813/1813/1813 1810/1810/1810
f 1814/1814/1814 1813/1813/1813 1812/1812/1812
f 1810/1810/1810 1813/1813/1813 1815/1815/1815
f 1810/1810/1810 1815/1815/1815 1816/1816/1816
f 1816/1816/1816 1815/1815/1815 1817/1817/1817
f 1815/1815/1815 1818/1818/1818 1817/1817/1817
f 1815/1815/1815 1813/1813/1813 1819/1819/1819
f 1813/1813/1813 1820/1820/1820 1819/1819/1819
f 1814/1814/1814 1821/1821/1821 1813/1813/1813
f 1822/1822/1822 1820/1820/1820 1813/1813/1813
f 1822/1822/1822 1813/1813/1813 1821/1821/1821
f 1814/1814/1814 1823/1823/1823 1821/1821/1821
f 1824/1824/1824 1823/1823/1823 1814/1814/1814
f 1824/1824/1824 1825/1825/1825 1823/1823/1823
f 1823/1823/1823 1826/1826/1826 1821/1821/1821
f 1821/1821/1821 1826/1826/1826 1822/1822/1822
f 1823/1823/1823 1827/1827/1827 1826/1826/1826
f 1828/1828/1828 1822/1822/1822 1826/1826/1826
f 1829/1829/1829 1820/1820/1820 1822/1822/1822
f 1820/1820/1820 1829/1829/1829 1830/1830/1830
f 1830/1830/1830 1829/1829/1829 1831/1831/1831
f 1822/1822/1822 1831/1831/1831 1829/1829/1829
f 1822/1822/1822 1828/1828/1828 1831/1831/1831
f 1831/1831/1831 1828/1828/1828 1832/1832/1832
f 1833/1833/1833 1834/1834/1834 1835/1835/1835
f 1836/1836/1836 1834/1834/1834 1833/1833/1833
f 1837/1837/1837 1836/1836/1836 1833/1833/1833
f 1837/1837/1837 1833/1833/1833 1838/1838/1838
f 1839/1839/1839 1840/1840/1840 1841/1841/1841
f 1840/1840/1840 1842/1842/1842 1841/1841/1841
f 1842/1842/1842 1840/1840/1840 1843/1843/1843
f 1844/1844/1844 1845/1845/1845 1846/1846/1846
f 1844/1844/1844 1846/1846/1846 1847/1847/1847
f 1848/1848/1848 1849/1849/1849 1850/1850/1850
f 1850/1850/1850 1849/1849/1849 1851/1851/1851
f 1852/1852/1852 1853/1853/1853 1854/1854/1854
f 1854/1854/1854 1853/1853/1853 1855/1855/1855
f 1856/1856/1856 1857/1857/1857 1858/1858/1858
f 1857/1857/1857 1856/1856/1856 1859/1859/1859
f 1860/1860/1860 1861/1861/1861 1862/1862/1862
f 1862/1862/1862 1861/1861/1861 1863/1863/1863
f 1864/1864/1864 1865/1865/1865 1866/1866/1866
f 1865/1865/1865 1867/1867/1867 1866/1866/1866
f 1868/1868/1868 1869/1869/1869 1870/1870/1870
f 1869/1869/1869 1871/1871/1871 1870/1870/1870
f 1870/1870/1870 1871/1871/1871 1872/1872/1872
f 1871/1871/1871 1869/1869/1869 1873/1873/1873
f 1874/1874/1874 1873/1873/1873 1869/1869/1869
f 1875/1875/1875 1873/1873/1873 1874/1874/1874
f 1873/1873/1873 1875/1875/1875 1876/1876/1876
f 1877/1877/1877 1876/1876/1876 1875/1875/1875
f 1877/1877/1877 1878/1878/1878 1876/1876/1876
f 1876/1876/1876 1879/1879/1879 1873/1873/1873
f 1871/1871/1871 1873/1873/1873 1879/1879/1879
f 1880/1880/1880 1879/1879/1879 1876/1876/1876
f 1881/1881/1881 1879/1879/1879 1880/1880/1880
f 1881/1881/1881 1880/1880/1880 1882/1882/1882
f 1883/1883/1883 1881/1881/1881 1882/1882/1882
f 1882/1882/1882 1880/1880/1880 1884/1884/1884
f 1884/1884/1884 1883/1883/1883 1882/1882/1882
f 1879/1879/1879 1885/1885/1885 1871/1871/1871
f 1879/1879/1879 1886/1886/1886 1885/1885/1885
f 1887/1887/1887 1871/1871/1871 1885/1885/1885
f 1871/1871/1871 1887/1887/1887 1888/1888/1888
f 1888/1888/1888 1887/1887/1887 1889/1889/1889
f 1888/1888/1888 1889/1889/1889 1890/1890/1890
f 1888/1888/1888 1890/1890/1890 1891/1891/1891
f 1892/1892/1892 1888/1888/1888 1891/1891/1891
f 1892/1892/1892 1891/1891/1891 1893/1893/1893
f 1892/1892/1892 1894/1894/1894 1888/1888/1888
f 1888/1888/1888 1894/1894/1894 1871/1871/1871
f 1894/1894/1894 1892/1892/1892 1895/1895/1895
f 1894/1894/1894 1895/1895/1895 1871/1871/1871
f 1872/1872/1872 1871/1871/1871 1895/1895/1895
f 1896/1896/1896 1872/1872/1872 1895/1895/1895
f 1872/1872/1872 1896/1896/1896 1897/1897/1897
f 1898/1898/1898 1899/1899/1899 1900/1900/1900
f 1898/1898/1898 1901/1901/1901 1899/1899/1899
f 1898/1898/1898 1902/1902/1902 1901/1901/1901
f 1903/1903/1903 1902/1902/1902 1898/1898/1898
f 1903/1903/1903 1898/1898/1898 1904/1904/1904
f 1904/1904/1904 1905/1905/1905 1903/1903/1903
f 1905/1905/1905 1906/1906/1906 1903/1903/1903
f 1907/1907/1907 1906/1906/1906 1905/1905/1905
f 1908/1908/1908 1909/1909/1909 1910/1910/1910
f 1908/1908/1908 1911/1911/1911 1909/1909/1909
f 1909/1909/1909 1911/1911/1911 1912/1912/1912
f 1912/1912/1912 1911/1911/1911 1913/1913/1913
f 1912/1912/1912 1913/1913/1913 1914/1914/1914
f 1915/1915/1915 1916/1916/1916 1917/1917/1917
f 1918/1918/1918 1916/1916/1916 1915/1915/1915
f 1916/1916/1916 1918/1918/1918 1919/1919/1919
f 1920/1920/1920 1921/1921/1921 1922/1922/1922
f 1922/1922/1922 1921/1921/1921 1923/1923/1923
f 1924/1924/1924 1922/1922/1922 1923/1923/1923
f 1924/1924/1924 1923/1923/1923 1925/1925/1925
f 1924/1924/1924 1925/1925/1925 1926/1926/1926
f 1924/1924/1924 1926/1926/1926 1927/1927/1927
f 1928/1928/1928 1929/1929/1929 1930/1930/1930
f 1931/1931/1931 1929/1929/1929 1928/1928/1928
f 1931/1931/1931 1932/1932/1932 1929/1929/1929
f 1933/1933/1933 1929/1929/1929 1932/1932/1932
f 1934/1934/1934 1935/1935/1935 1936/1936/1936
f 1936/1936/1936 1935/1935/1935 1937/1937/1937
f 1937/1937/1937 1935/1935/1935 1938/1938/1938
f 1937/1937/1937 1938/1938/1938 1939/1939/1939
f 1939/1939/1939 1940/1940/1940 1937/1937/1937
f 1939/1939/1939 1941/1941/1941 1940/1940/1940
f 1941/1941/1941 1942/1942/1942 1940/1940/1940
f 1943/1943/1943 1942/1942/1942 1941/1941/1941
f 1943/1943/1943 1941/1941/1941 1944/1944/1944
f 1941/1941/1941 1945/1945/1945 1944/1944/1944
f 1944/1944/1944 1945/1945/1945 1946/1946/1946
f 1946/1946/1946 1945/1945/1945 1947/1947/1947
f 1948/1948/1948 1947/1947/1947 1945/1945/1945
f 1948/1948/1948 1949/1949/1949 1947/1947/1947
f 1948/1948/1948 1950/1950/1950 1949/1949/1949
f 1948/1948/1948 1951/1951/1951 1950/1950/1950
f 1951/1951/1951 1952/1952/1952 1950/1950/1950
f 1953/1953/1953 1954/1954/1954 1955/1955/1955
f 1955/1955/1955 1954/1954/1954 1956/1956/1956
f 1955/1955/1955 1956/1956/1956 1957/1957/1957
f 1955/1955/1955 1957/1957/1957 1958/1958/1958
f 1959/1959/1959 1956/1956/1956 1954/1954/1954
f 1960/1960/1960 1959/1959/1959 1954/1954/1954
f 1960/1960/1960 1954/1954/1954 1961/1961/1961
f 1962/1962/1962 1955/1955/1955 1958/1958/1958
f 1963/1963/1963 1955/1955/1955 1962/1962/1962
f 1964/1964/1964 1955/1955/1955 1963/1963/1963
f 1964/1964/1964 1963/1963/1963 1965/1965/1965
f 1963/1963/1963 1966/1966/1966 1965/1965/1965
f 1963/1963/1963 1962/1962/1962 1966/1966/1966
f 1959/1959/1959 1960/1960/1960 1967/1967/1967
f 1960/1960/1960 1968/1968/1968 1967/1967/1967
f 1960/1960/1960 1969/1969/1969 1968/1968/1968
f 1967/1967/1967 1968/1968/1968 1970/1970/1970
f 1967/1967/1967 1970/1970/1970 1959/1959/1959
f 1968/1968/1968 1971/1971/1971 1970/1970/1970
f 1972/1972/1972 1959/1959/1959 1970/1970/1970
f 1972/1972/1972 1956/1956/1956 1959/1959/1959
f 1973/1973/1973 1970/1970/1970 1971/1971/1971
f 1972/1972/1972 1970/1970/1970 1973/1973/1973
f 1973/1973/1973 1971/1971/1971 1974/1974/1974
f 1974/1974/1974 1971/1971/1971 1975/1975/1975
f 1976/1976/1976 1972/1972/1972 1973/1973/1973
f 1976/1976/1976 1973/1973/1973 1974/1974/1974
f 1972/1972/1972 1977/1977/1977 1956/1956/1956
f 1976/1976/1976 1977/1977/1977 1972/1972/1972
f 1976/1976/1976 1974/1974/1974 1978/1978/1978
f 1978/1978/1978 1974/1974/1974 1979/1979/1979
f 1978/1978/1978 1979/1979/1979 1980/1980/1980
f 1977/1977/1977 1981/1981/1981 1956/1956/1956
f 1957/1957/1957 1956/1956/1956 1981/1981/1981
f 1977/1977/1977 1976/1976/1976 1982/1982/1982
f 1982/1982/1982 1976/1976/1976 1978/1978/1978
f 1981/1981/1981 1977/1977/1977 1983/1983/1983
f 1983/1983/1983 1977/1977/1977 1982/1982/1982
f 1957/1957/1957 1981/1981/1981 1983/1983/1983
f 1983/1983/1983 1982/1982/1982 1984/1984/1984
f 1978/1978/1978 1984/1984/1984 1982/1982/1982
f 1957/1957/1957 1983/1983/1983 1984/1984/1984
f 1978/1978/1978 1980/1980/1980 1985/1985/1985
f 1978/1978/1978 1985/1985/1985 1984/1984/1984
f 1986/1986/1986 1985/1985/1985 1980/1980/1980
f 1985/1985/1985 1986/1986/1986 1987/1987/1987
f 1987/1987/1987 1986/1986/1986 1988/1988/1988
f 1989/1989/1989 1987/1987/1987 1988/1988/1988
f 1989/1989/1989 1988/1988/1988 1990/1990/1990
f 1989/1989/1989 1990/1990/1990 1991/1991/1991
f 1985/1985/1985 1992/1992/1992 1984/1984/1984
f 1985/1985/1985 1987/1987/1987 1992/1992/1992
f 1984/1984/1984 1993/1993/1993 1957/1957/1957
f 1993/1993/1993 1984/1984/1984 1992/1992/1992
f 1987/1987/1987 1994/1994/1994 1992/1992/1992
f 1989/1989/1989 1994/1994/1994 1987/1987/1987
f 1992/1992/1992 1995/1995/1995 1993/1993/1993
f 1994/1994/1994 1995/1995/1995 1992/1992/1992
f 1957/1957/1957 1993/1993/1993 1995/1995/1995
f 1995/1995/1995 1994/1994/1994 1989/1989/1989
f 1995/1995/1995 1996/1996/1996 1957/1957/1957
f 1995/1995/1995 1989/1989/1989 1996/1996/1996
f 1957/1957/1957 1996/1996/1996 1958/1958/1958
f 1997/1997/1997 1958/1958/1958 1996/1996/1996
f 1997/1997/1997 1996/1996/1996 1989/1989/1989
f 1958/1958/1958 1997/1997/1997 1998/1998/1998
f 1962/1962/1962 1958/1958/1958 1998/1998/1998
f 1962/1962/1962 1998/1998/1998 1999/1999/1999
f 2000/2000/2000 1962/1962/1962 1999/1999/1999
f 1997/1997/1997 1989/1989/1989 2001/2001/2001
f 1998/1998/1998 1997/1997/1997 2001/2001/2001
f 2001/2001/2001 1989/1989/1989 2002/2002/2002
f 1989/1989/1989 1991/1991/1991 2002/2002/2002
f 2002/2002/2002 1991/1991/1991 2003/2003/2003
f 2001/2001/2001 2002/2002/2002 2003/2003/2003
f 2003/2003/2003 1991/1991/1991 2004/2004/2004
f 2001/2001/2001 2003/2003/2003 2004/2004/2004
f 1998/1998/1998 2001/2001/2001 2004/2004/2004
f 2004/2004/2004 2005/2005/2005 1998/1998/1998
f 2004/2004/2004 2006/2006/2006 2005/2005/2005
f 2007/2007/2007 1998/1998/1998 2005/2005/2005
f 2005/2005/2005 2006/2006/2006 2007/2007/2007
f 2008/2008/2008 2009/2009/2009 2010/2010/2010
f 2009/2009/2009 2011/2011/2011 2010/2010/2010
f 2011/2011/2011 2012/2012/2012 2010/2010/2010
f 2011/2011/2011 2013/2013/2013 2012/2012/2012
f 2011/2011/2011 2014/2014/2014 2013/2013/2013
f 2014/2014/2014 2015/2015/2015 2013/2013/2013
f 2016/2016/2016 2017/2017/2017 2018/2018/2018
f 2017/2017/2017 2019/2019/2019 2018/2018/2018
f 2017/2017/2017 2020/2020/2020 2019/2019/2019
f 2020/2020/2020 2021/2021/2021 2019/2019/2019
f 2021/2021/2021 2022/2022/2022 2019/2019/2019
f 2023/2023/2023 2019/2019/2019 2022/2022/2022
f 2022/2022/2022 2024/2024/2024 2023/2023/2023
f 2025/2025/2025 2019/2019/2019 2023/2023/2023
f 2023/2023/2023 2026/2026/2026 2025/2025/2025
f 2026/2026/2026 2027/2027/2027 2025/2025/2025
f 2028/2028/2028 2019/2019/2019 2025/2025/2025
f 2028/2028/2028 2029/2029/2029 2019/2019/2019
f 2030/2030/2030 2029/2029/2029 2028/2028/2028
f 2031/2031/2031 2028/2028/2028 2025/2025/2025
f 2028/2028/2028 2031/2031/2031 2032/2032/2032
f 2027/2027/2027 2033/2033/2033 2025/2025/2025
f 2025/2025/2025 2033/2033/2033 2031/2031/2031
f 2034/2034/2034 2032/2032/2032 2031/2031/2031
f 2034/2034/2034 2031/2031/2031 2033/2033/2033
f 2032/2032/2032 2034/2034/2034 2035/2035/2035
f 2036/2036/2036 2033/2033/2033 2027/2027/2027
f 2034/2034/2034 2033/2033/2033 2036/2036/2036
f 2027/2027/2027 2037/2037/2037 2036/2036/2036
f 2038/2038/2038 2034/2034/2034 2036/2036/2036
f 2038/2038/2038 2039/2039/2039 2034/2034/2034
f 2034/2034/2034 2039/2039/2039 2035/2035/2035
f 2040/2040/2040 2039/2039/2039 2038/2038/2038
f 2039/2039/2039 2040/2040/2040 2035/2035/2035
f 2035/2035/2035 2040/2040/2040 2041/2041/2041
f 2042/2042/2042 2043/2043/2043 2044/2044/2044
f 2042/2042/2042 2044/2044/2044 2045/2045/2045
f 2042/2042/2042 2045/2045/2045 2046/2046/2046
f 2046/2046/2046 2045/2045/2045 2047/2047/2047
f 2048/2048/2048 2045/2045/2045 2044/2044/2044
f 2048/2048/2048 2047/2047/2047 2045/2045/2045
f 2044/2044/2044 2049/2049/2049 2048/2048/2048
f 2048/2048/2048 2050/2050/2050 2047/2047/2047
f 2051/2051/2051 2050/2050/2050 2048/2048/2048
f 2052/2052/2052 2053/2053/2053 2054/2054/2054
f 2054/2054/2054 2055/2055/2055 2052/2052/2052
f 2055/2055/2055 2054/2054/2054 2056/2056/2056
f 2057/2057/2057 2055/2055/2055 2056/2056/2056
f 2057/2057/2057 2056/2056/2056 2058/2058/2058
f 2058/2058/2058 2056/2056/2056 2059/2059/2059
f 2060/2060/2060 2061/2061/2061 2062/2062/2062
f 2062/2062/2062 2061/2061/2061 2063/2063/2063
f 2062/2062/2062 2063/2063/2063 2064/2064/2064
f 2065/2065/2065 2066/2066/2066 2067/2067/2067
f 2065/2065/2065 2067/2067/2067 2068/2068/2068
f 2069/2069/2069 2068/2068/2068 2067/2067/2067
f 2069/2069/2069 2070/2070/2070 2068/2068/2068
f 2071/2071/2071 2072/2072/2072 2073/2073/2073
f 2073/2073/2073 2072/2072/2072 2074/2074/2074
f 2075/2075/2075 2076/2076/2076 2077/2077/2077
f 2075/2075/2075 2078/2078/2078 2076/2076/2076
f 2079/2079/2079 2080/2080/2080 2081/2081/2081
f 2082/2082/2082 2080/2080/2080 2079/2079/2079
f 2083/2083/2083 2082/2082/2082 2079/2079/2079
f 2083/2083/2083 2084/2084/2084 2082/2082/2082
f 2085/2085/2085 2084/2084/2084 2083/2083/2083
f 2085/2085/2085 2086/2086/2086 2084/2084/2084
f 2087/2087/2087 2086/2086/2086 2085/2085/2085
f 2088/2088/2088 2086/2086/2086 2087/2087/2087
f 2087/2087/2087 2089/2089/2089 2088/2088/2088
f 2089/2089/2089 2090/2090/2090 2088/2088/2088
f 2089/2089/2089 2091/2091/2091 2090/2090/2090
f 2092/2092/2092 2093/2093/2093 2094/2094/2094
f 2094/2094/2094 2093/2093/2093 2095/2095/2095
f 2096/2096/2096 2094/2094/2094 2095/2095/2095
f 2094/2094/2094 2096/2096/2096 2097/2097/2097
f 2097/2097/2097 2096/2096/2096 2098/2098/2098
f 2099/2099/2099 2097/2097/2097 2098/2098/2098
f 2099/2099/2099 2098/2098/2098 2100/2100/2100
f 2101/2101/2101 2102/2102/2102 2103/2103/2103
f 2104/2104/2104 2103/2103/2103 2102/2102/2102
f 2105/2105/2105 2106/2106/2106 2107/2107/2107
f 2107/2107/2107 2106/2106/2106 2108/2108/2108
f 2107/2107/2107 2108/2108/2108 2109/2109/2109
f 2107/2107/2107 2109/2109/2109 2110/2110/2110
f 2111/2111/2111 2112/2112/2112 2113/2113/2113
f 2113/2113/2113 2112/2112/2112 2114/2114/2114
f 2113/2113/2113 2114/2114/2114 2115/2115/2115
f 2113/2113/2113 2115/2115/2115 2116/2116/2116
f 2117/2117/2117 2118/2118/2118 2119/2119/2119
f 2117/2117/2117 2119/2119/2119 2120/2120/2120
f 2117/2117/2117 2120/2120/2120 2121/2121/2121
f 2122/2122/2122 2123/2123/2123 2124/2124/2124
f 2123/2123/2123 2125/2125/2125 2124/2124/2124
f 2126/2126/2126 2124/2124/2124 2125/2125/2125
f 2127/2127/2127 2126/2126/2126 2125/2125/2125
f 2128/2128/2128 2124/2124/2124 2126/2126/2126
f 2128/2128/2128 2126/2126/2126 2129/2129/2129
f 2130/2130/2130 2128/2128/2128 2129/2129/2129
f 2128/2128/2128 2130/2130/2130 2131/2131/2131
f 2130/2130/2130 2129/2129/2129 2132/2132/2132
f 2130/2130/2130 2133/2133/2133 2131/2131/2131
f 2133/2133/2133 2130/2130/2130 2132/2132/2132
f 2134/2134/2134 2133/2133/2133 2132/2132/2132
f 2135/2135/2135 2136/2136/2136 2137/2137/2137
f 2135/2135/2135 2137/2137/2137 2138/2138/2138
f 2135/2135/2135 2138/2138/2138 2139/2139/2139
f 2140/2140/2140 2135/2135/2135 2139/2139/2139
f 2139/2139/2139 2141/2141/2141 2140/2140/2140
f 2140/2140/2140 2141/2141/2141 2142/2142/2142
f 2142/2142/2142 2141/2141/2141 2143/2143/2143
f 2144/2144/2144 2145/2145/2145 2146/2146/2146
f 2146/2146/2146 2145/2145/2145 2147/2147/2147
f 2148/2148/2148 2149/2149/2149 2150/2150/2150
f 2150/2150/2150 2149/2149/2149 2151/2151/2151
f 2149/2149/2149 2152/2152/2152 2151/2151/2151
f 2153/2153/2153 2154/2154/2154 2155/2155/2155
f 2153/2153/2153 2155/2155/2155 2156/2156/2156
f 2153/2153/2153 2156/2156/2156 2157/2157/2157
f 2158/2158/2158 2159/2159/2159 2160/2160/2160
f 2159/2159/2159 2161/2161/2161 2160/2160/2160
f 2162/2162/2162 2163/2163/2163 2164/2164/2164
f 2162/2162/2162 2165/2165/2165 2163/2163/2163
f 2162/2162/2162 2166/2166/2166 2165/2165/2165
f 2167/2167/2167 2168/2168/2168 2169/2169/2169
f 2167/2167/2167 2169/2169/2169 2170/2170/2170
f 2170/2170/2170 2169/2169/2169 2171/2171/2171
f 2172/2172/2172 2170/2170/2170 2171/2171/2171
f 2173/2173/2173 2172/2172/2172 2171/2171/2171
f 2174/2174/2174 2175/2175/2175 2176/2176/2176
f 2174/2174/2174 2177/2177/2177 2175/2175/2175
f 2178/2178/2178 2179/2179/2179 2180/2180/2180
f 2178/2178/2178 2181/2181/2181 2179/2179/2179
f 2182/2182/2182 2181/2181/2181 2178/2178/2178
f 2182/2182/2182 2178/2178/2178 2183/2183/2183
f 2183/2183/2183 2184/2184/2184 2182/2182/2182
f 2185/2185/2185 2184/2184/2184 2183/2183/2183
f 2184/2184/2184 2185/2185/2185 2186/2186/2186
f 2182/2182/2182 2184/2184/2184 2187/2187/2187
f 2187/2187/2187 2184/2184/2184 2186/2186/2186
f 2182/2182/2182 2187/2187/2187 2181/2181/2181
f 2187/2187/2187 2186/2186/2186 2188/2188/2188
f 2187/2187/2187 2188/2188/2188 2189/2189/2189
f 2181/2181/2181 2190/2190/2190 2179/2179/2179
f 2179/2179/2179 2190/2190/2190 2191/2191/2191
f 2190/2190/2190 2192/2192/2192 2191/2191/2191
f 2181/2181/2181 2187/2187/2187 2193/2193/2193
f 2187/2187/2187 2189/2189/2189 2193/2193/2193
f 2193/2193/2193 2189/2189/2189 2194/2194/2194
f 2195/2195/2195 2181/2181/2181 2193/2193/2193
f 2195/2195/2195 2190/2190/2190 2181/2181/2181
f 2194/2194/2194 2195/2195/2195 2193/2193/2193
f 2196/2196/2196 2192/2192/2192 2190/2190/2190
f 2196/2196/2196 2190/2190/2190 2195/2195/2195
f 2196/2196/2196 2195/2195/2195 2194/2194/2194
f 2192/2192/2192 2196/2196/2196 2197/2197/2197
f 2194/2194/2194 2197/2197/2197 2196/2196/2196
f 2194/2194/2194 2198/2198/2198 2197/2197/2197
f 2194/2194/2194 2199/2199/2199 2198/2198/2198
f 2194/2194/2194 2189/2189/2189 2200/2200/2200
f 2194/2194/2194 2200/2200/2200 2199/2199/2199
f 2199/2199/2199 2200/2200/2200 2189/2189/2189
f 2201/2201/2201 2202/2202/2202 2203/2203/2203
f 2201/2201/2201 2203/2203/2203 2204/2204/2204
f 2201/2201/2201 2204/2204/2204 2205/2205/2205
f 2206/2206/2206 2201/2201/2201 2205/2205/2205
f 2207/2207/2207 2208/2208/2208 2209/2209/2209
f 2207/2207/2207 2209/2209/2209 2210/2210/2210
f 2211/2211/2211 2210/2210/2210 2209/2209/2209
f 2212/2212/2212 2213/2213/2213 2214/2214/2214
f 2215/2215/2215 2213/2213/2213 2212/2212/2212
f 2215/2215/2215 2216/2216/2216 2213/2213/2213
f 2217/2217/2217 2218/2218/2218 2219/2219/2219
f 2219/2219/2219 2218/2218/2218 2220/2220/2220
f 2220/2220/2220 2221/2221/2221 2219/2219/2219
f 2218/2218/2218 2222/2222/2222 2220/2220/2220
f 2220/2220/2220 2222/2222/2222 2223/2223/2223
f 2218/2218/2218 2224/2224/2224 2222/2222/2222
f 2225/2225/2225 2224/2224/2224 2218/2218/2218
f 2226/2226/2226 2225/2225/2225 2218/2218/2218
f 2226/2226/2226 2218/2218/2218 2227/2227/2227
f 2228/2228/2228 2226/2226/2226 2227/2227/2227
f 2228/2228/2228 2227/2227/2227 2229/2229/2229
f 2230/2230/2230 2228/2228/2228 2229/2229/2229
f 2230/2230/2230 2231/2231/2231 2228/2228/2228
f 2232/2232/2232 2233/2233/2233 2234/2234/2234
f 2234/2234/2234 2235/2235/2235 2232/2232/2232
f 2236/2236/2236 2237/2237/2237 2238/2238/2238
f 2238/2238/2238 2237/2237/2237 2239/2239/2239
f 2238/2238/2238 2239/2239/2239 2240/2240/2240
f 2241/2241/2241 2242/2242/2242 2243/2243/2243
f 2243/2243/2243 2244/2244/2244 2241/2241/2241
f 2244/2244/2244 2245/2245/2245 2241/2241/2241
f 2245/2245/2245 2246/2246/2246 2241/2241/2241
f 2245/2245/2245 2247/2247/2247 2246/2246/2246
f 2248/2248/2248 2249/2249/2249 2250/2250/2250
f 2251/2251/2251 2249/2249/2249 2248/2248/2248
f 2248/2248/2248 2252/2252/2252 2251/2251/2251
f 2252/2252/2252 2253/2253/2253 2251/2251/2251
f 2253/2253/2253 2252/2252/2252 2254/2254/2254
f 2254/2254/2254 2252/2252/2252 2255/2255/2255
f 2255/2255/2255 2252/2252/2252 2256/2256/2256
f 2257/2257/2257 2256/2256/2256 2252/2252/2252
f 2252/2252/2252 2258/2258/2258 2257/2257/2257
f 2259/2259/2259 2260/2260/2260 2261/2261/2261
f 2260/2260/2260 2259/2259/2259 2262/2262/2262
f 2263/2263/2263 2262/2262/2262 2259/2259/2259
f 2263/2263/2263 2259/2259/2259 2264/2264/2264
f 2264/2264/2264 2265/2265/2265 2263/2263/2263
f 2264/2264/2264 2266/2266/2266 2265/2265/2265
f 2266/2266/2266 2264/2264/2264 2267/2267/2267
f 2268/2268/2268 2267/2267/2267 2264/2264/2264
f 2266/2266/2266 2267/2267/2267 2269/2269/2269
f 2267/2267/2267 2270/2270/2270 2269/2269/2269
f 2267/2267/2267 2271/2271/2271 2270/2270/2270
f 2272/2272/2272 2273/2273/2273 2274/2274/2274
f 2272/2272/2272 2274/2274/2274 2275/2275/2275
f 2276/2276/2276 2277/2277/2277 2278/2278/2278
f 2276/2276/2276 2279/2279/2279 2277/2277/2277
f 2280/2280/2280 2279/2279/2279 2276/2276/2276
f 2280/2280/2280 2281/2281/2281 2279/2279/2279
f 2279/2279/2279 2281/2281/2281 2282/2282/2282
f 2282/2282/2282 2281/2281/2281 2283/2283/2283
f 2284/2284/2284 2282/2282/2282 2283/2283/2283
f 2279/2279/2279 2282/2282/2282 2285/2285/2285
f 2284/2284/2284 2286/2286/2286 2282/2282/2282
f 2284/2284/2284 2287/2287/2287 2286/2286/2286
f 2286/2286/2286 2287/2287/2287 2288/2288/2288
f 2286/2286/2286 2289/2289/2289 2282/2282/2282
f 2285/2285/2285 2289/2289/2289 2290/2290/2290
f 2291/2291/2291 2285/2285/2285 2282/2282/2282
f 2282/2282/2282 2289/2289/2289 2291/2291/2291
f 2285/2285/2285 2291/2291/2291 2289/2289/2289
f 2292/2292/2292 2293/2293/2293 2294/2294/2294
f 2292/2292/2292 2294/2294/2294 2295/2295/2295
f 2296/2296/2296 2297/2297/2297 2298/2298/2298
f 2296/2296/2296 2299/2299/2299 2297/2297/2297
f 2300/2300/2300 2299/2299/2299 2296/2296/2296
f 2301/2301/2301 2302/2302/2302 2303/2303/2303
f 2301/2301/2301 2304/2304/2304 2302/2302/2302
f 2305/2305/2305 2304/2304/2304 2301/2301/2301
f 2305/2305/2305 2306/2306/2306 2304/2304/2304
f 2307/2307/2307 2306/2306/2306 2305/2305/2305
f 2308/2308/2308 2307/2307/2307 2305/2305/2305
f 2309/2309/2309 2307/2307/2307 2308/2308/2308
f 2309/2309/2309 2310/2310/2310 2307/2307/2307
f 2311/2311/2311 2312/2312/2312 2313/2313/2313
f 2311/2311/2311 2313/2313/2313 2314/2314/2314
f 2315/2315/2315 2311/2311/2311 2314/2314/2314
f 2316/2316/2316 2317/2317/2317 2318/2318/2318
f 2316/2316/2316 2319/2319/2319 2317/2317/2317
f 2317/2317/2317 2319/2319/2319 2320/2320/2320
f 2321/2321/2321 2322/2322/2322 2323/2323/2323
f 2322/2322/2322 2324/2324/2324 2323/2323/2323
f 2324/2324/2324 2325/2325/2325 2323/2323/2323
f 2326/2326/2326 2327/2327/2327 2328/2328/2328
f 2326/2326/2326 2329/2329/2329 2327/2327/2327
f 2329/2329/2329 2330/2330/2330 2327/2327/2327
f 2327/2327/2327 2330/2330/2330 2331/2331/2331
f 2330/2330/2330 2332/2332/2332 2331/2331/2331
f 2327/2327/2327 2331/2331/2331 2333/2333/2333
f 2333/2333/2333 2331/2331/2331 2334/2334/2334
f 2335/2335/2335 2336/2336/2336 2337/2337/2337
f 2337/2337/2337 2336/2336/2336 2338/2338/2338
f 2337/2337/2337 2338/2338/2338 2339/2339/2339
f 2340/2340/2340 2341/2341/2341 2342/2342/2342
f 2340/2340/2340 2342/2342/2342 2343/2343/2343
f 2344/2344/2344 2345/2345/2345 2346/2346/2346
f 2344/2344/2344 2346/2346/2346 2347/2347/2347
f 2344/2344/2344 2347/2347/2347 2348/2348/2348
f 2349/2349/2349 2348/2348/2348 2347/2347/2347
f 2348/2348/2348 2349/2349/2349 2350/2350/2350
f 2350/2350/2350 2349/2349/2349 2351/2351/2351
f 2352/2352/2352 2353/2353/2353 2354/2354/2354
f 2352/2352/2352 2354/2354/2354 2355/2355/2355
f 2356/2356/2356 2357/2357/2357 2358/2358/2358
f 2358/2358/2358 2357/2357/2357 2359/2359/2359
f 2360/2360/2360 2361/2361/2361 2362/2362/2362
f 2361/2361/2361 2363/2363/2363 2362/2362/2362
f 2364/2364/2364 2365/2365/2365 2366/2366/2366
f 2364/2364/2364 2366/2366/2366 2367/2367/2367
f 2367/2367/2367 2368/2368/2368 2364/2364/2364
f 2367/2367/2367 2369/2369/2369 2368/2368/2368
f 2364/2364/2364 2368/2368/2368 2370/2370/2370
f 2368/2368/2368 2371/2371/2371 2370/2370/2370
f 2372/2372/2372 2373/2373/2373 2374/2374/2374
f 2372/2372/2372 2374/2374/2374 2375/2375/2375
f 2375/2375/2375 2376/2376/2376 2372/2372/2372
f 2377/2377/2377 2378/2378/2378 2379/2379/2379
f 2380/2380/2380 2379/2379/2379 2378/2378/2378
f 2379/2379/2379 2380/2380/2380 2381/2381/2381
f 2382/2382/2382 2379/2379/2379 2381/2381/2381
f 2378/2378/2378 2383/2383/2383 2380/2380/2380
f 2384/2384/2384 2383/2383/2383 2378/2378/2378
f 2385/2385/2385 2384/2384/2384 2378/2378/2378
f 2378/2378/2378 2386/2386/2386 2385/2385/2385
f 2379/2379/2379 2382/2382/2382 2387/2387/2387
f 2387/2387/2387 2382/2382/2382 2388/2388/2388
f 2387/2387/2387 2388/2388/2388 2389/2389/2389
f 2389/2389/2389 2390/2390/2390 2387/2387/2387
f 2391/2391/2391 2392/2392/2392 2393/2393/2393
f 2391/2391/2391 2394/2394/2394 2392/2392/2392
f 2391/2391/2391 2395/2395/2395 2394/2394/2394
f 2394/2394/2394 2395/2395/2395 2396/2396/2396
f 2392/2392/2392 2394/2394/2394 2397/2397/2397
f 2392/2392/2392 2397/2397/2397 2398/2398/2398
f 2399/2399/2399 2400/2400/2400 2401/2401/2401
f 2401/2401/2401 2400/2400/2400 2402/2402/2402
f 2402/2402/2402 2400/2400/2400 2403/2403/2403
f 2400/2400/2400 2404/2404/2404 2403/2403/2403
f 2405/2405/2405 2406/2406/2406 2407/2407/2407
f 2405/2405/2405 2407/2407/2407 2408/2408/2408
f 2405/2405/2405 2408/2408/2408 2409/2409/2409
f 2405/2405/2405 2409/2409/2409 2410/2410/2410
f 2405/2405/2405 2410/2410/2410 2411/2411/2411
f 2412/2412/2412 2405/2405/2405 2411/2411/2411
f 2411/2411/2411 2413/2413/2413 2412/2412/2412
f 2411/2411/2411 2414/2414/2414 2413/2413/2413
f 2415/2415/2415 2416/2416/2416 2417/2417/2417
f 2416/2416/2416 2418/2418/2418 2417/2417/2417
f 2416/2416/2416 2419/2419/2419 2418/2418/2418
f 2419/2419/2419 2420/2420/2420 2418/2418/2418
f 2419/2419/2419 2421/2421/2421 2420/2420/2420
f 2422/2422/2422 2423/2423/2423 2424/2424/2424
f 2424/2424/2424 2423/2423/2423 2425/2425/2425
f 2426/2426/2426 2427/2427/2427 2428/2428/2428
f 2427/2427/2427 2429/2429/2429 2428/2428/2428
f 2430/2430/2430 2431/2431/2431 2432/2432/2432
f 2433/2433/2433 2431/2431/2431 2430/2430/2430
f 2433/2433/2433 2434/2434/2434 2431/2431/2431
f 2433/2433/2433 2435/2435/2435 2434/2434/2434
f 2434/2434/2434 2435/2435/2435 2436/2436/2436
f 2437/2437/2437 2438/2438/2438 2439/2439/2439
f 2440/2440/2440 2438/2438/2438 2437/2437/2437
f 2441/2441/2441 2440/2440/2440 2437/2437/2437
f 2441/2441/2441 2442/2442/2442 2440/2440/2440
f 2441/2441/2441 2443/2443/2443 2442/2442/2442
f 2443/2443/2443 2444/2444/2444 2442/2442/2442
f 2442/2442/2442 2444/2444/2444 2445/2445/2445
f 2446/2446/2446 2447/2447/2447 2448/2448/2448
f 2446/2446/2446 2449/2449/2449 2447/2447/2447
f 2446/2446/2446 2450/2450/2450 2449/2449/2449
f 2451/2451/2451 2452/2452/2452 2453/2453/2453
f 2452/2452/2452 2454/2454/2454 2453/2453/2453
f 2455/2455/2455 2456/2456/2456 2457/2457/2457
f 2457/2457/2457 2458/2458/2458 2455/2455/2455
f 2459/2459/2459 2460/2460/2460 2461/2461/2461
f 2459/2459/2459 2461/2461/2461 2462/2462/2462
f 2461/2461/2461 2463/2463/2463 2462/2462/2462
f 2464/2464/2464 2465/2465/2465 2466/2466/2466
f 2465/2465/2465 2467/2467/2467 2466/2466/2466
f 2468/2468/2468 2469/2469/2469 2470/2470/2470
f 2468/2468/2468 2471/2471/2471 2469/2469/2469
f 2471/2471/2471 2472/2472/2472 2469/2469/2469
f 2473/2473/2473 2474/2474/2474 2475/2475/2475
f 2476/2476/2476 2474/2474/2474 2473/2473/2473
f 2477/2477/2477 2478/2478/2478 2479/2479/2479
f 2478/2478/2478 2480/2480/2480 2479/2479/2479
f 2481/2481/2481 2482/2482/2482 2483/2483/2483
f 2481/2481/2481 2484/2484/2484 2482/2482/2482
f 2485/2485/2485 2484/2484/2484 2481/2481/2481
f 2484/2484/2484 2486/2486/2486 2482/2482/2482
f 2482/2482/2482 2486/2486/2486 2487/2487/2487
f 2488/2488/2488 2489/2489/2489 2490/2490/2490
f 2490/2490/2490 2489/2489/2489 2491/2491/2491
f 2491/2491/2491 2489/2489/2489 2492/2492/2492
f 2493/2493/2493 2490/2490/2490 2491/2491/2491
f 2490/2490/2490 2493/2493/2493 2494/2494/2494
f 2495/2495/2495 2496/2496/2496 2497/2497/2497
f 2496/2496/2496 2498/2498/2498 2497/2497/2497
f 2499/2499/2499 2500/2500/2500 2501/2501/2501
f 2500/2500/2500 2499/2499/2499 2502/2502/2502
f 2502/2502/2502 2499/2499/2499 2503/2503/2503
f 2499/2499/2499 2504/2504/2504 2503/2503/2503
f 2505/2505/2505 2506/2506/2506 2507/2507/2507
f 2508/2508/2508 2505/2505/2505 2507/2507/2507
f 2508/2508/2508 2507/2507/2507 2509/2509/2509
f 2509/2509/2509 2507/2507/2507 2510/2510/2510
f 2510/2510/2510 2511/2511/2511 2509/2509/2509
f 2512/2512/2512 2509/2509/2509 2511/2511/2511
f 2513/2513/2513 2509/2509/2509 2512/2512/2512
f 2513/2513/2513 2512/2512/2512 2514/2514/2514
f 2513/2513/2513 2514/2514/2514 2515/2515/2515
f 2515/2515/2515 2514/2514/2514 2516/2516/2516
f 2514/2514/2514 2517/2517/2517 2516/2516/2516
f 2517/2517/2517 2514/2514/2514 2518/2518/2518
f 2517/2517/2517 2519/2519/2519 2516/2516/2516
f 2516/2516/2516 2519/2519/2519 2520/2520/2520
f 2521/2521/2521 2516/2516/2516 2520/2520/2520
f 2521/2521/2521 2520/2520/2520 2522/2522/2522
f 2519/2519/2519 2523/2523/2523 2520/2520/2520
f 2524/2524/2524 2520/2520/2520 2523/2523/2523
f 2523/2523/2523 2525/2525/2525 2524/2524/2524
f 2520/2520/2520 2524/2524/2524 2526/2526/2526
f 2526/2526/2526 2527/2527/2527 2520/2520/2520
f 2528/2528/2528 2527/2527/2527 2526/2526/2526
f 2526/2526/2526 2529/2529/2529 2528/2528/2528
f 2530/2530/2530 2531/2531/2531 2532/2532/2532
f 2532/2532/2532 2531/2531/2531 2533/2533/2533
f 2534/2534/2534 2535/2535/2535 2536/2536/2536
f 2537/2537/2537 2535/2535/2535 2534/2534/2534
f 2535/2535/2535 2537/2537/2537 2538/2538/2538
f 2539/2539/2539 2540/2540/2540 2541/2541/2541
f 2540/2540/2540 2542/2542/2542 2541/2541/2541
f 2542/2542/2542 2543/2543/2543 2541/2541/2541
f 2541/2541/2541 2543/2543/2543 2544/2544/2544
f 2545/2545/2545 2541/2541/2541 2544/2544/2544
f 2540/2540/2540 2546/2546/2546 2542/2542/2542
f 2546/2546/2546 2547/2547/2547 2542/2542/2542
f 2548/2548/2548 2546/2546/2546 2540/2540/2540
f 2548/2548/2548 2549/2549/2549 2546/2546/2546
f 2548/2548/2548 2550/2550/2550 2549/2549/2549
f 2551/2551/2551 2549/2549/2549 2550/2550/2550
f 2552/2552/2552 2551/2551/2551 2550/2550/2550
f 2551/2551/2551 2553/2553/2553 2549/2549/2549
f 2554/2554/2554 2555/2555/2555 2556/2556/2556
f 2554/2554/2554 2556/2556/2556 2557/2557/2557
f 2554/2554/2554 2557/2557/2557 2558/2558/2558
f 2559/2559/2559 2560/2560/2560 2561/2561/2561
f 2560/2560/2560 2559/2559/2559 2562/2562/2562
f 2559/2559/2559 2563/2563/2563 2562/2562/2562
f 2564/2564/2564 2565/2565/2565 2566/2566/2566
f 2564/2564/2564 2567/2567/2567 2565/2565/2565
f 2568/2568/2568 2569/2569/2569 2570/2570/2570
f 2568/2568/2568 2570/2570/2570 2571/2571/2571
f 2570/2570/2570 2572/2572/2572 2571/2571/2571
f 2571/2571/2571 2572/2572/2572 2573/2573/2573
f 2570/2570/2570 2574/2574/2574 2572/2572/2572
f 2574/2574/2574 2575/2575/2575 2572/2572/2572
f 2574/2574/2574 2576/2576/2576 2575/2575/2575
f 2572/2572/2572 2575/2575/2575 2577/2577/2577
f 2578/2578/2578 2577/2577/2577 2575/2575/2575
f 2579/2579/2579 2580/2580/2580 2581/2581/2581
f 2581/2581/2581 2580/2580/2580 2582/2582/2582
f 2583/2583/2583 2581/2581/2581 2582/2582/2582
f 2584/2584/2584 2585/2585/2585 2586/2586/2586
f 2585/2585/2585 2587/2587/2587 2586/2586/2586
f 2588/2588/2588 2589/2589/2589 2590/2590/2590
f 2591/2591/2591 2588/2588/2588 2590/2590/2590
f 2591/2591/2591 2590/2590/2590 2592/2592/2592
f 2593/2593/2593 2594/2594/2594 2595/2595/2595
f 2594/2594/2594 2596/2596/2596 2595/2595/2595
f 2597/2597/2597 2598/2598/2598 2599/2599/2599
f 2597/2597/2597 2599/2599/2599 2600/2600/2600
f 2597/2597/2597 2600/2600/2600 2601/2601/2601
f 2602/2602/2602 2603/2603/2603 2604/2604/2604
f 2602/2602/2602 2604/2604/2604 2605/2605/2605
f 2605/2605/2605 2604/2604/2604 2606/2606/2606
f 2606/2606/2606 2604/2604/2604 2607/2607/2607
f 2608/2608/2608 2606/2606/2606 2607/2607/2607
f 2604/2604/2604 2609/2609/2609 2607/2607/2607
f 2607/2607/2607 2609/2609/2609 2610/2610/2610
f 2611/2611/2611 2609/2609/2609 2604/2604/2604
f 2612/2612/2612 2611/2611/2611 2604/2604/2604
f 2613/2613/2613 2611/2611/2611 2612/2612/2612
f 2614/2614/2614 2613/2613/2613 2612/2612/2612
f 2609/2609/2609 2611/2611/2611 2615/2615/2615
f 2615/2615/2615 2611/2611/2611 2616/2616/2616
f 2616/2616/2616 2617/2617/2617 2615/2615/2615
f 2615/2615/2615 2618/2618/2618 2609/2609/2609
f 2618/2618/2618 2619/2619/2619 2609/2609/2609
f 2620/2620/2620 2621/2621/2621 2622/2622/2622
f 2622/2622/2622 2621/2621/2621 2623/2623/2623
f 2624/2624/2624 2625/2625/2625 2626/2626/2626
f 2625/2625/2625 2627/2627/2627 2626/2626/2626
f 2627/2627/2627 2628/2628/2628 2626/2626/2626
f 2627/2627/2627 2629/2629/2629 2628/2628/2628
f 2626/2626/2626 2628/2628/2628 2630/2630/2630
f 2631/2631/2631 2632/2632/2632 2633/2633/2633
f 2633/2633/2633 2632/2632/2632 2634/2634/2634
f 2633/2633/2633 2634/2634/2634 2635/2635/2635
f 2633/2633/2633 2635/2635/2635 2636/2636/2636
f 2634/2634/2634 2637/2637/2637 2635/2635/2635
f 2638/2638/2638 2639/2639/2639 2640/2640/2640
f 2640/2640/2640 2641/2641/2641 2638/2638/2638
f 2641/2641/2641 2642/2642/2642 2638/2638/2638
f 2640/2640/2640 2643/2643/2643 2641/2641/2641
f 2640/2640/2640 2644/2644/2644 2643/2643/2643
f 2645/2645/2645 2646/2646/2646 2647/2647/2647
f 2646/2646/2646 2645/2645/2645 2648/2648/2648
f 2649/2649/2649 2648/2648/2648 2645/2645/2645
f 2649/2649/2649 2645/2645/2645 2650/2650/2650
f 2645/2645/2645 2651/2651/2651 2650/2650/2650
f 2645/2645/2645 2652/2652/2652 2651/2651/2651
f 2649/2649/2649 2650/2650/2650 2653/2653/2653
f 2654/2654/2654 2649/2649/2649 2653/2653/2653
f 2654/2654/2654 2653/2653/2653 2655/2655/2655
f 2656/2656/2656 2657/2657/2657 2658/2658/2658
f 2658/2658/2658 2657/2657/2657 2659/2659/2659
f 2660/2660/2660 2661/2661/2661 2662/2662/2662
f 2661/2661/2661 2663/2663/2663 2662/2662/2662
f 2661/2661/2661 2664/2664/2664 2663/2663/2663
f 2664/2664/2664 2665/2665/2665 2663/2663/2663
f 2666/2666/2666 2667/2667/2667 2668/2668/2668
f 2667/2667/2667 2669/2669/2669 2668/2668/2668
f 2669/2669/2669 2670/2670/2670 2668/2668/2668
f 2668/2668/2668 2670/2670/2670 2671/2671/2671
f 2671/2671/2671 2672/2672/2672 2668/2668/2668
f 2673/2673/2673 2674/2674/2674 2675/2675/2675
f 2674/2674/2674 2676/2676/2676 2675/2675/2675
f 2677/2677/2677 2676/2676/2676 2674/2674/2674
f 2678/2678/2678 2679/2679/2679 2680/2680/2680
f 2679/2679/2679 2681/2681/2681 2680/2680/2680
f 2680/2680/2680 2681/2681/2681 2682/2682/2682
f 2679/2679/2679 2683/2683/2683 2681/2681/2681
f 2683/2683/2683 2684/2684/2684 2681/2681/2681
f 2684/2684/2684 2685/2685/2685 2681/2681/2681
f 2686/2686/2686 2687/2687/2687 2688/2688/2688
f 2686/2686/2686 2689/2689/2689 2687/2687/2687
f 2690/2690/2690 2691/2691/2691 2692/2692/2692
f 2690/2690/2690 2693/2693/2693 2691/2691/2691
f 2694/2694/2694 2693/2693/2693 2690/2690/2690
f 2695/2695/2695 2696/2696/2696 2697/2697/2697
f 2696/2696/2696 2698/2698/2698 2697/2697/2697
f 2699/2699/2699 2700/2700/2700 2701/2701/2701
f 2699/2699/2699 2702/2702/2702 2700/2700/2700
f 2703/2703/2703 2704/2704/2704 2705/2705/2705
f 2703/2703/2703 2706/2706/2706 2704/2704/2704
f 2707/2707/2707 2708/2708/2708 2709/2709/2709
f 2708/2708/2708 2710/2710/2710 2709/2709/2709
f 2710/2710/2710 2708/2708/2708 2711/2711/2711
f 2712/2712/2712 2713/2713/2713 2714/2714/2714
f 2714/2714/2714 2713/2713/2713 2715/2715/2715
f 2714/2714/2714 2715/2715/2715 2716/2716/2716
f 2717/2717/2717 2718/2718/2718 2719/2719/2719
f 2718/2718/2718 2720/2720/2720 2719/2719/2719
f 2721/2721/2721 2720/2720/2720 2718/2718/2718
f 2719/2719/2719 2720/2720/2720 2722/2722/2722
f 2720/2720/2720 2723/2723/2723 2722/2722/2722
f 2724/2724/2724 2725/2725/2725 2726/2726/2726
f 2727/2727/2727 2724/2724/2724 2726/2726/2726
f 2727/2727/2727 2726/2726/2726 2728/2728/2728
f 2729/2729/2729 2730/2730/2730 2731/2731/2731
f 2729/2729/2729 2732/2732/2732 2730/2730/2730
f 2729/2729/2729 2733/2733/2733 2732/2732/2732
f 2729/2729/2729 2734/2734/2734 2733/2733/2733
f 2729/2729/2729 2735/2735/2735 2734/2734/2734
f 2736/2736/2736 2735/2735/2735 2729/2729/2729
f 2735/2735/2735 2737/2737/2737 2734/2734/2734
f 2734/2734/2734 2737/2737/2737 2738/2738/2738
f 2734/2734/2734 2738/2738/2738 2739/2739/2739
f 2738/2738/2738 2737/2737/2737 2740/2740/2740
f 2741/2741/2741 2742/2742/2742 2743/2743/2743
f 2743/2743/2743 2744/2744/2744 2741/2741/2741
f 2745/2745/2745 2744/2744/2744 2743/2743/2743
f 2744/2744/2744 2745/2745/2745 2746/2746/2746
f 2746/2746/2746 2745/2745/2745 2747/2747/2747
f 2747/2747/2747 2745/2745/2745 2748/2748/2748
f 2749/2749/2749 2746/2746/2746 2747/2747/2747
f 2749/2749/2749 2747/2747/2747 2750/2750/2750
f 2747/2747/2747 2751/2751/2751 2750/2750/2750
f 2749/2749/2749 2750/2750/2750 2752/2752/2752
f 2753/2753/2753 2749/2749/2749 2752/2752/2752
f 2754/2754/2754 2749/2749/2749 2753/2753/2753
f 2754/2754/2754 2755/2755/2755 2749/2749/2749
f 2756/2756/2756 2757/2757/2757 2758/2758/2758
f 2758/2758/2758 2757/2757/2757 2759/2759/2759
f 2760/2760/2760 2761/2761/2761 2762/2762/2762
f 2761/2761/2761 2763/2763/2763 2762/2762/2762
f 2762/2762/2762 2763/2763/2763 2764/2764/2764
f 2765/2765/2765 2766/2766/2766 2767/2767/2767
f 2767/2767/2767 2766/2766/2766 2768/2768/2768
f 2767/2767/2767 2768/2768/2768 2769/2769/2769
f 2770/2770/2770 2767/2767/2767 2769/2769/2769
f 2771/2771/2771 2772/2772/2772 2773/2773/2773
f 2773/2773/2773 2774/2774/2774 2771/2771/2771
f 2775/2775/2775 2776/2776/2776 2777/2777/2777
f 2777/2777/2777 2776/2776/2776 2778/2778/2778
f 2777/2777/2777 2778/2778/2778 2779/2779/2779
f 2777/2777/2777 2779/2779/2779 2780/2780/2780
f 2780/2780/2780 2779/2779/2779 2781/2781/2781
f 2778/2778/2778 2782/2782/2782 2779/2779/2779
f 2778/2778/2778 2783/2783/2783 2782/2782/2782
f 2784/2784/2784 2785/2785/2785 2786/2786/2786
f 2787/2787/2787 2784/2784/2784 2786/2786/2786
f 2788/2788/2788 2789/2789/2789 2790/2790/2790
f 2791/2791/2791 2788/2788/2788 2790/2790/2790
f 2791/2791/2791 2790/2790/2790 2792/2792/2792
f 2792/2792/2792 2790/2790/2790 2793/2793/2793
f 2794/2794/2794 2795/2795/2795 2796/2796/2796
f 2796/2796/2796 2795/2795/2795 2797/2797/2797
f 2798/2798/2798 2799/2799/2799 2800/2800/2800
f 2800/2800/2800 2799/2799/2799 2801/2801/2801
f 2800/2800/2800 2801/2801/2801 2802/2802/2802
f 2803/2803/2803 2804/2804/2804 2805/2805/2805
f 2805/2805/2805 2804/2804/2804 2806/2806/2806
f 2807/2807/2807 2808/2808/2808 2809/2809/2809
f 2808/2808/2808 2810/2810/2810 2809/2809/2809
f 2809/2809/2809 2810/2810/2810 2811/2811/2811
f 2810/2810/2810 2812/2812/2812 2811/2811/2811
f 2813/2813/2813 2814/2814/2814 2815/2815/2815
f 2816/2816/2816 2814/2814/2814 2813/2813/2813
f 2816/2816/2816 2817/2817/2817 2814/2814/2814
f 2814/2814/2814 2817/2817/2817 2818/2818/2818
f 2817/2817/2817 2819/2819/2819 2818/2818/2818
f 2820/2820/2820 2821/2821/2821 2822/2822/2822
f 2820/2820/2820 2823/2823/2823 2821/2821/2821
f 2823/2823/2823 2824/2824/2824 2821/2821/2821
f 2823/2823/2823 2825/2825/2825 2824/2824/2824
f 2821/2821/2821 2824/2824/2824 2826/2826/2826
f 2827/2827/2827 2828/2828/2828 2829/2829/2829
f 2828/2828/2828 2830/2830/2830 2829/2829/2829
f 2829/2829/2829 2830/2830/2830 2831/2831/2831
f 2832/2832/2832 2833/2833/2833 2834/2834/2834
f 2832/2832/2832 2834/2834/2834 2835/2835/2835
f 2836/2836/2836 2837/2837/2837 2838/2838/2838
f 2837/2837/2837 2836/2836/2836 2839/2839/2839
f 2840/2840/2840 2841/2841/2841 2842/2842/2842
f 2842/2842/2842 2841/2841/2841 2843/2843/2843
f 2844/2844/2844 2845/2845/2845 2846/2846/2846
f 2846/2846/2846 2845/2845/2845 2847/2847/2847
f 2848/2848/2848 2849/2849/2849 2850/2850/2850
f 2849/2849/2849 2851/2851/2851 2850/2850/2850
f 2851/2851/2851 2852/2852/2852 2850/2850/2850
f 2853/2853/2853 2854/2854/2854 2855/2855/2855
f 2855/2855/2855 2854/2854/2854 2856/2856/2856
f 2857/2857/2857 2858/2858/2858 2859/2859/2859
f 2859/2859/2859 2858/2858/2858 2860/2860/2860
f 2858/2858/2858 2861/2861/2861 2860/2860/2860
f 2862/2862/2862 2863/2863/2863 2864/2864/2864
f 2864/2864/2864 2863/2863/2863 2865/2865/2865
f 2863/2863/2863 2866/2866/2866 2865/2865/2865
f 2865/2865/2865 2866/2866/2866 2867/2867/2867
f 2865/2865/2865 2867/2867/2867 2868/2868/2868
f 2867/2867/2867 2869/2869/2869 2868/2868/2868
f 2867/2867/2867 2870/2870/2870 2869/2869/2869
f 2869/2869/2869 2870/2870/2870 2871/2871/2871
f 2872/2872/2872 2873/2873/2873 2874/2874/2874
f 2875/2875/2875 2874/2874/2874 2873/2873/2873
f 2874/2874/2874 2875/2875/2875 2876/2876/2876
f 2875/2875/2875 2873/2873/2873 2877/2877/2877
f 2876/2876/2876 2875/2875/2875 2878/2878/2878
f 2878/2878/2878 2875/2875/2875 2877/2877/2877
f 2879/2879/2879 2876/2876/2876 2878/2878/2878
f 2878/2878/2878 2877/2877/2877 2880/2880/2880
f 2881/2881/2881 2882/2882/2882 2883/2883/2883
f 2881/2881/2881 2883/2883/2883 2884/2884/2884
f 2884/2884/2884 2883/2883/2883 2885/2885/2885
f 2884/2884/2884 2885/2885/2885 2886/2886/2886
f 2886/2886/2886 2885/2885/2885 2887/2887/2887
f 2887/2887/2887 2885/2885/2885 2888/2888/2888
f 2883/2883/2883 2889/2889/2889 2885/2885/2885
f 2885/2885/2885 2889/2889/2889 2890/2890/2890
f 2889/2889/2889 2891/2891/2891 2890/2890/2890
f 2890/2890/2890 2891/2891/2891 2892/2892/2892
f 2891/2891/2891 2893/2893/2893 2892/2892/2892
f 2893/2893/2893 2894/2894/2894 2892/2892/2892
f 2894/2894/2894 2895/2895/2895 2892/2892/2892
f 2883/2883/2883 2896/2896/2896 2889/2889/2889
f 2883/2883/2883 2897/2897/2897 2896/2896/2896
f 2898/2898/2898 2897/2897/2897 2883/2883/2883
f 2896/2896/2896 2897/2897/2897 2899/2899/2899
f 2897/2897/2897 2900/2900/2900 2899/2899/2899
f 2899/2899/2899 2900/2900/2900 2901/2901/2901
f 2902/2902/2902 2903/2903/2903 2904/2904/2904
f 2903/2903/2903 2905/2905/2905 2904/2904/2904
f 2906/2906/2906 2907/2907/2907 2908/2908/2908
f 2909/2909/2909 2907/2907/2907 2906/2906/2906
f 2910/2910/2910 2907/2907/2907 2909/2909/2909
f 2910/2910/2910 2911/2911/2911 2907/2907/2907
f 2907/2907/2907 2911/2911/2911 2912/2912/2912
f 2913/2913/2913 2914/2914/2914 2915/2915/2915
f 2913/2913/2913 2916/2916/2916 2914/2914/2914
f 2917/2917/2917 2918/2918/2918 2919/2919/2919
f 2918/2918/2918 2920/2920/2920 2919/2919/2919
f 2921/2921/2921 2922/2922/2922 2923/2923/2923
f 2922/2922/2922 2924/2924/2924 2923/2923/2923
f 2925/2925/2925 2926/2926/2926 2927/2927/2927
f 2925/2925/2925 2928/2928/2928 2926/2926/2926
f 2929/2929/2929 2930/2930/2930 2931/2931/2931
f 2930/2930/2930 2932/2932/2932 2931/2931/2931
f 2933/2933/2933 2934/2934/2934 2935/2935/2935
f 2935/2935/2935 2934/2934/2934 2936/2936/2936
f 2937/2937/2937 2938/2938/2938 2939/2939/2939
f 2938/2938/2938 2940/2940/2940 2939/2939/2939
f 2938/2938/2938 2941/2941/2941 2940/2940/2940
f 2942/2942/2942 2943/2943/2943 2944/2944/2944
f 2944/2944/2944 2943/2943/2943 2945/2945/2945
f 2943/2943/2943 2946/2946/2946 2945/2945/2945
f 2944/2944/2944 2945/2945/2945 2947/2947/2947
f 2947/2947/2947 2945/2945/2945 2948/2948/2948
f 2947/2947/2947 2948/2948/2948 2949/2949/2949
f 2950/2950/2950 2951/2951/2951 2952/2952/2952
f 2951/2951/2951 2953/2953/2953 2952/2952/2952
f 2954/2954/2954 2955/2955/2955 2956/2956/2956
f 2955/2955/2955 2957/2957/2957 2956/2956/2956
f 2958/2958/2958 2959/2959/2959 2960/2960/2960
f 2959/2959/2959 2961/2961/2961 2960/2960/2960
f 2962/2962/2962 2963/2963/2963 2964/2964/2964
f 2964/2964/2964 2963/2963/2963 2965/2965/2965
f 2966/2966/2966 2967/2967/2967 2968/2968/2968
f 2967/2967/2967 2969/2969/2969 2968/2968/2968
f 2967/2967/2967 2970/2970/2970 2969/2969/2969
f 2971/2971/2971 2970/2970/2970 2967/2967/2967
f 2969/2969/2969 2970/2970/2970 2972/2972/2972
f 2969/2969/2969 2972/2972/2972 2973/2973/2973
f 2974/2974/2974 2975/2975/2975 2976/2976/2976
f 2975/2975/2975 2977/2977/2977 2976/2976/2976
f 2978/2978/2978 2979/2979/2979 2980/2980/2980
f 2980/2980/2980 2979/2979/2979 2981/2981/2981
f 2982/2982/2982 2983/2983/2983 2984/2984/2984
f 2982/2982/2982 2984/2984/2984 2985/2985/2985
f 2986/2986/2986 2987/2987/2987 2988/2988/2988
f 2988/2988/2988 2987/2987/2987 2989/2989/2989
f 2988/2988/2988 2989/2989/2989 2990/2990/2990
f 2991/2991/2991 2992/2992/2992 2993/2993/2993
f 2993/2993/2993 2992/2992/2992 2994/2994/2994
f 2995/2995/2995 2996/2996/2996 2997/2997/2997
f 2996/2996/2996 2998/2998/2998 2997/2997/2997
f 2999/2999/2999 3000/3000/3000 3001/3001/3001
f 2999/2999/2999 3002/3002/3002 3000/3000/3000
f 3003/3003/3003 3004/3004/3004 3005/3005/3005
f 3005/3005/3005 3004/3004/3004 3006/3006/3006
f 3005/3005/3005 3006/3006/3006 3007/3007/3007
f 3008/3008/3008 3005/3005/3005 3007/3007/3007
f 3007/3007/3007 3006/3006/3006 3009/3009/3009
f 3010/3010/3010 3011/3011/3011 3012/3012/3012
f 3013/3013/3013 3011/3011/3011 3010/3010/3010
f 3014/3014/3014 3013/3013/3013 3010/3010/3010
f 3014/3014/3014 3015/3015/3015 3013/3013/3013
f 3013/3013/3013 3015/3015/3015 3011/3011/3011
f 3015/3015/3015 3016/3016/3016 3011/3011/3011
f 3017/3017/3017 3018/3018/3018 3019/3019/3019
f 3017/3017/3017 3020/3020/3020 3018/3018/3018
f 3017/3017/3017 3021/3021/3021 3020/3020/3020
f 3022/3022/3022 3023/3023/3023 3024/3024/3024
f 3025/3025/3025 3022/3022/3022 3024/3024/3024
f 3025/3025/3025 3026/3026/3026 3022/3022/3022
f 3026/3026/3026 3027/3027/3027 3022/3022/3022
f 3022/3022/3022 3027/3027/3027 3028/3028/3028
f 3027/3027/3027 3029/3029/3029 3028/3028/3028
f 3028/3028/3028 3029/3029/3029 3030/3030/3030
f 3031/3031/3031 3032/3032/3032 3033/3033/3033
f 3032/3032/3032 3034/3034/3034 3033/3033/3033
f 3035/3035/3035 3033/3033/3033 3034/3034/3034
f 3036/3036/3036 3037/3037/3037 3038/3038/3038
f 3039/3039/3039 3037/3037/3037 3036/3036/3036
f 3039/3039/3039 3040/3040/3040 3037/3037/3037
f 3039/3039/3039 3041/3041/3041 3040/3040/3040
f 3040/3040/3040 3041/3041/3041 3042/3042/3042
f 3042/3042/3042 3041/3041/3041 3043/3043/3043
f 3044/3044/3044 3045/3045/3045 3046/3046/3046
f 3045/3045/3045 3047/3047/3047 3046/3046/3046
f 3047/3047/3047 3048/3048/3048 3046/3046/3046
f 3049/3049/3049 3046/3046/3046 3048/3048/3048
f 3047/3047/3047 3050/3050/3050 3048/3048/3048
f 3047/3047/3047 3051/3051/3051 3050/3050/3050
f 3052/3052/3052 3053/3053/3053 3054/3054/3054
f 3053/3053/3053 3055/3055/3055 3054/3054/3054
f 3056/3056/3056 3057/3057/3057 3058/3058/3058
f 3059/3059/3059 3056/3056/3056 3058/3058/3058
f 3059/3059/3059 3058/3058/3058 3060/3060/3060
f 3060/3060/3060 3058/3058/3058 3061/3061/3061
f 3062/3062/3062 3063/3063/3063 3064/3064/3064
f 3064/3064/3064 3063/3063/3063 3065/3065/3065
f 3066/3066/3066 3067/3067/3067 3068/3068/3068
f 3068/3068/3068 3067/3067/3067 3069/3069/3069
f 3070/3070/3070 3071/3071/3071 3072/3072/3072
f 3071/3071/3071 3070/3070/3070 3073/3073/3073
f 3073/3073/3073 3070/3070/3070 3074/3074/3074
f 3075/3075/3075 3076/3076/3076 3077/3077/3077
f 3078/3078/3078 3075/3075/3075 3077/3077/3077
f 3075/3075/3075 3078/3078/3078 3079/3079/3079
f 3079/3079/3079 3078/3078/3078 3080/3080/3080
f 3081/3081/3081 3082/3082/3082 3083/3083/3083
f 3082/3082/3082 3084/3084/3084 3083/3083/3083
f 3082/3082/3082 3085/3085/3085 3084/3084/3084
f 3085/3085/3085 3086/3086/3086 3084/3084/3084
f 3087/3087/3087 3088/3088/3088 3089/3089/3089
f 3088/3088/3088 3090/3090/3090 3089/3089/3089
f 3091/3091/3091 3092/3092/3092 3093/3093/3093
f 3091/3091/3091 3094/3094/3094 3092/3092/3092
f 3095/3095/3095 3096/3096/3096 3097/3097/3097
f 3097/3097/3097 3096/3096/3096 3098/3098/3098
f 3099/3099/3099 3100/3100/3100 3101/3101/3101
f 3102/3102/3102 3100/3100/3100 3099/3099/3099
f 3103/3103/3103 3104/3104/3104 3105/3105/3105
f 3104/3104/3104 3106/3106/3106 3105/3105/3105
f 3107/3107/3107 3108/3108/3108 3109/3109/3109
f 3108/3108/3108 3110/3110/3110 3109/3109/3109
f 3108/3108/3108 3111/3111/3111 3110/3110/3110
f 3112/3112/3112 3113/3113/3113 3114/3114/3114
f 3112/3112/3112 3114/3114/3114 3115/3115/3115
f 3115/3115/3115 3114/3114/3114 3116/3116/3116
f 3117/3117/3117 3118/3118/3118 3119/3119/3119
f 3117/3117/3117 3120/3120/3120 3118/3118/3118
f 3118/3118/3118 3120/3120/3120 3121/3121/3121
f 3122/3122/3122 3123/3123/3123 3124/3124/3124
f 3124/3124/3124 3123/3123/3123 3125/3125/3125
f 3126/3126/3126 3127/3127/3127 3128/3128/3128
f 3128/3128/3128 3127/3127/3127 3129/3129/3129
f 3130/3130/3130 3131/3131/3131 3132/3132/3132
f 3130/3130/3130 3133/3133/3133 3131/3131/3131
f 3133/3133/3133 3134/3134/3134 3131/3131/3131
f 3135/3135/3135 3136/3136/3136 3137/3137/3137
f 3138/3138/3138 3135/3135/3135 3137/3137/3137
f 3138/3138/3138 3137/3137/3137 3139/3139/3139
f 3139/3139/3139 3137/3137/3137 3140/3140/3140
f 3137/3137/3137 3141/3141/3141 3140/3140/3140
f 3142/3142/3142 3143/3143/3143 3144/3144/3144
f 3142/3142/3142 3144/3144/3144 3145/3145/3145
f 3146/3146/3146 3147/3147/3147 3148/3148/3148
f 3148/3148/3148 3147/3147/3147 3149/3149/3149
f 3150/3150/3150 3148/3148/3148 3149/3149/3149
f 3151/3151/3151 3152/3152/3152 3153/3153/3153
f 3151/3151/3151 3154/3154/3154 3152/3152/3152
f 3155/3155/3155 3156/3156/3156 3157/3157/3157
f 3155/3155/3155 3157/3157/3157 3158/3158/3158
f 3158/3158/3158 3157/3157/3157 3159/3159/3159
f 3157/3157/3157 3160/3160/3160 3159/3159/3159
f 3157/3157/3157 3161/3161/3161 3160/3160/3160
f 3162/3162/3162 3161/3161/3161 3157/3157/3157
f 3163/3163/3163 3164/3164/3164 3165/3165/3165
f 3165/3165/3165 3166/3166/3166 3163/3163/3163
f 3167/3167/3167 3168/3168/3168 3169/3169/3169
f 3169/3169/3169 3168/3168/3168 3170/3170/3170
f 3171/3171/3171 3172/3172/3172 3173/3173/3173
f 3171/3171/3171 3173/3173/3173 3174/3174/3174
f 3175/3175/3175 3171/3171/3171 3174/3174/3174
f 3176/3176/3176 3177/3177/3177 3178/3178/3178
f 3178/3178/3178 3179/3179/3179 3176/3176/3176
f 3180/3180/3180 3181/3181/3181 3182/3182/3182
f 3182/3182/3182 3181/3181/3181 3183/3183/3183
f 3184/3184/3184 3185/3185/3185 3186/3186/3186
f 3185/3185/3185 3187/3187/3187 3186/3186/3186
f 3187/3187/3187 3188/3188/3188 3186/3186/3186
f 3186/3186/3186 3188/3188/3188 3189/3189/3189
f 3190/3190/3190 3191/3191/3191 3192/3192/3192
f 3190/3190/3190 3193/3193/3193 3191/3191/3191
f 3194/3194/3194 3191/3191/3191 3193/3193/3193
f 3194/3194/3194 3195/3195/3195 3191/3191/3191
f 3196/3196/3196 3197/3197/3197 3198/3198/3198
f 3199/3199/3199 3197/3197/3197 3196/3196/3196
f 3199/3199/3199 3200/3200/3200 3197/3197/3197
f 3197/3197/3197 3200/3200/3200 3201/3201/3201
f 3201/3201/3201 3202/3202/3202 3197/3197/3197
f 3197/3197/3197 3202/3202/3202 3203/3203/3203
f 3201/3201/3201 3204/3204/3204 3202/3202/3202
f 3205/3205/3205 3202/3202/3202 3204/3204/3204
f 3206/3206/3206 3207/3207/3207 3208/3208/3208
f 3207/3207/3207 3209/3209/3209 3208/3208/3208
f 3210/3210/3210 3208/3208/3208 3209/3209/3209
f 3210/3210/3210 3209/3209/3209 3211/3211/3211
f 3212/3212/3212 3213/3213/3213 3214/3214/3214
f 3214/3214/3214 3213/3213/3213 3215/3215/3215
f 3213/3213/3213 3216/3216/3216 3215/3215/3215
f 3215/3215/3215 3216/3216/3216 3217/3217/3217
f 3218/3218/3218 3217/3217/3217 3216/3216/3216
f 3219/3219/3219 3220/3220/3220 3221/3221/3221
f 3220/3220/3220 3222/3222/3222 3221/3221/3221
f 3221/3221/3221 3222/3222/3222 3223/3223/3223
f 3223/3223/3223 3222/3222/3222 3224/3224/3224
f 3222/3222/3222 3225/3225/3225 3224/3224/3224
f 3224/3224/3224 3225/3225/3225 3226/3226/3226
f 3222/3222/3222 3227/3227/3227 3225/3225/3225
f 3225/3225/3225 3227/3227/3227 3228/3228/3228
f 3229/3229/3229 3225/3225/3225 3228/3228/3228
f 3227/3227/3227 3230/3230/3230 3228/3228/3228
f 3231/3231/3231 3230/3230/3230 3227/3227/3227
f 3230/3230/3230 3231/3231/3231 3232/3232/3232
f 3230/3230/3230 3232/3232/3232 3233/3233/3233
f 3230/3230/3230 3233/3233/3233 3228/3228/3228
f 3228/3228/3228 3233/3233/3233 3234/3234/3234
f 3228/3228/3228 3234/3234/3234 3235/3235/3235
f 3236/3236/3236 3237/3237/3237 3238/3238/3238
f 3238/3238/3238 3237/3237/3237 3239/3239/3239
f 3237/3237/3237 3240/3240/3240 3239/3239/3239
f 3238/3238/3238 3239/3239/3239 3241/3241/3241
f 3238/3238/3238 3241/3241/3241 3242/3242/3242
f 3243/3243/3243 3244/3244/3244 3245/3245/3245
f 3243/3243/3243 3245/3245/3245 3246/3246/3246
f 3245/3245/3245 3247/3247/3247 3246/3246/3246
f 3248/3248/3248 3249/3249/3249 3250/3250/3250
f 3250/3250/3250 3249/3249/3249 3251/3251/3251
f 3249/3249/3249 3252/3252/3252 3251/3251/3251
f 3252/3252/3252 3249/3249/3249 3253/3253/3253
f 3249/3249/3249 3254/3254/3254 3253/3253/3253
f 3255/3255/3255 3256/3256/3256 3257/3257/3257
f 3255/3255/3255 3258/3258/3258 3256/3256/3256
f 3259/3259/3259 3260/3260/3260 3261/3261/3261
f 3259/3259/3259 3262/3262/3262 3260/3260/3260
f 3260/3260/3260 3262/3262/3262 3263/3263/3263
f 3262/3262/3262 3264/3264/3264 3263/3263/3263
f 3262/3262/3262 3265/3265/3265 3264/3264/3264
f 3265/3265/3265 3266/3266/3266 3264/3264/3264
f 3267/3267/3267 3268/3268/3268 3269/3269/3269
f 3269/3269/3269 3268/3268/3268 3270/3270/3270
f 3270/3270/3270 3268/3268/3268 3271/3271/3271
f 3268/3268/3268 3272/3272/3272 3271/3271/3271
f 3273/3273/3273 3274/3274/3274 3275/3275/3275
f 3274/3274/3274 3276/3276/3276 3275/3275/3275
f 3275/3275/3275 3276/3276/3276 3277/3277/3277
f 3278/3278/3278 3279/3279/3279 3280/3280/3280
f 3280/3280/3280 3279/3279/3279 3281/3281/3281
f 3280/3280/3280 3281/3281/3281 3282/3282/3282
f 3280/3280/3280 3282/3282/3282 3283/3283/3283
f 3281/3281/3281 3279/3279/3279 3284/3284/3284
f 3279/3279/3279 3285/3285/3285 3284/3284/3284
f 3286/3286/3286 3287/3287/3287 3288/3288/3288
f 3288/3288/3288 3287/3287/3287 3289/3289/3289
f 3290/3290/3290 3291/3291/3291 3292/3292/3292
f 3290/3290/3290 3293/3293/3293 3291/3291/3291
f 3290/3290/3290 3294/3294/3294 3293/3293/3293
f 3295/3295/3295 3296/3296/3296 3297/3297/3297
f 3297/3297/3297 3296/3296/3296 3298/3298/3298
f 3299/3299/3299 3300/3300/3300 3301/3301/3301
f 3301/3301/3301 3300/3300/3300 3302/3302/3302
f 3300/3300/3300 3303/3303/3303 3302/3302/3302
f 3300/3300/3300 3304/3304/3304 3303/3303/3303
f 3305/3305/3305 3306/3306/3306 3307/3307/3307
f 3307/3307/3307 3308/3308/3308 3305/3305/3305
f 3309/3309/3309 3310/3310/3310 3311/3311/3311
f 3309/3309/3309 3311/3311/3311 3312/3312/3312
f 3309/3309/3309 3312/3312/3312 3313/3313/3313
f 3311/3311/3311 3314/3314/3314 3312/3312/3312
f 3311/3311/3311 3315/3315/3315 3314/3314/3314
f 3316/3316/3316 3317/3317/3317 3318/3318/3318
f 3317/3317/3317 3319/3319/3319 3318/3318/3318
f 3318/3318/3318 3319/3319/3319 3320/3320/3320
f 3321/3321/3321 3322/3322/3322 3323/3323/3323
f 3322/3322/3322 3324/3324/3324 3323/3323/3323
f 3322/3322/3322 3325/3325/3325 3324/3324/3324
f 3325/3325/3325 3326/3326/3326 3324/3324/3324
f 3327/3327/3327 3328/3328/3328 3329/3329/3329
f 3327/3327/3327 3330/3330/3330 3328/3328/3328
f 3331/3331/3331 3332/3332/3332 3333/3333/3333
f 3331/3331/3331 3333/3333/3333 3334/3334/3334
f 3333/3333/3333 3335/3335/3335 3334/3334/3334
f 3336/3336/3336 3337/3337/3337 3338/3338/3338
f 3337/3337/3337 3339/3339/3339 3338/3338/3338
f 3340/3340/3340 3341/3341/3341 3342/3342/3342
f 3342/3342/3342 3341/3341/3341 3343/3343/3343
f 3343/3343/3343 3341/3341/3341 3344/3344/3344
f 3343/3343/3343 3344/3344/3344 3345/3345/3345
f 3346/3346/3346 3347/3347/3347 3348/3348/3348
f 3348/3348/3348 3349/3349/3349 3346/3346/3346
f 3348/3348/3348 3350/3350/3350 3349/3349/3349
f 3351/3351/3351 3352/3352/3352 3353/3353/3353
f 3352/3352/3352 3354/3354/3354 3353/3353/3353
f 3355/3355/3355 3356/3356/3356 3357/3357/3357
f 3356/3356/3356 3358/3358/3358 3357/3357/3357
f 3359/3359/3359 3360/3360/3360 3361/3361/3361
f 3359/3359/3359 3362/3362/3362 3360/3360/3360
f 3360/3360/3360 3362/3362/3362 3363/3363/3363
f 3364/3364/3364 3365/3365/3365 3366/3366/3366
f 3364/3364/3364 3366/3366/3366 3367/3367/3367
f 3368/3368/3368 3369/3369/3369 3370/3370/3370
f 3369/3369/3369 3371/3371/3371 3370/3370/3370
f 3372/3372/3372 3373/3373/3373 3374/3374/3374
f 3374/3374/3374 3373/3373/3373 3375/3375/3375
f 3376/3376/3376 3377/3377/3377 3378/3378/3378
f 3379/3379/3379 3376/3376/3376 3378/3378/3378
f 3379/3379/3379 3378/3378/3378 3380/3380/3380
f 3380/3380/3380 3378/3378/3378 3381/3381/3381
f 3378/3378/3378 3382/3382/3382 3381/3381/3381
f 3381/3381/3381 3382/3382/3382 3383/3383/3383
f 3378/3378/3378 3384/3384/3384 3382/3382/3382
f 3384/3384/3384 3385/3385/3385 3382/3382/3382
f 3386/3386/3386 3387/3387/3387 3388/3388/3388
f 3387/3387/3387 3389/3389/3389 3388/3388/3388
f 3390/3390/3390 3391/3391/3391 3392/3392/3392
f 3391/3391/3391 3393/3393/3393 3392/3392/3392
f 3391/3391/3391 3394/3394/3394 3393/3393/3393
f 3395/3395/3395 3396/3396/3396 3397/3397/3397
f 3395/3395/3395 3398/3398/3398 3396/3396/3396
f 3395/3395/3395 3399/3399/3399 3398/3398/3398
f 3396/3396/3396 3398/3398/3398 3400/3400/3400
f 3401/3401/3401 3398/3398/3398 3399/3399/3399
f 3398/3398/3398 3401/3401/3401 3402/3402/3402
f 3400/3400/3400 3398/3398/3398 3403/3403/3403
f 3398/3398/3398 3404/3404/3404 3403/3403/3403
f 3405/3405/3405 3406/3406/3406 3407/3407/3407
f 3407/3407/3407 3406/3406/3406 3408/3408/3408
f 3409/3409/3409 3410/3410/3410 3411/3411/3411
f 3410/3410/3410 3412/3412/3412 3411/3411/3411
f 3413/3413/3413 3414/3414/3414 3415/3415/3415
f 3414/3414/3414 3416/3416/3416 3415/3415/3415
f 3417/3417/3417 3418/3418/3418 3419/3419/3419
f 3420/3420/3420 3419/3419/3419 3418/3418/3418
f 3418/3418/3418 3421/3421/3421 3420/3420/3420
f 3422/3422/3422 3423/3423/3423 3424/3424/3424
f 3425/3425/3425 3424/3424/3424 3423/3423/3423
f 3426/3426/3426 3427/3427/3427 3428/3428/3428
f 3426/3426/3426 3429/3429/3429 3427/3427/3427
f 3430/3430/3430 3431/3431/3431 3432/3432/3432
f 3432/3432/3432 3431/3431/3431 3433/3433/3433
f 3434/3434/3434 3435/3435/3435 3436/3436/3436
f 3434/3434/3434 3436/3436/3436 3437/3437/3437
f 3438/3438/3438 3439/3439/3439 3440/3440/3440
f 3440/3440/3440 3439/3439/3439 3441/3441/3441
f 3442/3442/3442 3443/3443/3443 3444/3444/3444
f 3443/3443/3443 3445/3445/3445 3444/3444/3444
f 3446/3446/3446 3447/3447/3447 3448/3448/3448
f 3448/3448/3448 3447/3447/3447 3449/3449/3449
f 3450/3450/3450 3451/3451/3451 3452/3452/3452
f 3452/3452/3452 3451/3451/3451 3453/3453/3453
f 3454/3454/3454 3455/3455/3455 3456/3456/3456
f 3454/3454/3454 3456/3456/3456 3457/3457/3457
f 3458/3458/3458 3459/3459/3459 3460/3460/3460
f 3459/3459/3459 3461/3461/3461 3460/3460/3460
f 3462/3462/3462 3463/3463/3463 3464/3464/3464
f 3463/3463/3463 3465/3465/3465 3464/3464/3464
f 3466/3466/3466 3467/3467/3467 3468/3468/3468
f 3466/3466/3466 3468/3468/3468 3469/3469/3469
f 3470/3470/3470 3471/3471/3471 3472/3472/3472
f 3470/3470/3470 3472/3472/3472 3473/3473/3473
f 3470/3470/3470 3473/3473/3473 3474/3474/3474
f 3475/3475/3475 3476/3476/3476 3477/3477/3477
f 3475/3475/3475 3477/3477/3477 3478/3478/3478
f 3479/3479/3479 3475/3475/3475 3478/3478/3478
f 3479/3479/3479 3478/3478/3478 3480/3480/3480
f 3480/3480/3480 3478/3478/3478 3481/3481/3481
f 3480/3480/3480 3481/3481/3481 3482/3482/3482
f 3481/3481/3481 3483/3483/3483 3482/3482/3482
f 3481/3481/3481 3484/3484/3484 3483/3483/3483
f 3481/3481/3481 3478/3478/3478 3484/3484/3484
f 3477/3477/3477 3485/3485/3485 3478/3478/3478
f 3477/3477/3477 3486/3486/3486 3485/3485/3485
f 3477/3477/3477 3487/3487/3487 3486/3486/3486
f 3478/3478/3478 3485/3485/3485 3488/3488/3488
f 3489/3489/3489 3478/3478/3478 3488/3488/3488
f 3478/3478/3478 3489/3489/3489 3490/3490/3490
f 3488/3488/3488 3491/3491/3491 3489/3489/3489
f 3488/3488/3488 3492/3492/3492 3491/3491/3491
f 3493/3493/3493 3494/3494/3494 3495/3495/3495
f 3494/3494/3494 3496/3496/3496 3495/3495/3495
f 3494/3494/3494 3497/3497/3497 3496/3496/3496
f 3496/3496/3496 3497/3497/3497 3498/3498/3498
f 3497/3497/3497 3499/3499/3499 3498/3498/3498
f 3500/3500/3500 3501/3501/3501 3502/3502/3502
f 3503/3503/3503 3500/3500/3500 3502/3502/3502
f 3503/3503/3503 3502/3502/3502 3504/3504/3504
f 3505/3505/3505 3506/3506/3506 3507/3507/3507
f 3505/3505/3505 3507/3507/3507 3508/3508/3508
f 3508/3508/3508 3507/3507/3507 3509/3509/3509
f 3508/3508/3508 3509/3509/3509 3510/3510/3510
f 3511/3511/3511 3512/3512/3512 3513/3513/3513
f 3511/3511/3511 3514/3514/3514 3512/3512/3512
f 3512/3512/3512 3514/3514/3514 3515/3515/3515
f 3516/3516/3516 3515/3515/3515 3514/3514/3514
f 3517/3517/3517 3518/3518/3518 3519/3519/3519
f 3519/3519/3519 3520/3520/3520 3517/3517/3517
f 3521/3521/3521 3522/3522/3522 3523/3523/3523
f 3521/3521/3521 3523/3523/3523 3524/3524/3524
f 3521/3521/3521 3524/3524/3524 3525/3525/3525
f 3523/3523/3523 3526/3526/3526 3524/3524/3524
f 3523/3523/3523 3527/3527/3527 3526/3526/3526
f 3528/3528/3528 3529/3529/3529 3530/3530/3530
f 3529/3529/3529 3531/3531/3531 3530/3530/3530
f 3532/3532/3532 3533/3533/3533 3534/3534/3534
f 3534/3534/3534 3533/3533/3533 3535/3535/3535
f 3536/3536/3536 3537/3537/3537 3538/3538/3538
f 3537/3537/3537 3536/3536/3536 3539/3539/3539
f 3540/3540/3540 3541/3541/3541 3542/3542/3542
f 3543/3543/3543 3541/3541/3541 3540/3540/3540
f 3543/3543/3543 3544/3544/3544 3541/3541/3541
f 3545/3545/3545 3546/3546/3546 3547/3547/3547
f 3545/3545/3545 3548/3548/3548 3546/3546/3546
f 3548/3548/3548 3549/3549/3549 3546/3546/3546
f 3548/3548/3548 3550/3550/3550 3549/3549/3549
f 3549/3549/3549 3550/3550/3550 3551/3551/3551
f 3549/3549/3549 3551/3551/3551 3552/3552/3552
f 3553/3553/3553 3549/3549/3549 3552/3552/3552
f 3553/3553/3553 3552/3552/3552 3554/3554/3554
f 3555/3555/3555 3556/3556/3556 3557/3557/3557
f 3556/3556/3556 3558/3558/3558 3557/3557/3557
f 3557/3557/3557 3558/3558/3558 3559/3559/3559
f 3557/3557/3557 3559/3559/3559 3560/3560/3560
f 3561/3561/3561 3562/3562/3562 3563/3563/3563
f 3561/3561/3561 3563/3563/3563 3564/3564/3564
f 3563/3563/3563 3565/3565/3565 3564/3564/3564
f 3563/3563/3563 3566/3566/3566 3565/3565/3565
f 3564/3564/3564 3565/3565/3565 3567/3567/3567
f 3564/3564/3564 3567/3567/3567 3568/3568/3568
f 3569/3569/3569 3570/3570/3570 3571/3571/3571
f 3570/3570/3570 3572/3572/3572 3571/3571/3571
f 3573/3573/3573 3574/3574/3574 3575/3575/3575
f 3573/3573/3573 3576/3576/3576 3574/3574/3574
f 3577/3577/3577 3578/3578/3578 3579/3579/3579
f 3580/3580/3580 3578/3578/3578 3577/3577/3577
f 3581/3581/3581 3582/3582/3582 3583/3583/3583
f 3583/3583/3583 3582/3582/3582 3584/3584/3584
f 3585/3585/3585 3586/3586/3586 3587/3587/3587
f 3586/3586/3586 3588/3588/3588 3587/3587/3587
f 3589/3589/3589 3590/3590/3590 3591/3591/3591
f 3589/3589/3589 3592/3592/3592 3590/3590/3590
f 3592/3592/3592 3593/3593/3593 3590/3590/3590
f 3594/3594/3594 3592/3592/3592 3589/3589/3589
f 3594/3594/3594 3595/3595/3595 3592/3592/3592
f 3592/3592/3592 3595/3595/3595 3596/3596/3596
f 3597/3597/3597 3598/3598/3598 3599/3599/3599
f 3597/3597/3597 3599/3599/3599 3600/3600/3600
f 3601/3601/3601 3602/3602/3602 3603/3603/3603
f 3601/3601/3601 3604/3604/3604 3602/3602/3602
f 3605/3605/3605 3604/3604/3604 3601/3601/3601
f 3604/3604/3604 3606/3606/3606 3602/3602/3602
f 3607/3607/3607 3608/3608/3608 3609/3609/3609
f 3607/3607/3607 3610/3610/3610 3608/3608/3608
f 3611/3611/3611 3612/3612/3612 3613/3613/3613
f 3612/3612/3612 3614/3614/3614 3613/3613/3613
f 3612/3612/3612 3615/3615/3615 3614/3614/3614
f 3616/3616/3616 3617/3617/3617 3618/3618/3618
f 3618/3618/3618 3617/3617/3617 3619/3619/3619
f 3620/3620/3620 3621/3621/3621 3622/3622/3622
f 3623/3623/3623 3621/3621/3621 3620/3620/3620
f 3623/3623/3623 3624/3624/3624 3621/3621/3621
f 3621/3621/3621 3624/3624/3624 3625/3625/3625
f 3621/3621/3621 3625/3625/3625 3626/3626/3626
f 3627/3627/3627 3628/3628/3628 3629/3629/3629
f 3629/3629/3629 3628/3628/3628 3630/3630/3630
f 3631/3631/3631 3632/3632/3632 3633/3633/3633
f 3633/3633/3633 3632/3632/3632 3634/3634/3634
f 3633/3633/3633 3634/3634/3634 3635/3635/3635
f 3633/3633/3633 3635/3635/3635 3636/3636/3636
f 3634/3634/3634 3637/3637/3637 3635/3635/3635
f 3638/3638/3638 3637/3637/3637 3634/3634/3634
f 3639/3639/3639 3640/3640/3640 3641/3641/3641
f 3640/3640/3640 3642/3642/3642 3641/3641/3641
f 3643/3643/3643 3644/3644/3644 3645/3645/3645
f 3643/3643/3643 3646/3646/3646 3644/3644/3644
f 3647/3647/3647 3648/3648/3648 3649/3649/3649
f 3650/3650/3650 3649/3649/3649 3648/3648/3648
f 3651/3651/3651 3652/3652/3652 3653/3653/3653
f 3653/3653/3653 3652/3652/3652 3654/3654/3654
f 3655/3655/3655 3656/3656/3656 3657/3657/3657
f 3655/3655/3655 3658/3658/3658 3656/3656/3656
f 3658/3658/3658 3659/3659/3659 3656/3656/3656
f 3660/3660/3660 3661/3661/3661 3662/3662/3662
f 3661/3661/3661 3663/3663/3663 3662/3662/3662
f 3662/3662/3662 3663/3663/3663 3664/3664/3664
f 3665/3665/3665 3666/3666/3666 3667/3667/3667
f 3668/3668/3668 3666/3666/3666 3665/3665/3665
f 3666/3666/3666 3668/3668/3668 3669/3669/3669
f 3670/3670/3670 3671/3671/3671 3672/3672/3672
f 3670/3670/3670 3673/3673/3673 3671/3671/3671
f 3674/3674/3674 3675/3675/3675 3676/3676/3676
f 3674/3674/3674 3677/3677/3677 3675/3675/3675
f 3677/3677/3677 3678/3678/3678 3675/3675/3675
f 3677/3677/3677 3679/3679/3679 3678/3678/3678
f 3679/3679/3679 3680/3680/3680 3678/3678/3678
f 3681/3681/3681 3682/3682/3682 3683/3683/3683
f 3684/3684/3684 3682/3682/3682 3681/3681/3681
f 3685/3685/3685 3686/3686/3686 3687/3687/3687
f 3686/3686/3686 3688/3688/3688 3687/3687/3687
f 3689/3689/3689 3690/3690/3690 3691/3691/3691
f 3691/3691/3691 3690/3690/3690 3692/3692/3692
f 3692/3692/3692 3693/3693/3693 3691/3691/3691
f 3693/3693/3693 3694/3694/3694 3691/3691/3691
f 3693/3693/3693 3695/3695/3695 3694/3694/3694
f 3694/3694/3694 3696/3696/3696 3691/3691/3691
f 3691/3691/3691 3696/3696/3696 3697/3697/3697
f 3696/3696/3696 3698/3698/3698 3697/3697/3697
f 3696/3696/3696 3699/3699/3699 3698/3698/3698
f 3696/3696/3696 3700/3700/3700 3699/3699/3699
f 3700/3700/3700 3701/3701/3701 3699/3699/3699
f 3699/3699/3699 3702/3702/3702 3698/3698/3698
f 3699/3699/3699 3703/3703/3703 3702/3702/3702
f 3699/3699/3699 3701/3701/3701 3703/3703/3703
f 3701/3701/3701 3704/3704/3704 3703/3703/3703
f 3701/3701/3701 3705/3705/3705 3704/3704/3704
f 3706/3706/3706 3705/3705/3705 3701/3701/3701
f 3705/3705/3705 3707/3707/3707 3704/3704/3704
f 3697/3697/3697 3698/3698/3698 3708/3708/3708
f 3698/3698/3698 3709/3709/3709 3708/3708/3708
f 3697/3697/3697 3708/3708/3708 3710/3710/3710
f 3711/3711/3711 3697/3697/3697 3710/3710/3710
f 3712/3712/3712 3713/3713/3713 3714/3714/3714
f 3715/3715/3715 3712/3712/3712 3714/3714/3714
f 3714/3714/3714 3716/3716/3716 3715/3715/3715
f 3717/3717/3717 3718/3718/3718 3719/3719/3719
f 3720/3720/3720 3718/3718/3718 3717/3717/3717
f 3721/3721/3721 3722/3722/3722 3723/3723/3723
f 3721/3721/3721 3724/3724/3724 3722/3722/3722
f 3721/3721/3721 3725/3725/3725 3724/3724/3724
f 3726/3726/3726 3727/3727/3727 3728/3728/3728
f 3728/3728/3728 3727/3727/3727 3729/3729/3729
f 3729/3729/3729 3727/3727/3727 3730/3730/3730
f 3731/3731/3731 3732/3732/3732 3733/3733/3733
f 3732/3732/3732 3734/3734/3734 3733/3733/3733
f 3732/3732/3732 3735/3735/3735 3734/3734/3734
f 3732/3732/3732 3736/3736/3736 3735/3735/3735
f 3734/3734/3734 3735/3735/3735 3737/3737/3737
f 3738/3738/3738 3739/3739/3739 3740/3740/3740
f 3740/3740/3740 3739/3739/3739 3741/3741/3741
f 3742/3742/3742 3740/3740/3740 3741/3741/3741
f 3742/3742/3742 3741/3741/3741 3743/3743/3743
f 3743/3743/3743 3741/3741/3741 3744/3744/3744
f 3745/3745/3745 3746/3746/3746 3747/3747/3747
f 3746/3746/3746 3748/3748/3748 3747/3747/3747
f 3749/3749/3749 3750/3750/3750 3751/3751/3751
f 3751/3751/3751 3750/3750/3750 3752/3752/3752
f 3751/3751/3751 3752/3752/3752 3753/3753/3753
f 3753/3753/3753 3752/3752/3752 3754/3754/3754
f 3750/3750/3750 3755/3755/3755 3752/3752/3752
f 3756/3756/3756 3755/3755/3755 3750/3750/3750
f 3757/3757/3757 3758/3758/3758 3759/3759/3759
f 3758/3758/3758 3760/3760/3760 3759/3759/3759
f 3759/3759/3759 3760/3760/3760 3761/3761/3761
f 3762/3762/3762 3763/3763/3763 3764/3764/3764
f 3763/3763/3763 3765/3765/3765 3764/3764/3764
f 3766/3766/3766 3764/3764/3764 3765/3765/3765
f 3766/3766/3766 3765/3765/3765 3767/3767/3767
f 3768/3768/3768 3766/3766/3766 3767/3767/3767
f 3769/3769/3769 3768/3768/3768 3767/3767/3767
f 3770/3770/3770 3768/3768/3768 3769/3769/3769
f 3771/3771/3771 3772/3772/3772 3773/3773/3773
f 3773/3773/3773 3772/3772/3772 3774/3774/3774
f 3772/3772/3772 3775/3775/3775 3774/3774/3774
f 3776/3776/3776 3777/3777/3777 3778/3778/3778
f 3779/3779/3779 3778/3778/3778 3777/3777/3777
f 3777/3777/3777 3780/3780/3780 3779/3779/3779
f 3779/3779/3779 3781/3781/3781 3778/3778/3778
f 3779/3779/3779 3782/3782/3782 3781/3781/3781
f 3783/3783/3783 3784/3784/3784 3785/3785/3785
f 3785/3785/3785 3784/3784/3784 3786/3786/3786
f 3787/3787/3787 3788/3788/3788 3789/3789/3789
f 3789/3789/3789 3788/3788/3788 3790/3790/3790
f 3788/3788/3788 3791/3791/3791 3790/3790/3790
f 3791/3791/3791 3792/3792/3792 3790/3790/3790
f 3789/3789/3789 3790/3790/3790 3793/3793/3793
f 3793/3793/3793 3790/3790/3790 3794/3794/3794
f 3795/3795/3795 3793/3793/3793 3794/3794/3794
f 3795/3795/3795 3794/3794/3794 3796/3796/3796
f 3796/3796/3796 3794/3794/3794 3797/3797/3797
f 3794/3794/3794 3798/3798/3798 3797/3797/3797
f 3796/3796/3796 3797/3797/3797 3799/3799/3799
f 3800/3800/3800 3799/3799/3799 3797/3797/3797
f 3800/3800/3800 3797/3797/3797 3801/3801/3801
f 3800/3800/3800 3801/3801/3801 3802/3802/3802
f 3803/3803/3803 3804/3804/3804 3805/3805/3805
f 3805/3805/3805 3804/3804/3804 3806/3806/3806
f 3807/3807/3807 3808/3808/3808 3809/3809/3809
f 3810/3810/3810 3807/3807/3807 3809/3809/3809
f 3811/3811/3811 3812/3812/3812 3813/3813/3813
f 3812/3812/3812 3814/3814/3814 3813/3813/3813
f 3815/3815/3815 3816/3816/3816 3817/3817/3817
f 3816/3816/3816 3818/3818/3818 3817/3817/3817
f 3819/3819/3819 3820/3820/3820 3821/3821/3821
f 3819/3819/3819 3822/3822/3822 3820/3820/3820
f 3822/3822/3822 3823/3823/3823 3820/3820/3820
f 3822/3822/3822 3824/3824/3824 3823/3823/3823
f 3820/3820/3820 3823/3823/3823 3825/3825/3825
f 3823/3823/3823 3826/3826/3826 3825/3825/3825
f 3825/3825/3825 3826/3826/3826 3827/3827/3827
f 3823/3823/3823 3828/3828/3828 3826/3826/3826
f 3823/3823/3823 3829/3829/3829 3828/3828/3828
f 3829/3829/3829 3830/3830/3830 3828/3828/3828
f 3831/3831/3831 3832/3832/3832 3833/3833/3833
f 3833/3833/3833 3832/3832/3832 3834/3834/3834
f 3835/3835/3835 3836/3836/3836 3837/3837/3837
f 3837/3837/3837 3836/3836/3836 3838/3838/3838
f 3839/3839/3839 3840/3840/3840 3841/3841/3841
f 3839/3839/3839 3842/3842/3842 3840/3840/3840
f 3842/3842/3842 3843/3843/3843 3840/3840/3840
f 3844/3844/3844 3845/3845/3845 3846/3846/3846
f 3845/3845/3845 3847/3847/3847 3846/3846/3846
f 3848/3848/3848 3849/3849/3849 3850/3850/3850
f 3848/3848/3848 3851/3851/3851 3849/3849/3849
f 3852/3852/3852 3853/3853/3853 3854/3854/3854
f 3853/3853/3853 3855/3855/3855 3854/3854/3854
f 3855/3855/3855 3856/3856/3856 3854/3854/3854
f 3857/3857/3857 3855/3855/3855 3853/3853/3853
f 3853/3853/3853 3858/3858/3858 3857/3857/3857
f 3858/3858/3858 3859/3859/3859 3857/3857/3857
f 3858/3858/3858 3860/3860/3860 3859/3859/3859
f 3859/3859/3859 3860/3860/3860 3861/3861/3861
f 3862/3862/3862 3863/3863/3863 3864/3864/3864
f 3863/3863/3863 3865/3865/3865 3864/3864/3864
f 3866/3866/3866 3867/3867/3867 3868/3868/3868
f 3869/3869/3869 3866/3866/3866 3868/3868/3868
f 3868/3868/3868 3870/3870/3870 3869/3869/3869
f 3871/3871/3871 3872/3872/3872 3873/3873/3873
f 3873/3873/3873 3874/3874/3874 3871/3871/3871
f 3875/3875/3875 3876/3876/3876 3877/3877/3877
f 3876/3876/3876 3875/3875/3875 3878/3878/3878
f 3878/3878/3878 3875/3875/3875 3879/3879/3879
f 3880/3880/3880 3881/3881/3881 3882/3882/3882
f 3880/3880/3880 3883/3883/3883 3881/3881/3881
f 3884/3884/3884 3885/3885/3885 3886/3886/3886
f 3885/3885/3885 3887/3887/3887 3886/3886/3886
f 3885/3885/3885 3888/3888/3888 3887/3887/3887
f 3887/3887/3887 3888/3888/3888 3889/3889/3889
f 3890/3890/3890 3889/3889/3889 3888/3888/3888
f 3890/3890/3890 3891/3891/3891 3889/3889/3889
f 3892/3892/3892 3891/3891/3891 3890/3890/3890
f 3893/3893/3893 3894/3894/3894 3895/3895/3895
f 3896/3896/3896 3893/3893/3893 3895/3895/3895
f 3893/3893/3893 3896/3896/3896 3897/3897/3897
f 3896/3896/3896 3898/3898/3898 3897/3897/3897
f 3896/3896/3896 3899/3899/3899 3898/3898/3898
f 3897/3897/3897 3898/3898/3898 3900/3900/3900
f 3901/3901/3901 3900/3900/3900 3898/3898/3898
f 3900/3900/3900 3901/3901/3901 3902/3902/3902
f 3903/3903/3903 3904/3904/3904 3905/3905/3905
f 3905/3905/3905 3904/3904/3904 3906/3906/3906
f 3906/3906/3906 3907/3907/3907 3905/3905/3905
f 3908/3908/3908 3909/3909/3909 3910/3910/3910
f 3909/3909/3909 3908/3908/3908 3911/3911/3911
f 3911/3911/3911 3908/3908/3908 3912/3912/3912
f 3912/3912/3912 3908/3908/3908 3913/3913/3913
f 3908/3908/3908 3914/3914/3914 3913/3913/3913
f 3908/3908/3908 3915/3915/3915 3914/3914/3914
f 3916/3916/3916 3917/3917/3917 3918/3918/3918
f 3918/3918/3918 3917/3917/3917 3919/3919/3919
f 3920/3920/3920 3919/3919/3919 3917/3917/3917
f 3920/3920/3920 3921/3921/3921 3919/3919/3919
f 3922/3922/3922 3923/3923/3923 3924/3924/3924
f 3923/3923/3923 3925/3925/3925 3924/3924/3924
f 3926/3926/3926 3927/3927/3927 3928/3928/3928
f 3928/3928/3928 3929/3929/3929 3926/3926/3926
f 3930/3930/3930 3931/3931/3931 3932/3932/3932
f 3933/3933/3933 3930/3930/3930 3932/3932/3932
f 3933/3933/3933 3932/3932/3932 3934/3934/3934
f 3934/3934/3934 3932/3932/3932 3935/3935/3935
f 3936/3936/3936 3937/3937/3937 3938/3938/3938
f 3937/3937/3937 3939/3939/3939 3938/3938/3938
f 3939/3939/3939 3940/3940/3940 3938/3938/3938
f 3940/3940/3940 3941/3941/3941 3938/3938/3938
f 3942/3942/3942 3941/3941/3941 3940/3940/3940
f 3941/3941/3941 3943/3943/3943 3938/3938/3938
f 3943/3943/3943 3944/3944/3944 3938/3938/3938
f 3945/3945/3945 3944/3944/3944 3943/3943/3943
f 3946/3946/3946 3944/3944/3944 3945/3945/3945
f 3946/3946/3946 3947/3947/3947 3944/3944/3944
f 3948/3948/3948 3949/3949/3949 3950/3950/3950
f 3950/3950/3950 3949/3949/3949 3951/3951/3951
f 3950/3950/3950 3951/3951/3951 3952/3952/3952
f 3953/3953/3953 3952/3952/3952 3951/3951/3951
f 3952/3952/3952 3953/3953/3953 3954/3954/3954
f 3955/3955/3955 3956/3956/3956 3957/3957/3957
f 3958/3958/3958 3956/3956/3956 3955/3955/3955
f 3955/3955/3955 3959/3959/3959 3958/3958/3958
f 3959/3959/3959 3960/3960/3960 3958/3958/3958
f 3959/3959/3959 3961/3961/3961 3960/3960/3960
f 3961/3961/3961 3962/3962/3962 3960/3960/3960
f 3963/3963/3963 3962/3962/3962 3961/3961/3961
f 3964/3964/3964 3962/3962/3962 3963/3963/3963
f 3965/3965/3965 3964/3964/3964 3963/3963/3963
f 3966/3966/3966 3964/3964/3964 3965/3965/3965
f 3967/3967/3967 3965/3965/3965 3963/3963/3963
f 3967/3967/3967 3963/3963/3963 3961/3961/3961
f 3967/3967/3967 3968/3968/3968 3965/3965/3965
f 3967/3967/3967 3961/3961/3961 3969/3969/3969
f 3969/3969/3969 3961/3961/3961 3970/3970/3970
f 3970/3970/3970 3971/3971/3971 3969/3969/3969
f 3971/3971/3971 3967/3967/3967 3969/3969/3969
f 3971/3971/3971 3972/3972/3972 3967/3967/3967
f 3973/3973/3973 3974/3974/3974 3975/3975/3975
f 3975/3975/3975 3974/3974/3974 3976/3976/3976
f 3975/3975/3975 3976/3976/3976 3977/3977/3977
f 3977/3977/3977 3976/3976/3976 3978/3978/3978
f 3979/3979/3979 3980/3980/3980 3981/3981/3981
f 3979/3979/3979 3982/3982/3982 3980/3980/3980
f 3983/3983/3983 3984/3984/3984 3985/3985/3985
f 3984/3984/3984 3986/3986/3986 3985/3985/3985
f 3987/3987/3987 3988/3988/3988 3989/3989/3989
f 3988/3988/3988 3990/3990/3990 3989/3989/3989
f 3988/3988/3988 3991/3991/3991 3990/3990/3990
f 3990/3990/3990 3991/3991/3991 3992/3992/3992
f 3990/3990/3990 3992/3992/3992 3993/3993/3993
f 3994/3994/3994 3992/3992/3992 3991/3991/3991
f 3992/3992/3992 3994/3994/3994 3993/3993/3993
f 3991/3991/3991 3995/3995/3995 3994/3994/3994
f 3993/3993/3993 3994/3994/3994 3996/3996/3996
f 3997/3997/3997 3998/3998/3998 3999/3999/3999
f 3998/3998/3998 4000/4000/4000 3999/3999/3999
f 4001/4001/4001 4000/4000/4000 3998/3998/3998
f 3999/3999/3999 4000/4000/4000 4002/4002/4002
f 4003/4003/4003 4004/4004/4004 4005/4005/4005
f 4003/4003/4003 4005/4005/4005 4006/4006/4006
f 4006/4006/4006 4005/4005/4005 4007/4007/4007
f 4005/4005/4005 4008/4008/4008 4007/4007/4007
f 4005/4005/4005 4009/4009/4009 4008/4008/4008
f 4010/4010/4010 4009/4009/4009 4005/4005/4005
f 4011/4011/4011 4012/4012/4012 4013/4013/4013
f 4011/4011/4011 4014/4014/4014 4012/4012/4012
f 4014/4014/4014 4015/4015/4015 4012/4012/4012
f 4016/4016/4016 4017/4017/4017 4018/4018/4018
f 4019/4019/4019 4016/4016/4016 4018/4018/4018
f 4019/4019/4019 4018/4018/4018 4020/4020/4020
f 4021/4021/4021 4022/4022/4022 4023/4023/4023
f 4021/4021/4021 4023/4023/4023 4024/4024/4024
f 4021/4021/4021 4024/4024/4024 4025/4025/4025
f 4024/4024/4024 4026/4026/4026 4025/4025/4025
f 4023/4023/4023 4027/4027/4027 4024/4024/4024
f 4027/4027/4027 4023/4023/4023 4028/4028/4028
f 4029/4029/4029 4030/4030/4030 4031/4031/4031
f 4031/4031/4031 4030/4030/4030 4032/4032/4032
f 4033/4033/4033 4031/4031/4031 4032/4032/4032
f 4034/4034/4034 4035/4035/4035 4036/4036/4036
f 4035/4035/4035 4037/4037/4037 4036/4036/4036
f 4038/4038/4038 4039/4039/4039 4040/4040/4040
f 4039/4039/4039 4041/4041/4041 4040/4040/4040
f 4042/4042/4042 4041/4041/4041 4039/4039/4039
f 4040/4040/4040 4041/4041/4041 4043/4043/4043
f 4041/4041/4041 4044/4044/4044 4043/4043/4043
f 4044/4044/4044 4045/4045/4045 4043/4043/4043
f 4046/4046/4046 4047/4047/4047 4048/4048/4048
f 4047/4047/4047 4049/4049/4049 4048/4048/4048
f 4047/4047/4047 4050/4050/4050 4049/4049/4049
f 4048/4048/4048 4049/4049/4049 4051/4051/4051
f 4048/4048/4048 4051/4051/4051 4052/4052/4052
f 4051/4051/4051 4049/4049/4049 4053/4053/4053
f 4052/4052/4052 4051/4051/4051 4054/4054/4054
f 4055/4055/4055 4051/4051/4051 4053/4053/4053
f 4055/4055/4055 4053/4053/4053 4056/4056/4056
f 4051/4051/4051 4057/4057/4057 4054/4054/4054
f 4054/4054/4054 4057/4057/4057 4058/4058/4058
f 4058/4058/4058 4057/4057/4057 4059/4059/4059
f 4060/4060/4060 4061/4061/4061 4062/4062/4062
f 4062/4062/4062 4061/4061/4061 4063/4063/4063
f 4063/4063/4063 4064/4064/4064 4062/4062/4062
f 4065/4065/4065 4066/4066/4066 4067/4067/4067
f 4068/4068/4068 4065/4065/4065 4067/4067/4067
f 4068/4068/4068 4069/4069/4069 4065/4065/4065
f 4070/4070/4070 4071/4071/4071 4072/4072/4072
f 4071/4071/4071 4073/4073/4073 4072/4072/4072
f 4074/4074/4074 4072/4072/4072 4073/4073/4073
f 4072/4072/4072 4074/4074/4074 4075/4075/4075
f 4075/4075/4075 4074/4074/4074 4076/4076/4076
f 4075/4075/4075 4076/4076/4076 4077/4077/4077
f 4075/4075/4075 4077/4077/4077 4078/4078/4078
f 4078/4078/4078 4077/4077/4077 4079/4079/4079
f 4080/4080/4080 4078/4078/4078 4079/4079/4079
f 4080/4080/4080 4079/4079/4079 4081/4081/4081
f 4082/4082/4082 4080/4080/4080 4081/4081/4081
f 4080/4080/4080 4082/4082/4082 4083/4083/4083
f 4074/4074/4074 4084/4084/4084 4076/4076/4076
f 4084/4084/4084 4085/4085/4085 4076/4076/4076
f 4084/4084/4084 4086/4086/4086 4085/4085/4085
f 4074/4074/4074 4087/4087/4087 4084/4084/4084
f 4074/4074/4074 4088/4088/4088 4087/4087/4087
f 4074/4074/4074 4089/4089/4089 4088/4088/4088
f 4089/4089/4089 4090/4090/4090 4088/4088/4088
f 4091/4091/4091 4090/4090/4090 4089/4089/4089
f 4092/4092/4092 4093/4093/4093 4094/4094/4094
f 4092/4092/4092 4095/4095/4095 4093/4093/4093
f 4092/4092/4092 4096/4096/4096 4095/4095/4095
f 4097/4097/4097 4096/4096/4096 4092/4092/4092
f 4098/4098/4098 4099/4099/4099 4100/4100/4100
f 4099/4099/4099 4101/4101/4101 4100/4100/4100
f 4102/4102/4102 4103/4103/4103 4104/4104/4104
f 4102/4102/4102 4104/4104/4104 4105/4105/4105
f 4106/4106/4106 4107/4107/4107 4108/4108/4108
f 4107/4107/4107 4109/4109/4109 4108/4108/4108
f 4109/4109/4109 4110/4110/4110 4108/4108/4108
f 4109/4109/4109 4111/4111/4111 4110/4110/4110
f 4110/4110/4110 4112/4112/4112 4108/4108/4108
f 4113/4113/4113 4114/4114/4114 4115/4115/4115
f 4113/4113/4113 4116/4116/4116 4114/4114/4114
f 4117/4117/4117 4118/4118/4118 4119/4119/4119
f 4117/4117/4117 4120/4120/4120 4118/4118/4118
f 4120/4120/4120 4121/4121/4121 4118/4118/4118
f 4122/4122/4122 4121/4121/4121 4120/4120/4120
f 4123/4123/4123 4124/4124/4124 4125/4125/4125
f 4124/4124/4124 4126/4126/4126 4125/4125/4125
f 4124/4124/4124 4127/4127/4127 4126/4126/4126
f 4126/4126/4126 4127/4127/4127 4128/4128/4128
f 4129/4129/4129 4130/4130/4130 4131/4131/4131
f 4129/4129/4129 4131/4131/4131 4132/4132/4132
f 4131/4131/4131 4133/4133/4133 4132/4132/4132
f 4134/4134/4134 4135/4135/4135 4136/4136/4136
f 4136/4136/4136 4135/4135/4135 4137/4137/4137
f 4136/4136/4136 4137/4137/4137 4138/4138/4138
f 4139/4139/4139 4140/4140/4140 4141/4141/4141
f 4140/4140/4140 4142/4142/4142 4141/4141/4141
f 4143/4143/4143 4144/4144/4144 4145/4145/4145
f 4145/4145/4145 4146/4146/4146 4143/4143/4143
f 4147/4147/4147 4146/4146/4146 4145/4145/4145
f 4147/4147/4147 4145/4145/4145 4148/4148/4148
f 4143/4143/4143 4146/4146/4146 4149/4149/4149
f 4143/4143/4143 4149/4149/4149 4150/4150/4150
f 4149/4149/4149 4151/4151/4151 4150/4150/4150
f 4152/4152/4152 4150/4150/4150 4151/4151/4151
f 4150/4150/4150 4153/4153/4153 4143/4143/4143
f 4153/4153/4153 4150/4150/4150 4152/4152/4152
f 4154/4154/4154 4143/4143/4143 4153/4153/4153
f 4152/4152/4152 4155/4155/4155 4153/4153/4153
f 4153/4153/4153 4156/4156/4156 4154/4154/4154
f 4155/4155/4155 4156/4156/4156 4153/4153/4153
f 4157/4157/4157 4154/4154/4154 4156/4156/4156
f 4155/4155/4155 4157/4157/4157 4156/4156/4156
f 4158/4158/4158 4159/4159/4159 4160/4160/4160
f 4158/4158/4158 4160/4160/4160 4161/4161/4161
f 4160/4160/4160 4162/4162/4162 4161/4161/4161
f 4161/4161/4161 4162/4162/4162 4163/4163/4163
f 4163/4163/4163 4162/4162/4162 4164/4164/4164
f 4162/4162/4162 4165/4165/4165 4164/4164/4164
f 4166/4166/4166 4167/4167/4167 4168/4168/4168
f 4166/4166/4166 4168/4168/4168 4169/4169/4169
f 4170/4170/4170 4166/4166/4166 4169/4169/4169
f 4170/4170/4170 4169/4169/4169 4171/4171/4171
f 4169/4169/4169 4172/4172/4172 4171/4171/4171
f 4171/4171/4171 4172/4172/4172 4173/4173/4173
f 4174/4174/4174 4175/4175/4175 4176/4176/4176
f 4175/4175/4175 4177/4177/4177 4176/4176/4176
f 4178/4178/4178 4179/4179/4179 4180/4180/4180
f 4179/4179/4179 4181/4181/4181 4180/4180/4180
f 4182/4182/4182 4180/4180/4180 4181/4181/4181
f 4183/4183/4183 4182/4182/4182 4181/4181/4181
f 4184/4184/4184 4185/4185/4185 4186/4186/4186
f 4186/4186/4186 4185/4185/4185 4187/4187/4187
f 4188/4188/4188 4189/4189/4189 4190/4190/4190
f 4191/4191/4191 4190/4190/4190 4189/4189/4189
f 4191/4191/4191 4189/4189/4189 4192/4192/4192
f 4193/4193/4193 4194/4194/4194 4195/4195/4195
f 4194/4194/4194 4196/4196/4196 4195/4195/4195
f 4197/4197/4197 4198/4198/4198 4199/4199/4199
f 4199/4199/4199 4198/4198/4198 4200/4200/4200
f 4201/4201/4201 4202/4202/4202 4203/4203/4203
f 4203/4203/4203 4202/4202/4202 4204/4204/4204
f 4205/4205/4205 4206/4206/4206 4207/4207/4207
f 4205/4205/4205 4207/4207/4207 4208/4208/4208
f 4209/4209/4209 4210/4210/4210 4211/4211/4211
f 4211/4211/4211 4210/4210/4210 4212/4212/4212
f 4213/4213/4213 4214/4214/4214 4215/4215/4215
f 4213/4213/4213 4215/4215/4215 4216/4216/4216
f 4217/4217/4217 4218/4218/4218 4219/4219/4219
f 4219/4219/4219 4218/4218/4218 4220/4220/4220
f 4221/4221/4221 4222/4222/4222 4223/4223/4223
f 4223/4223/4223 4222/4222/4222 4224/4224/4224
f 4225/4225/4225 4226/4226/4226 4227/4227/4227
f 4227/4227/4227 4226/4226/4226 4228/4228/4228
f 4229/4229/4229 4230/4230/4230 4231/4231/4231
f 4229/4229/4229 4231/4231/4231 4232/4232/4232
f 4233/4233/4233 4234/4234/4234 4235/4235/4235
f 4233/4233/4233 4236/4236/4236 4234/4234/4234
f 4234/4234/4234 4236/4236/4236 4237/4237/4237
f 4238/4238/4238 4239/4239/4239 4240/4240/4240
f 4240/4240/4240 4239/4239/4239 4241/4241/4241
f 4242/4242/4242 4243/4243/4243 4244/4244/4244
f 4244/4244/4244 4243/4243/4243 4245/4245/4245
f 4246/4246/4246 4247/4247/4247 4248/4248/4248
f 4248/4248/4248 4247/4247/4247 4249/4249/4249
f 4250/4250/4250 4251/4251/4251 4252/4252/4252
f 4250/4250/4250 4253/4253/4253 4251/4251/4251
f 4254/4254/4254 4255/4255/4255 4256/4256/4256
f 4257/4257/4257 4256/4256/4256 4255/4255/4255
f 4258/4258/4258 4259/4259/4259 4260/4260/4260
f 4260/4260/4260 4259/4259/4259 4261/4261/4261
f 4261/4261/4261 4259/4259/4259 4262/4262/4262
f 4263/4263/4263 4264/4264/4264 4265/4265/4265
f 4264/4264/4264 4266/4266/4266 4265/4265/4265
f 4267/4267/4267 4268/4268/4268 4269/4269/4269
f 4270/4270/4270 4269/4269/4269 4268/4268/4268
f 4271/4271/4271 4272/4272/4272 4273/4273/4273
f 4273/4273/4273 4272/4272/4272 4274/4274/4274
f 4274/4274/4274 4272/4272/4272 4275/4275/4275
f 4276/4276/4276 4277/4277/4277 4278/4278/4278
f 4278/4278/4278 4277/4277/4277 4279/4279/4279
f 4280/4280/4280 4281/4281/4281 4282/4282/4282
f 4283/4283/4283 4282/4282/4282 4281/4281/4281
f 4284/4284/4284 4285/4285/4285 4286/4286/4286
f 4284/4284/4284 4286/4286/4286 4287/4287/4287
f 4286/4286/4286 4288/4288/4288 4287/4287/4287
f 4288/4288/4288 4289/4289/4289 4287/4287/4287
f 4287/4287/4287 4289/4289/4289 4290/4290/4290
f 4289/4289/4289 4288/4288/4288 4291/4291/4291
f 4288/4288/4288 4292/4292/4292 4291/4291/4291
f 4292/4292/4292 4293/4293/4293 4291/4291/4291
f 4291/4291/4291 4294/4294/4294 4289/4289/4289
f 4291/4291/4291 4295/4295/4295 4294/4294/4294
f 4296/4296/4296 4294/4294/4294 4295/4295/4295
f 4297/4297/4297 4298/4298/4298 4299/4299/4299
f 4297/4297/4297 4299/4299/4299 4300/4300/4300
f 4301/4301/4301 4302/4302/4302 4303/4303/4303
f 4304/4304/4304 4303/4303/4303 4302/4302/4302
f 4305/4305/4305 4306/4306/4306 4307/4307/4307
f 4306/4306/4306 4308/4308/4308 4307/4307/4307
f 4309/4309/4309 4310/4310/4310 4311/4311/4311
f 4311/4311/4311 4310/4310/4310 4312/4312/4312
f 4313/4313/4313 4314/4314/4314 4315/4315/4315
f 4314/4314/4314 4316/4316/4316 4315/4315/4315
f 4315/4315/4315 4316/4316/4316 4317/4317/4317
f 4315/4315/4315 4317/4317/4317 4318/4318/4318
f 4317/4317/4317 4319/4319/4319 4318/4318/4318
f 4319/4319/4319 4320/4320/4320 4318/4318/4318
f 4321/4321/4321 4320/4320/4320 4319/4319/4319
f 4321/4321/4321 4322/4322/4322 4320/4320/4320
f 4323/4323/4323 4324/4324/4324 4325/4325/4325
f 4325/4325/4325 4324/4324/4324 4326/4326/4326
f 4327/4327/4327 4325/4325/4325 4326/4326/4326
f 4327/4327/4327 4326/4326/4326 4328/4328/4328
f 4326/4326/4326 4324/4324/4324 4329/4329/4329
f 4324/4324/4324 4330/4330/4330 4329/4329/4329
f 4329/4329/4329 4330/4330/4330 4331/4331/4331
f 4332/4332/4332 4333/4333/4333 4334/4334/4334
f 4334/4334/4334 4333/4333/4333 4335/4335/4335
f 4334/4334/4334 4335/4335/4335 4336/4336/4336
f 4337/4337/4337 4338/4338/4338 4339/4339/4339
f 4337/4337/4337 4340/4340/4340 4338/4338/4338
f 4338/4338/4338 4340/4340/4340 4341/4341/4341
f 4340/4340/4340 4342/4342/4342 4341/4341/4341
f 4342/4342/4342 4343/4343/4343 4341/4341/4341
f 4342/4342/4342 4344/4344/4344 4343/4343/4343
f 4345/4345/4345 4341/4341/4341 4343/4343/4343
f 4345/4345/4345 4346/4346/4346 4341/4341/4341
f 4347/4347/4347 4346/4346/4346 4345/4345/4345
f 4347/4347/4347 4345/4345/4345 4348/4348/4348
f 4345/4345/4345 4343/4343/4343 4349/4349/4349
f 4343/4343/4343 4350/4350/4350 4349/4349/4349
f 4343/4343/4343 4344/4344/4344 4350/4350/4350
f 4349/4349/4349 4350/4350/4350 4351/4351/4351
f 4351/4351/4351 4350/4350/4350 4352/4352/4352
f 4350/4350/4350 4344/4344/4344 4353/4353/4353
f 4344/4344/4344 4354/4354/4354 4353/4353/4353
f 4355/4355/4355 4356/4356/4356 4357/4357/4357
f 4355/4355/4355 4358/4358/4358 4356/4356/4356
f 4358/4358/4358 4355/4355/4355 4359/4359/4359
f 4360/4360/4360 4361/4361/4361 4362/4362/4362
f 4362/4362/4362 4363/4363/4363 4360/4360/4360
f 4362/4362/4362 4364/4364/4364 4363/4363/4363
f 4360/4360/4360 4363/4363/4363 4365/4365/4365
f 4366/4366/4366 4367/4367/4367 4368/4368/4368
f 4366/4366/4366 4369/4369/4369 4367/4367/4367
f 4370/4370/4370 4371/4371/4371 4372/4372/4372
f 4370/4370/4370 4373/4373/4373 4371/4371/4371
f 4374/4374/4374 4375/4375/4375 4376/4376/4376
f 4375/4375/4375 4377/4377/4377 4376/4376/4376
f 4376/4376/4376 4377/4377/4377 4378/4378/4378
f 4379/4379/4379 4380/4380/4380 4381/4381/4381
f 4380/4380/4380 4382/4382/4382 4381/4381/4381
f 4383/4383/4383 4382/4382/4382 4380/4380/4380
f 4381/4381/4381 4382/4382/4382 4384/4384/4384
f 4382/4382/4382 4383/4383/4383 4385/4385/4385
f 4382/4382/4382 4386/4386/4386 4384/4384/4384
f 4382/4382/4382 4385/4385/4385 4386/4386/4386
f 4387/4387/4387 4388/4388/4388 4389/4389/4389
f 4388/4388/4388 4390/4390/4390 4389/4389/4389
f 4391/4391/4391 4392/4392/4392 4393/4393/4393
f 4392/4392/4392 4394/4394/4394 4393/4393/4393
f 4392/4392/4392 4395/4395/4395 4394/4394/4394
f 4396/4396/4396 4397/4397/4397 4398/4398/4398
f 4396/4396/4396 4398/4398/4398 4399/4399/4399
f 4396/4396/4396 4399/4399/4399 4400/4400/4400
f 4399/4399/4399 4401/4401/4401 4400/4400/4400
f 4401/4401/4401 4402/4402/4402 4400/4400/4400
f 4401/4401/4401 4403/4403/4403 4402/4402/4402
f 4402/4402/4402 4403/4403/4403 4404/4404/4404
f 4403/4403/4403 4405/4405/4405 4404/4404/4404
f 4406/4406/4406 4407/4407/4407 4408/4408/4408
f 4406/4406/4406 4409/4409/4409 4407/4407/4407
f 4407/4407/4407 4409/4409/4409 4410/4410/4410
f 4411/4411/4411 4412/4412/4412 4413/4413/4413
f 4412/4412/4412 4414/4414/4414 4413/4413/4413
f 4415/4415/4415 4416/4416/4416 4417/4417/4417
f 4415/4415/4415 4417/4417/4417 4418/4418/4418
f 4419/4419/4419 4420/4420/4420 4421/4421/4421
f 4420/4420/4420 4419/4419/4419 4422/4422/4422
f 4423/4423/4423 4424/4424/4424 4425/4425/4425
f 4424/4424/4424 4426/4426/4426 4425/4425/4425
f 4425/4425/4425 4426/4426/4426 4427/4427/4427
f 4427/4427/4427 4426/4426/4426 4428/4428/4428
f 4426/4426/4426 4429/4429/4429 4428/4428/4428
f 4430/4430/4430 4431/4431/4431 4432/4432/4432
f 4430/4430/4430 4432/4432/4432 4433/4433/4433
f 4432/4432/4432 4434/4434/4434 4433/4433/4433
f 4435/4435/4435 4436/4436/4436 4437/4437/4437
f 4438/4438/4438 4436/4436/4436 4435/4435/4435
f 4435/4435/4435 4439/4439/4439 4438/4438/4438
f 4440/4440/4440 4441/4441/4441 4442/4442/4442
f 4442/4442/4442 4441/4441/4441 4443/4443/4443
f 4444/4444/4444 4445/4445/4445 4446/4446/4446
f 4445/4445/4445 4447/4447/4447 4446/4446/4446
f 4447/4447/4447 4445/4445/4445 4448/4448/4448
f 4448/4448/4448 4449/4449/4449 4447/4447/4447
f 4447/4447/4447 4449/4449/4449 4450/4450/4450
f 4447/4447/4447 4450/4450/4450 4451/4451/4451
f 4452/4452/4452 4453/4453/4453 4454/4454/4454
f 4454/4454/4454 4453/4453/4453 4455/4455/4455
f 4453/4453/4453 4456/4456/4456 4455/4455/4455
f 4453/4453/4453 4457/4457/4457 4456/4456/4456
f 4458/4458/4458 4459/4459/4459 4460/4460/4460
f 4460/4460/4460 4459/4459/4459 4461/4461/4461
f 4459/4459/4459 4462/4462/4462 4461/4461/4461
f 4461/4461/4461 4462/4462/4462 4463/4463/4463
f 4464/4464/4464 4465/4465/4465 4466/4466/4466
f 4466/4466/4466 4465/4465/4465 4467/4467/4467
f 4468/4468/4468 4469/4469/4469 4470/4470/4470
f 4468/4468/4468 4471/4471/4471 4469/4469/4469
f 4472/4472/4472 4473/4473/4473 4474/4474/4474
f 4474/4474/4474 4473/4473/4473 4475/4475/4475
f 4473/4473/4473 4476/4476/4476 4475/4475/4475
f 4475/4475/4475 4476/4476/4476 4477/4477/4477
f 4476/4476/4476 4478/4478/4478 4477/4477/4477
f 4477/4477/4477 4478/4478/4478 4479/4479/4479
f 4480/4480/4480 4481/4481/4481 4482/4482/4482
f 4480/4480/4480 4483/4483/4483 4481/4481/4481
f 4483/4483/4483 4484/4484/4484 4481/4481/4481
f 4485/4485/4485 4486/4486/4486 4487/4487/4487
f 4487/4487/4487 4486/4486/4486 4488/4488/4488
f 4486/4486/4486 4489/4489/4489 4488/4488/4488
f 4490/4490/4490 4491/4491/4491 4492/4492/4492
f 4492/4492/4492 4491/4491/4491 4493/4493/4493
f 4494/4494/4494 4495/4495/4495 4496/4496/4496
f 4497/4497/4497 4495/4495/4495 4494/4494/4494
f 4498/4498/4498 4499/4499/4499 4500/4500/4500
f 4498/4498/4498 4500/4500/4500 4501/4501/4501
f 4501/4501/4501 4500/4500/4500 4502/4502/4502
f 4500/4500/4500 4503/4503/4503 4502/4502/4502
f 4500/4500/4500 4504/4504/4504 4503/4503/4503
f 4503/4503/4503 4505/4505/4505 4502/4502/4502
f 4505/4505/4505 4503/4503/4503 4506/4506/4506
f 4507/4507/4507 4508/4508/4508 4509/4509/4509
f 4509/4509/4509 4508/4508/4508 4510/4510/4510
f 4511/4511/4511 4512/4512/4512 4513/4513/4513
f 4512/4512/4512 4514/4514/4514 4513/4513/4513
f 4515/4515/4515 4516/4516/4516 4517/4517/4517
f 4515/4515/4515 4518/4518/4518 4516/4516/4516
f 4519/4519/4519 4520/4520/4520 4521/4521/4521
f 4521/4521/4521 4520/4520/4520 4522/4522/4522
f 4523/4523/4523 4524/4524/4524 4525/4525/4525
f 4525/4525/4525 4524/4524/4524 4526/4526/4526
f 4527/4527/4527 4528/4528/4528 4529/4529/4529
f 4529/4529/4529 4528/4528/4528 4530/4530/4530
f 4530/4530/4530 4528/4528/4528 4531/4531/4531
f 4532/4532/4532 4533/4533/4533 4534/4534/4534
f 4533/4533/4533 4535/4535/4535 4534/4534/4534
f 4535/4535/4535 4536/4536/4536 4534/4534/4534
f 4537/4537/4537 4538/4538/4538 4539/4539/4539
f 4538/4538/4538 4537/4537/4537 4540/4540/4540
f 4538/4538/4538 4540/4540/4540 4541/4541/4541
f 4542/4542/4542 4543/4543/4543 4544/4544/4544
f 4544/4544/4544 4543/4543/4543 4545/4545/4545
f 4544/4544/4544 4545/4545/4545 4546/4546/4546
f 4547/4547/4547 4548/4548/4548 4549/4549/4549
f 4549/4549/4549 4548/4548/4548 4550/4550/4550
f 4548/4548/4548 4551/4551/4551 4550/4550/4550
f 4552/4552/4552 4553/4553/4553 4554/4554/4554
f 4552/4552/4552 4554/4554/4554 4555/4555/4555
f 4556/4556/4556 4557/4557/4557 4558/4558/4558
f 4556/4556/4556 4559/4559/4559 4557/4557/4557
f 4556/4556/4556 4560/4560/4560 4559/4559/4559
f 4556/4556/4556 4561/4561/4561 4560/4560/4560
f 4562/4562/4562 4561/4561/4561 4556/4556/4556
f 4561/4561/4561 4563/4563/4563 4560/4560/4560
f 4562/4562/4562 4563/4563/4563 4561/4561/4561
f 4564/4564/4564 4565/4565/4565 4566/4566/4566
f 4565/4565/4565 4567/4567/4567 4566/4566/4566
f 4568/4568/4568 4569/4569/4569 4570/4570/4570
f 4569/4569/4569 4571/4571/4571 4570/4570/4570
f 4570/4570/4570 4571/4571/4571 4572/4572/4572
f 4573/4573/4573 4574/4574/4574 4575/4575/4575
f 4573/4573/4573 4576/4576/4576 4574/4574/4574
f 4577/4577/4577 4578/4578/4578 4579/4579/4579
f 4579/4579/4579 4578/4578/4578 4580/4580/4580
f 4581/4581/4581 4582/4582/4582 4583/4583/4583
f 4583/4583/4583 4582/4582/4582 4584/4584/4584
f 4585/4585/4585 4586/4586/4586 4587/4587/4587
f 4585/4585/4585 4587/4587/4587 4588/4588/4588
f 4589/4589/4589 4590/4590/4590 4591/4591/4591
f 4590/4590/4590 4592/4592/4592 4591/4591/4591
f 4593/4593/4593 4594/4594/4594 4595/4595/4595
f 4594/4594/4594 4596/4596/4596 4595/4595/4595
f 4597/4597/4597 4598/4598/4598 4599/4599/4599
f 4599/4599/4599 4598/4598/4598 4600/4600/4600
f 4601/4601/4601 4602/4602/4602 4603/4603/4603
f 4604/4604/4604 4601/4601/4601 4603/4603/4603
f 4605/4605/4605 4606/4606/4606 4607/4607/4607
f 4605/4605/4605 4608/4608/4608 4606/4606/4606
f 4609/4609/4609 4610/4610/4610 4611/4611/4611
f 4609/4609/4609 4611/4611/4611 4612/4612/4612
f 4613/4613/4613 4612/4612/4612 4611/4611/4611
f 4614/4614/4614 4615/4615/4615 4616/4616/4616
f 4616/4616/4616 4615/4615/4615 4617/4617/4617
f 4616/4616/4616 4617/4617/4617 4618/4618/4618
f 4619/4619/4619 4620/4620/4620 4621/4621/4621
f 4620/4620/4620 4622/4622/4622 4621/4621/4621
f 4620/4620/4620 4623/4623/4623 4622/4622/4622
f 4621/4621/4621 4622/4622/4622 4624/4624/4624
f 4622/4622/4622 4625/4625/4625 4624/4624/4624
f 4622/4622/4622 4626/4626/4626 4625/4625/4625
f 4624/4624/4624 4625/4625/4625 4627/4627/4627
f 4627/4627/4627 4625/4625/4625 4628/4628/4628
f 4625/4625/4625 4629/4629/4629 4628/4628/4628
f 4630/4630/4630 4631/4631/4631 4632/4632/4632
f 4630/4630/4630 4633/4633/4633 4631/4631/4631
f 4634/4634/4634 4635/4635/4635 4636/4636/4636
f 4636/4636/4636 4635/4635/4635 4637/4637/4637
f 4636/4636/4636 4637/4637/4637 4638/4638/4638
f 4639/4639/4639 4640/4640/4640 4641/4641/4641
f 4640/4640/4640 4642/4642/4642 4641/4641/4641
f 4643/4643/4643 4642/4642/4642 4640/4640/4640
f 4644/4644/4644 4642/4642/4642 4643/4643/4643
f 4644/4644/4644 4645/4645/4645 4642/4642/4642
f 4645/4645/4645 4646/4646/4646 4642/4642/4642
f 4647/4647/4647 4646/4646/4646 4645/4645/4645
f 4648/4648/4648 4649/4649/4649 4650/4650/4650
f 4650/4650/4650 4649/4649/4649 4651/4651/4651
f 4652/4652/4652 4653/4653/4653 4654/4654/4654
f 4653/4653/4653 4655/4655/4655 4654/4654/4654
f 4656/4656/4656 4657/4657/4657 4658/4658/4658
f 4659/4659/4659 4656/4656/4656 4658/4658/4658
f 4660/4660/4660 4659/4659/4659 4658/4658/4658
f 4660/4660/4660 4658/4658/4658 4661/4661/4661
f 4662/4662/4662 4663/4663/4663 4664/4664/4664
f 4663/4663/4663 4665/4665/4665 4664/4664/4664
f 4665/4665/4665 4666/4666/4666 4664/4664/4664
f 4667/4667/4667 4668/4668/4668 4669/4669/4669
f 4667/4667/4667 4670/4670/4670 4668/4668/4668
f 4671/4671/4671 4672/4672/4672 4673/4673/4673
f 4674/4674/4674 4672/4672/4672 4671/4671/4671
f 4675/4675/4675 4676/4676/4676 4677/4677/4677
f 4677/4677/4677 4676/4676/4676 4678/4678/4678
f 4677/4677/4677 4678/4678/4678 4679/4679/4679
f 4678/4678/4678 4676/4676/4676 4680/4680/4680
f 4681/4681/4681 4682/4682/4682 4683/4683/4683
f 4683/4683/4683 4682/4682/4682 4684/4684/4684
f 4685/4685/4685 4683/4683/4683 4684/4684/4684
f 4686/4686/4686 4687/4687/4687 4688/4688/4688
f 4686/4686/4686 4689/4689/4689 4687/4687/4687
f 4690/4690/4690 4691/4691/4691 4692/4692/4692
f 4693/4693/4693 4690/4690/4690 4692/4692/4692
f 4692/4692/4692 4694/4694/4694 4693/4693/4693
f 4695/4695/4695 4696/4696/4696 4697/4697/4697
f 4695/4695/4695 4697/4697/4697 4698/4698/4698
f 4697/4697/4697 4699/4699/4699 4698/4698/4698
f 4698/4698/4698 4699/4699/4699 4700/4700/4700
f 4701/4701/4701 4702/4702/4702 4703/4703/4703
f 4703/4703/4703 4704/4704/4704 4701/4701/4701
f 4703/4703/4703 4705/4705/4705 4704/4704/4704
f 4705/4705/4705 4706/4706/4706 4704/4704/4704
f 4707/4707/4707 4708/4708/4708 4709/4709/4709
f 4709/4709/4709 4708/4708/4708 4710/4710/4710
f 4711/4711/4711 4712/4712/4712 4713/4713/4713
f 4713/4713/4713 4712/4712/4712 4714/4714/4714
f 4712/4712/4712 4715/4715/4715 4714/4714/4714
f 4716/4716/4716 4714/4714/4714 4715/4715/4715
f 4717/4717/4717 4718/4718/4718 4719/4719/4719
f 4717/4717/4717 4719/4719/4719 4720/4720/4720
f 4720/4720/4720 4719/4719/4719 4721/4721/4721
f 4722/4722/4722 4720/4720/4720 4721/4721/4721
f 4723/4723/4723 4724/4724/4724 4725/4725/4725
f 4723/4723/4723 4726/4726/4726 4724/4724/4724
f 4724/4724/4724 4726/4726/4726 4727/4727/4727
f 4728/4728/4728 4726/4726/4726 4723/4723/4723
f 4729/4729/4729 4726/4726/4726 4728/4728/4728
f 4730/4730/4730 4731/4731/4731 4732/4732/4732
f 4732/4732/4732 4731/4731/4731 4733/4733/4733
f 4734/4734/4734 4735/4735/4735 4736/4736/4736
f 4736/4736/4736 4735/4735/4735 4737/4737/4737
f 4738/4738/4738 4739/4739/4739 4740/4740/4740
f 4739/4739/4739 4741/4741/4741 4740/4740/4740
f 4739/4739/4739 4742/4742/4742 4741/4741/4741
f 4743/4743/4743 4744/4744/4744 4745/4745/4745
f 4746/4746/4746 4745/4745/4745 4744/4744/4744
f 4746/4746/4746 4747/4747/4747 4745/4745/4745
f 4745/4745/4745 4747/4747/4747 4748/4748/4748
f 4747/4747/4747 4749/4749/4749 4748/4748/4748
f 4749/4749/4749 4750/4750/4750 4748/4748/4748
f 4751/4751/4751 4752/4752/4752 4753/4753/4753
f 4751/4751/4751 4753/4753/4753 4754/4754/4754
f 4753/4753/4753 4755/4755/4755 4754/4754/4754
f 4754/4754/4754 4755/4755/4755 4756/4756/4756
f 4757/4757/4757 4758/4758/4758 4759/4759/4759
f 4758/4758/4758 4760/4760/4760 4759/4759/4759
f 4761/4761/4761 4762/4762/4762 4763/4763/4763
f 4764/4764/4764 4763/4763/4763 4762/4762/4762
f 4764/4764/4764 4765/4765/4765 4763/4763/4763
f 4763/4763/4763 4765/4765/4765 4766/4766/4766
f 4767/4767/4767 4768/4768/4768 4769/4769/4769
f 4767/4767/4767 4769/4769/4769 4770/4770/4770
f 4767/4767/4767 4770/4770/4770 4771/4771/4771
f 4770/4770/4770 4769/4769/4769 4772/4772/4772
f 4773/4773/4773 4770/4770/4770 4772/4772/4772
f 4770/4770/4770 4773/4773/4773 4774/4774/4774
f 4770/4770/4770 4774/4774/4774 4775/4775/4775
f 4775/4775/4775 4774/4774/4774 4776/4776/4776
f 4775/4775/4775 4776/4776/4776 4777/4777/4777
f 4775/4775/4775 4777/4777/4777 4778/4778/4778
f 4776/4776/4776 4779/4779/4779 4777/4777/4777
f 4780/4780/4780 4781/4781/4781 4782/4782/4782
f 4782/4782/4782 4781/4781/4781 4783/4783/4783
f 4782/4782/4782 4783/4783/4783 4784/4784/4784
f 4785/4785/4785 4784/4784/4784 4783/4783/4783
f 4786/4786/4786 4784/4784/4784 4785/4785/4785
f 4786/4786/4786 4785/4785/4785 4787/4787/4787
f 4788/4788/4788 4786/4786/4786 4787/4787/4787
f 4789/4789/4789 4790/4790/4790 4791/4791/4791
f 4792/4792/4792 4791/4791/4791 4790/4790/4790
f 4793/4793/4793 4791/4791/4791 4792/4792/4792
f 4793/4793/4793 4794/4794/4794 4791/4791/4791
f 4791/4791/4791 4794/4794/4794 4795/4795/4795
f 4796/4796/4796 4797/4797/4797 4798/4798/4798
f 4799/4799/4799 4796/4796/4796 4798/4798/4798
f 4799/4799/4799 4798/4798/4798 4800/4800/4800
f 4801/4801/4801 4802/4802/4802 4803/4803/4803
f 4802/4802/4802 4804/4804/4804 4803/4803/4803
f 4805/4805/4805 4806/4806/4806 4807/4807/4807
f 4807/4807/4807 4808/4808/4808 4805/4805/4805
f 4807/4807/4807 4809/4809/4809 4808/4808/4808
f 4810/4810/4810 4809/4809/4809 4807/4807/4807
f 4810/4810/4810 4811/4811/4811 4809/4809/4809
f 4811/4811/4811 4812/4812/4812 4809/4809/4809
f 4811/4811/4811 4813/4813/4813 4812/4812/4812
f 4814/4814/4814 4815/4815/4815 4816/4816/4816
f 4817/4817/4817 4815/4815/4815 4814/4814/4814
f 4817/4817/4817 4818/4818/4818 4815/4815/4815
f 4819/4819/4819 4818/4818/4818 4817/4817/4817
f 4819/4819/4819 4820/4820/4820 4818/4818/4818
f 4819/4819/4819 4821/4821/4821 4820/4820/4820
f 4821/4821/4821 4822/4822/4822 4820/4820/4820
f 4822/4822/4822 4823/4823/4823 4820/4820/4820
f 4822/4822/4822 4824/4824/4824 4823/4823/4823
f 4824/4824/4824 4825/4825/4825 4823/4823/4823
f 4826/4826/4826 4827/4827/4827 4828/4828/4828
f 4828/4828/4828 4829/4829/4829 4826/4826/4826
f 4830/4830/4830 4826/4826/4826 4829/4829/4829
f 4830/4830/4830 4831/4831/4831 4826/4826/4826
f 4831/4831/4831 4832/4832/4832 4826/4826/4826
f 4833/4833/4833 4834/4834/4834 4835/4835/4835
f 4834/4834/4834 4836/4836/4836 4835/4835/4835
f 4835/4835/4835 4836/4836/4836 4837/4837/4837
f 4834/4834/4834 4838/4838/4838 4836/4836/4836
f 4834/4834/4834 4839/4839/4839 4838/4838/4838
f 4840/4840/4840 4841/4841/4841 4842/4842/4842
f 4842/4842/4842 4841/4841/4841 4843/4843/4843
f 4844/4844/4844 4845/4845/4845 4846/4846/4846
f 4846/4846/4846 4845/4845/4845 4847/4847/4847
f 4848/4848/4848 4849/4849/4849 4850/4850/4850
f 4848/4848/4848 4850/4850/4850 4851/4851/4851
f 4850/4850/4850 4852/4852/4852 4851/4851/4851
f 4850/4850/4850 4853/4853/4853 4852/4852/4852
f 4854/4854/4854 4852/4852/4852 4853/4853/4853
f 4855/4855/4855 4852/4852/4852 4854/4854/4854
f 4855/4855/4855 4856/4856/4856 4852/4852/4852
f 4857/4857/4857 4852/4852/4852 4856/4856/4856
f 4856/4856/4856 4858/4858/4858 4857/4857/4857
f 4859/4859/4859 4856/4856/4856 4855/4855/4855
f 4859/4859/4859 4855/4855/4855 4860/4860/4860
f 4861/4861/4861 4859/4859/4859 4860/4860/4860
f 4855/4855/4855 4862/4862/4862 4860/4860/4860
f 4863/4863/4863 4864/4864/4864 4865/4865/4865
f 4864/4864/4864 4866/4866/4866 4865/4865/4865
f 4866/4866/4866 4867/4867/4867 4865/4865/4865
f 4868/4868/4868 4867/4867/4867 4866/4866/4866
f 4867/4867/4867 4868/4868/4868 4869/4869/4869
f 4869/4869/4869 4868/4868/4868 4870/4870/4870
f 4871/4871/4871 4870/4870/4870 4868/4868/4868
f 4870/4870/4870 4872/4872/4872 4869/4869/4869
f 4873/4873/4873 4869/4869/4869 4872/4872/4872
f 4874/4874/4874 4875/4875/4875 4876/4876/4876
f 4875/4875/4875 4874/4874/4874 4877/4877/4877
f 4875/4875/4875 4877/4877/4877 4878/4878/4878
f 4878/4878/4878 4879/4879/4879 4875/4875/4875
f 4880/4880/4880 4875/4875/4875 4879/4879/4879
f 4881/4881/4881 4877/4877/4877 4874/4874/4874
f 4881/4881/4881 4882/4882/4882 4877/4877/4877
f 4883/4883/4883 4877/4877/4877 4882/4882/4882
f 4881/4881/4881 4884/4884/4884 4882/4882/4882
f 4885/4885/4885 4881/4881/4881 4874/4874/4874
f 4881/4881/4881 4885/4885/4885 4884/4884/4884
f 4886/4886/4886 4885/4885/4885 4874/4874/4874
f 4886/4886/4886 4884/4884/4884 4885/4885/4885
f 4887/4887/4887 4884/4884/4884 4886/4886/4886
f 4888/4888/4888 4889/4889/4889 4890/4890/4890
f 4888/4888/4888 4891/4891/4891 4889/4889/4889
f 4892/4892/4892 4891/4891/4891 4888/4888/4888
f 4892/4892/4892 4893/4893/4893 4891/4891/4891
f 4893/4893/4893 4894/4894/4894 4891/4891/4891
f 4894/4894/4894 4895/4895/4895 4891/4891/4891
f 4896/4896/4896 4894/4894/4894 4893/4893/4893
f 4897/4897/4897 4896/4896/4896 4893/4893/4893
f 4898/4898/4898 4899/4899/4899 4900/4900/4900
f 4901/4901/4901 4899/4899/4899 4898/4898/4898
f 4901/4901/4901 4902/4902/4902 4899/4899/4899
f 4901/4901/4901 4898/4898/4898 4903/4903/4903
f 4903/4903/4903 4904/4904/4904 4901/4901/4901
f 4905/4905/4905 4904/4904/4904 4903/4903/4903
f 4903/4903/4903 4906/4906/4906 4905/4905/4905
f 4905/4905/4905 4906/4906/4906 4907/4907/4907
f 4903/4903/4903 4908/4908/4908 4906/4906/4906
f 4909/4909/4909 4906/4906/4906 4908/4908/4908
f 4910/4910/4910 4906/4906/4906 4909/4909/4909
f 4911/4911/4911 4910/4910/4910 4909/4909/4909
f 4912/4912/4912 4913/4913/4913 4914/4914/4914
f 4915/4915/4915 4912/4912/4912 4914/4914/4914
f 4915/4915/4915 4916/4916/4916 4912/4912/4912
f 4917/4917/4917 4912/4912/4912 4916/4916/4916
f 4918/4918/4918 4917/4917/4917 4916/4916/4916
f 4912/4912/4912 4917/4917/4917 4919/4919/4919
f 4919/4919/4919 4920/4920/4920 4912/4912/4912
f 4919/4919/4919 4917/4917/4917 4921/4921/4921
f 4921/4921/4921 4920/4920/4920 4919/4919/4919
f 4922/4922/4922 4921/4921/4921 4917/4917/4917
f 4922/4922/4922 4923/4923/4923 4921/4921/4921
f 4923/4923/4923 4924/4924/4924 4921/4921/4921
f 4921/4921/4921 4924/4924/4924 4920/4920/4920
f 4924/4924/4924 4925/4925/4925 4920/4920/4920
f 4920/4920/4920 4925/4925/4925 4926/4926/4926
f 4925/4925/4925 4924/4924/4924 4927/4927/4927
f 4925/4925/4925 4928/4928/4928 4926/4926/4926
f 4926/4926/4926 4928/4928/4928 4929/4929/4929
f 4930/4930/4930 4928/4928/4928 4925/4925/4925
f 4930/4930/4930 4925/4925/4925 4927/4927/4927
f 4930/4930/4930 4927/4927/4927 4931/4931/4931
f 4931/4931/4931 4927/4927/4927 4932/4932/4932
f 4933/4933/4933 4934/4934/4934 4935/4935/4935
f 4933/4933/4933 4935/4935/4935 4936/4936/4936
f 4937/4937/4937 4938/4938/4938 4939/4939/4939
f 4937/4937/4937 4939/4939/4939 4940/4940/4940
f 4940/4940/4940 4939/4939/4939 4941/4941/4941
f 4939/4939/4939 4942/4942/4942 4941/4941/4941
f 4942/4942/4942 4943/4943/4943 4941/4941/4941
f 4944/4944/4944 4943/4943/4943 4942/4942/4942
f 4939/4939/4939 4945/4945/4945 4942/4942/4942
f 4946/4946/4946 4945/4945/4945 4939/4939/4939
f 4946/4946/4946 4939/4939/4939 4947/4947/4947
f 4948/4948/4948 4942/4942/4942 4945/4945/4945
f 4949/4949/4949 4942/4942/4942 4948/4948/4948
f 4948/4948/4948 4950/4950/4950 4949/4949/4949
f 4951/4951/4951 4950/4950/4950 4948/4948/4948
f 4951/4951/4951 4948/4948/4948 4945/4945/4945
f 4951/4951/4951 4945/4945/4945 4952/4952/4952
f 4953/4953/4953 4952/4952/4952 4945/4945/4945
f 4946/4946/4946 4953/4953/4953 4945/4945/4945
f 4954/4954/4954 4952/4952/4952 4953/4953/4953
f 4955/4955/4955 4953/4953/4953 4946/4946/4946
f 4955/4955/4955 4946/4946/4946 4956/4956/4956
f 4956/4956/4956 4946/4946/4946 4947/4947/4947
f 4955/4955/4955 4956/4956/4956 4957/4957/4957
f 4957/4957/4957 4956/4956/4956 4947/4947/4947
f 4958/4958/4958 4957/4957/4957 4947/4947/4947
f 4958/4958/4958 4947/4947/4947 4959/4959/4959
f 4960/4960/4960 4961/4961/4961 4962/4962/4962
f 4963/4963/4963 4960/4960/4960 4962/4962/4962
f 4964/4964/4964 4963/4963/4963 4962/4962/4962
f 4964/4964/4964 4965/4965/4965 4963/4963/4963
f 4966/4966/4966 4967/4967/4967 4968/4968/4968
f 4969/4969/4969 4967/4967/4967 4966/4966/4966
f 4970/4970/4970 4967/4967/4967 4969/4969/4969
f 4970/4970/4970 4969/4969/4969 4971/4971/4971
f 4969/4969/4969 4972/4972/4972 4971/4971/4971
f 4973/4973/4973 4971/4971/4971 4972/4972/4972
f 4972/4972/4972 4974/4974/4974 4973/4973/4973
f 4975/4975/4975 4974/4974/4974 4972/4972/4972
f 4975/4975/4975 4972/4972/4972 4976/4976/4976
f 4969/4969/4969 4976/4976/4976 4972/4972/4972
f 4969/4969/4969 4966/4966/4966 4976/4976/4976
f 4977/4977/4977 4976/4976/4976 4966/4966/4966
f 4977/4977/4977 4966/4966/4966 4978/4978/4978
f 4979/4979/4979 4980/4980/4980 4981/4981/4981
f 4979/4979/4979 4982/4982/4982 4980/4980/4980
f 4982/4982/4982 4983/4983/4983 4980/4980/4980
f 4983/4983/4983 4984/4984/4984 4980/4980/4980
f 4983/4983/4983 4985/4985/4985 4984/4984/4984
f 4985/4985/4985 4986/4986/4986 4984/4984/4984
f 4983/4983/4983 4987/4987/4987 4985/4985/4985
f 4987/4987/4987 4986/4986/4986 4985/4985/4985
f 4987/4987/4987 4988/4988/4988 4986/4986/4986
f 4980/4980/4980 4984/4984/4984 4989/4989/4989
f 4984/4984/4984 4986/4986/4986 4989/4989/4989
f 4989/4989/4989 4990/4990/4990 4980/4980/4980
f 4991/4991/4991 4990/4990/4990 4989/4989/4989
f 4991/4991/4991 4989/4989/4989 4986/4986/4986
f 4988/4988/4988 4992/4992/4992 4986/4986/4986
f 4993/4993/4993 4992/4992/4992 4988/4988/4988
f 4992/4992/4992 4993/4993/4993 4994/4994/4994
f 4995/4995/4995 4992/4992/4992 4994/4994/4994
f 4991/4991/4991 4986/4986/4986 4996/4996/4996
f 4996/4996/4996 4986/4986/4986 4992/4992/4992
f 4995/4995/4995 4996/4996/4996 4992/4992/4992
f 4996/4996/4996 4997/4997/4997 4991/4991/4991
f 4996/4996/4996 4995/4995/4995 4997/4997/4997
f 4998/4998/4998 4999/4999/4999 5000/5000/5000
f 5000/5000/5000 4999/4999/4999 5001/5001/5001
f 5000/5000/5000 5001/5001/5001 5002/5002/5002
f 5002/5002/5002 5001/5001/5001 5003/5003/5003
f 5004/5004/5004 5005/5005/5005 5006/5006/5006
f 5005/5005/5005 5007/5007/5007 5006/5006/5006
f 5005/5005/5005 5008/5008/5008 5007/5007/5007
f 5008/5008/5008 5009/5009/5009 5007/5007/5007
f 5010/5010/5010 5007/5007/5007 5009/5009/5009
f 5011/5011/5011 5012/5012/5012 5013/5013/5013
f 5013/5013/5013 5012/5012/5012 5014/5014/5014
f 5015/5015/5015 5016/5016/5016 5017/5017/5017
f 5018/5018/5018 5016/5016/5016 5015/5015/5015
f 5019/5019/5019 5016/5016/5016 5018/5018/5018
f 5020/5020/5020 5016/5016/5016 5019/5019/5019
f 5020/5020/5020 5021/5021/5021 5016/5016/5016
f 5021/5021/5021 5020/5020/5020 5022/5022/5022
f 5022/5022/5022 5020/5020/5020 5019/5019/5019
f 5023/5023/5023 5022/5022/5022 5019/5019/5019
f 5022/5022/5022 5023/5023/5023 5024/5024/5024
f 5019/5019/5019 5025/5025/5025 5023/5023/5023
f 5018/5018/5018 5025/5025/5025 5019/5019/5019
f 5026/5026/5026 5023/5023/5023 5025/5025/5025
f 5025/5025/5025 5027/5027/5027 5026/5026/5026
f 5025/5025/5025 5018/5018/5018 5028/5028/5028
f 5027/5027/5027 5025/5025/5025 5028/5028/5028
f 5027/5027/5027 5028/5028/5028 5018/5018/5018
f 5029/5029/5029 5027/5027/5027 5018/5018/5018
f 5029/5029/5029 5030/5030/5030 5027/5027/5027
f 5031/5031/5031 5030/5030/5030 5029/5029/5029
f 5031/5031/5031 5029/5029/5029 5032/5032/5032
f 5033/5033/5033 5031/5031/5031 5032/5032/5032
f 5018/5018/5018 5034/5034/5034 5029/5029/5029
f 5034/5034/5034 5032/5032/5032 5029/5029/5029
f 5035/5035/5035 5032/5032/5032 5034/5034/5034
f 5032/5032/5032 5036/5036/5036 5033/5033/5033
f 5035/5035/5035 5036/5036/5036 5032/5032/5032
f 5033/5033/5033 5036/5036/5036 5037/5037/5037
f 5036/5036/5036 5038/5038/5038 5037/5037/5037
f 5038/5038/5038 5036/5036/5036 5039/5039/5039
f 5035/5035/5035 5039/5039/5039 5036/5036/5036
f 5018/5018/5018 5040/5040/5040 5034/5034/5034
f 5040/5040/5040 5035/5035/5035 5034/5034/5034
f 5018/5018/5018 5015/5015/5015 5040/5040/5040
f 5040/5040/5040 5015/5015/5015 5035/5035/5035
f 5041/5041/5041 5039/5039/5039 5035/5035/5035
f 5042/5042/5042 5039/5039/5039 5041/5041/5041
f 5043/5043/5043 5035/5035/5035 5015/5015/5015
f 5043/5043/5043 5041/5041/5041 5035/5035/5035
f 5041/5041/5041 5043/5043/5043 5042/5042/5042
f 5043/5043/5043 5044/5044/5044 5042/5042/5042
f 5043/5043/5043 5015/5015/5015 5045/5045/5045
f 5043/5043/5043 5045/5045/5045 5046/5046/5046
f 5043/5043/5043 5046/5046/5046 5047/5047/5047
f 5048/5048/5048 5049/5049/5049 5050/5050/5050
f 5050/5050/5050 5051/5051/5051 5048/5048/5048
f 5052/5052/5052 5053/5053/5053 5054/5054/5054
f 5052/5052/5052 5055/5055/5055 5053/5053/5053
f 5056/5056/5056 5055/5055/5055 5052/5052/5052
f 5053/5053/5053 5055/5055/5055 5057/5057/5057
f 5058/5058/5058 5055/5055/5055 5056/5056/5056
f 5055/5055/5055 5058/5058/5058 5057/5057/5057
f 5053/5053/5053 5057/5057/5057 5059/5059/5059
f 5053/5053/5053 5059/5059/5059 5060/5060/5060
f 5061/5061/5061 5059/5059/5059 5057/5057/5057
f 5062/5062/5062 5059/5059/5059 5061/5061/5061
f 5061/5061/5061 5063/5063/5063 5062/5062/5062
f 5061/5061/5061 5057/5057/5057 5063/5063/5063
f 5058/5058/5058 5063/5063/5063 5057/5057/5057
f 5064/5064/5064 5063/5063/5063 5058/5058/5058
f 5056/5056/5056 5065/5065/5065 5058/5058/5058
f 5064/5064/5064 5058/5058/5058 5065/5065/5065
f 5065/5065/5065 5056/5056/5056 5066/5066/5066
f 5064/5064/5064 5065/5065/5065 5067/5067/5067
f 5066/5066/5066 5067/5067/5067 5065/5065/5065
f 5068/5068/5068 5069/5069/5069 5070/5070/5070
f 5070/5070/5070 5069/5069/5069 5071/5071/5071
f 5072/5072/5072 5073/5073/5073 5074/5074/5074
f 5074/5074/5074 5073/5073/5073 5075/5075/5075
f 5076/5076/5076 5077/5077/5077 5078/5078/5078
f 5077/5077/5077 5079/5079/5079 5078/5078/5078
f 5077/5077/5077 5080/5080/5080 5079/5079/5079
f 5077/5077/5077 5081/5081/5081 5080/5080/5080
f 5082/5082/5082 5083/5083/5083 5084/5084/5084
f 5082/5082/5082 5084/5084/5084 5085/5085/5085
f 5086/5086/5086 5087/5087/5087 5088/5088/5088
f 5089/5089/5089 5087/5087/5087 5086/5086/5086
f 5089/5089/5089 5086/5086/5086 5090/5090/5090
f 5089/5089/5089 5090/5090/5090 5091/5091/5091
f 5092/5092/5092 5089/5089/5089 5091/5091/5091
f 5090/5090/5090 5093/5093/5093 5091/5091/5091
f 5091/5091/5091 5094/5094/5094 5092/5092/5092
f 5091/5091/5091 5093/5093/5093 5094/5094/5094
f 5095/5095/5095 5096/5096/5096 5097/5097/5097
f 5095/5095/5095 5098/5098/5098 5096/5096/5096
f 5099/5099/5099 5100/5100/5100 5101/5101/5101
f 5101/5101/5101 5100/5100/5100 5102/5102/5102
f 5101/5101/5101 5102/5102/5102 5103/5103/5103
f 5100/5100/5100 5104/5104/5104 5102/5102/5102
f 5105/5105/5105 5104/5104/5104 5100/5100/5100
f 5104/5104/5104 5106/5106/5106 5102/5102/5102
f 5103/5103/5103 5102/5102/5102 5107/5107/5107
f 5107/5107/5107 5102/5102/5102 5106/5106/5106
f 5108/5108/5108 5103/5103/5103 5107/5107/5107
f 5109/5109/5109 5107/5107/5107 5106/5106/5106
f 5109/5109/5109 5108/5108/5108 5107/5107/5107
f 5110/5110/5110 5109/5109/5109 5106/5106/5106
f 5109/5109/5109 5111/5111/5111 5108/5108/5108
f 5108/5108/5108 5111/5111/5111 5112/5112/5112
f 5108/5108/5108 5112/5112/5112 5113/5113/5113
f 5108/5108/5108 5113/5113/5113 5114/5114/5114
f 5115/5115/5115 5114/5114/5114 5113/5113/5113
f 5115/5115/5115 5113/5113/5113 5116/5116/5116
f 5117/5117/5117 5115/5115/5115 5116/5116/5116
f 5118/5118/5118 5119/5119/5119 5120/5120/5120
f 5118/5118/5118 5120/5120/5120 5121/5121/5121
f 5122/5122/5122 5118/5118/5118 5121/5121/5121
f 5122/5122/5122 5123/5123/5123 5118/5118/5118
f 5124/5124/5124 5121/5121/5121 5120/5120/5120
f 5124/5124/5124 5122/5122/5122 5121/5121/5121
f 5120/5120/5120 5125/5125/5125 5124/5124/5124
f 5123/5123/5123 5122/5122/5122 5126/5126/5126
f 5127/5127/5127 5123/5123/5123 5126/5126/5126
f 5126/5126/5126 5128/5128/5128 5127/5127/5127
f 5126/5126/5126 5129/5129/5129 5128/5128/5128
f 5130/5130/5130 5126/5126/5126 5122/5122/5122
f 5130/5130/5130 5129/5129/5129 5126/5126/5126
f 5130/5130/5130 5122/5122/5122 5124/5124/5124
f 5130/5130/5130 5131/5131/5131 5129/5129/5129
f 5124/5124/5124 5131/5131/5131 5130/5130/5130
f 5132/5132/5132 5129/5129/5129 5131/5131/5131
f 5131/5131/5131 5133/5133/5133 5132/5132/5132
f 5124/5124/5124 5133/5133/5133 5131/5131/5131
f 5134/5134/5134 5124/5124/5124 5125/5125/5125
f 5125/5125/5125 5135/5135/5135 5134/5134/5134
f 5136/5136/5136 5134/5134/5134 5135/5135/5135
f 5137/5137/5137 5138/5138/5138 5139/5139/5139
f 5140/5140/5140 5139/5139/5139 5138/5138/5138
f 5141/5141/5141 5142/5142/5142 5143/5143/5143
f 5143/5143/5143 5142/5142/5142 5144/5144/5144
f 5145/5145/5145 5146/5146/5146 5147/5147/5147
f 5146/5146/5146 5148/5148/5148 5147/5147/5147
f 5149/5149/5149 5150/5150/5150 5151/5151/5151
f 5152/5152/5152 5151/5151/5151 5150/5150/5150
f 5152/5152/5152 5150/5150/5150 5153/5153/5153
f 5154/5154/5154 5155/5155/5155 5156/5156/5156
f 5154/5154/5154 5156/5156/5156 5157/5157/5157
f 5157/5157/5157 5156/5156/5156 5158/5158/5158
f 5158/5158/5158 5156/5156/5156 5159/5159/5159
f 5160/5160/5160 5158/5158/5158 5159/5159/5159
f 5161/5161/5161 5160/5160/5160 5159/5159/5159
f 5162/5162/5162 5161/5161/5161 5159/5159/5159
f 5163/5163/5163 5164/5164/5164 5165/5165/5165
f 5163/5163/5163 5166/5166/5166 5164/5164/5164
f 5167/5167/5167 5164/5164/5164 5166/5166/5166
f 5167/5167/5167 5168/5168/5168 5164/5164/5164
f 5167/5167/5167 5169/5169/5169 5168/5168/5168
f 5169/5169/5169 5170/5170/5170 5168/5168/5168
f 5171/5171/5171 5170/5170/5170 5169/5169/5169
f 5171/5171/5171 5172/5172/5172 5170/5170/5170
f 5173/5173/5173 5172/5172/5172 5171/5171/5171
f 5174/5174/5174 5170/5170/5170 5172/5172/5172
f 5175/5175/5175 5176/5176/5176 5177/5177/5177
f 5175/5175/5175 5178/5178/5178 5176/5176/5176
f 5179/5179/5179 5178/5178/5178 5175/5175/5175
f 5178/5178/5178 5180/5180/5180 5176/5176/5176
f 5180/5180/5180 5181/5181/5181 5176/5176/5176
f 5178/5178/5178 5182/5182/5182 5180/5180/5180
f 5182/5182/5182 5183/5183/5183 5180/5180/5180
f 5179/5179/5179 5184/5184/5184 5178/5178/5178
f 5184/5184/5184 5185/5185/5185 5178/5178/5178
f 5186/5186/5186 5185/5185/5185 5184/5184/5184
f 5179/5179/5179 5187/5187/5187 5184/5184/5184
f 5187/5187/5187 5186/5186/5186 5184/5184/5184
f 5188/5188/5188 5187/5187/5187 5179/5179/5179
f 5189/5189/5189 5186/5186/5186 5187/5187/5187
f 5188/5188/5188 5190/5190/5190 5187/5187/5187
f 5187/5187/5187 5190/5190/5190 5189/5189/5189
f 5191/5191/5191 5190/5190/5190 5188/5188/5188
f 5192/5192/5192 5189/5189/5189 5190/5190/5190
f 5191/5191/5191 5192/5192/5192 5190/5190/5190
f 5193/5193/5193 5194/5194/5194 5195/5195/5195
f 5194/5194/5194 5196/5196/5196 5195/5195/5195
f 5197/5197/5197 5198/5198/5198 5199/5199/5199
f 5199/5199/5199 5198/5198/5198 5200/5200/5200
f 5198/5198/5198 5201/5201/5201 5200/5200/5200
f 5202/5202/5202 5203/5203/5203 5204/5204/5204
f 5203/5203/5203 5205/5205/5205 5204/5204/5204
f 5206/5206/5206 5207/5207/5207 5208/5208/5208
f 5208/5208/5208 5207/5207/5207 5209/5209/5209
f 5210/5210/5210 5211/5211/5211 5212/5212/5212
f 5212/5212/5212 5211/5211/5211 5213/5213/5213
f 5214/5214/5214 5212/5212/5212 5213/5213/5213
f 5214/5214/5214 5213/5213/5213 5215/5215/5215
f 5216/5216/5216 5217/5217/5217 5218/5218/5218
f 5219/5219/5219 5216/5216/5216 5218/5218/5218
f 5220/5220/5220 5216/5216/5216 5219/5219/5219
f 5221/5221/5221 5219/5219/5219 5218/5218/5218
f 5222/5222/5222 5223/5223/5223 5224/5224/5224
f 5222/5222/5222 5225/5225/5225 5223/5223/5223
f 5225/5225/5225 5226/5226/5226 5223/5223/5223
f 5226/5226/5226 5227/5227/5227 5223/5223/5223
f 5226/5226/5226 5228/5228/5228 5227/5227/5227
f 5225/5225/5225 5229/5229/5229 5226/5226/5226
f 5225/5225/5225 5230/5230/5230 5229/5229/5229
f 5230/5230/5230 5231/5231/5231 5229/5229/5229
f 5231/5231/5231 5232/5232/5232 5229/5229/5229
f 5230/5230/5230 5233/5233/5233 5231/5231/5231
f 5233/5233/5233 5234/5234/5234 5231/5231/5231
f 5231/5231/5231 5234/5234/5234 5235/5235/5235
f 5234/5234/5234 5233/5233/5233 5236/5236/5236
f 5236/5236/5236 5237/5237/5237 5234/5234/5234
f 5238/5238/5238 5236/5236/5236 5233/5233/5233
f 5238/5238/5238 5239/5239/5239 5236/5236/5236
f 5238/5238/5238 5240/5240/5240 5239/5239/5239
f 5238/5238/5238 5241/5241/5241 5240/5240/5240
f 5238/5238/5238 5242/5242/5242 5241/5241/5241
f 5240/5240/5240 5241/5241/5241 5243/5243/5243
f 5240/5240/5240 5243/5243/5243 5244/5244/5244
f 5240/5240/5240 5244/5244/5244 5239/5239/5239
f 5244/5244/5244 5245/5245/5245 5239/5239/5239
f 5239/5239/5239 5245/5245/5245 5246/5246/5246
f 5247/5247/5247 5248/5248/5248 5249/5249/5249
f 5247/5247/5247 5250/5250/5250 5248/5248/5248
f 5251/5251/5251 5252/5252/5252 5253/5253/5253
f 5253/5253/5253 5252/5252/5252 5254/5254/5254
f 5255/5255/5255 5256/5256/5256 5257/5257/5257
f 5258/5258/5258 5256/5256/5256 5255/5255/5255
f 5258/5258/5258 5259/5259/5259 5256/5256/5256
f 5260/5260/5260 5261/5261/5261 5262/5262/5262
f 5261/5261/5261 5263/5263/5263 5262/5262/5262
f 5262/5262/5262 5263/5263/5263 5264/5264/5264
f 5263/5263/5263 5265/5265/5265 5264/5264/5264
f 5266/5266/5266 5265/5265/5265 5263/5263/5263
f 5267/5267/5267 5266/5266/5266 5263/5263/5263
f 5262/5262/5262 5264/5264/5264 5268/5268/5268
f 5264/5264/5264 5269/5269/5269 5268/5268/5268
f 5270/5270/5270 5262/5262/5262 5268/5268/5268
f 5271/5271/5271 5262/5262/5262 5270/5270/5270
f 5271/5271/5271 5270/5270/5270 5272/5272/5272
f 5272/5272/5272 5270/5270/5270 5273/5273/5273
f 5274/5274/5274 5275/5275/5275 5276/5276/5276
f 5275/5275/5275 5277/5277/5277 5276/5276/5276
f 5278/5278/5278 5277/5277/5277 5275/5275/5275
f 5278/5278/5278 5279/5279/5279 5277/5277/5277
f 5276/5276/5276 5277/5277/5277 5280/5280/5280
f 5276/5276/5276 5280/5280/5280 5281/5281/5281
f 5277/5277/5277 5282/5282/5282 5280/5280/5280
f 5283/5283/5283 5282/5282/5282 5277/5277/5277
f 5284/5284/5284 5283/5283/5283 5277/5277/5277
f 5285/5285/5285 5282/5282/5282 5283/5283/5283
f 5285/5285/5285 5286/5286/5286 5282/5282/5282
f 5282/5282/5282 5286/5286/5286 5287/5287/5287
f 5288/5288/5288 5289/5289/5289 5290/5290/5290
f 5289/5289/5289 5291/5291/5291 5290/5290/5290
f 5292/5292/5292 5291/5291/5291 5289/5289/5289
f 5293/5293/5293 5294/5294/5294 5295/5295/5295
f 5293/5293/5293 5296/5296/5296 5294/5294/5294
f 5293/5293/5293 5297/5297/5297 5296/5296/5296
f 5298/5298/5298 5299/5299/5299 5300/5300/5300
f 5298/5298/5298 5301/5301/5301 5299/5299/5299
f 5301/5301/5301 5302/5302/5302 5299/5299/5299
